Country Name,Country Code,Series Name,Series Code,2020 [YR2020],2021 [YR2021],2022 [YR2022],2023 [YR2023],2024 [YR2024]
Afghanistan,AFG,Government Effectiveness - Governance estimate (approx. -2.5 to +2.5),GOV_WGI_GE.EST,-1.7167282,-1.7059035,-1.9646115,-2.0924592,-1.9339966
Afghanistan,AFG,Rule of Law - Governance estimate (approx. -2.5 to +2.5),GOV_WGI_RL.EST,-1.65566449999999,-1.7202682,-1.8586889,-1.89680499999999,-1.93548869999999
Afghanistan,AFG,Political Stability - Governance estimate (approx. -2.5 to +2.5),GOV_WGI_PV.EST,-2.5896897,-2.4506389,-2.4492487,-2.3922828,-2.2052112
Albania,ALB,Government Effectiveness - Governance estimate (approx. -2.5 to +2.5),GOV_WGI_GE.EST,0.0187103,0.1116368,0.1929668,0.293429,0.3123437
Albania,ALB,Rule of Law - Governance estimate (approx. -2.5 to +2.5),GOV_WGI_RL.EST,-0.256738199999999,-0.2015586,-0.1309656,-0.153011099999999,-0.1185025
Albania,ALB,Political Stability - Governance estimate (approx. -2.5 to +2.5),GOV_WGI_PV.EST,-0.0049854,0.0239536,0.0115425,0.0246567,0.0204668
Algeria,DZA,Government Effectiveness - Governance estimate (approx. -2.5 to +2.5),GOV_WGI_GE.EST,-0.2693237,-0.4641151,-0.2671351,-0.355560999999999,-0.2511914
Algeria,DZA,Rule of Law - Governance estimate (approx. -2.5 to +2.5),GOV_WGI_RL.EST,-0.7746944,-0.7553319,-0.798385,-0.7329544,-0.6967772
Algeria,DZA,Political Stability - Governance estimate (approx. -2.5 to +2.5),GOV_WGI_PV.EST,-0.883733299999999,-0.9009933,-0.8074555,-0.7317401,-0.6935882
American Samoa,ASM,Government Effectiveness - Governance estimate (approx. -2.5 to +2.5),GOV_WGI_GE.EST,0.7650002,0.7679093,0.7674713,0.7690129,0.767382
American Samoa,ASM,Rule of Law - Governance estimate (approx. -2.5 to +2.5),GOV_WGI_RL.EST,1.2020006,1.1954792,1.1914695,1.1903787,1.0865813
American Samoa,ASM,Political Stability - Governance estimate (approx. -2.5 to +2.5),GOV_WGI_PV.EST,1.2465402,1.2442687,1.2481785,1.2488142,1.2530285
Andorra,AND,Government Effectiveness - Governance estimate (approx. -2.5 to +2.5),GOV_WGI_GE.EST,1.7976151,1.8005243,1.1591046,1.1602754,1.1590368
Andorra,AND,Rule of Law - Governance estimate (approx. -2.5 to +2.5),GOV_WGI_RL.EST,1.6193172,1.61332,1.4108315,1.4100336,1.4099048
Andorra,AND,Political Stability - Governance estimate (approx. -2.5 to +2.5),GOV_WGI_PV.EST,1.5484064,1.5465903,1.5497163,1.5502246,1.5437957
Angola,AGO,Government Effectiveness - Governance estimate (approx. -2.5 to +2.5),GOV_WGI_GE.EST,-1.0163604,-0.9347008,-0.8325718,-0.8287026,-0.785190899999999
Angola,AGO,Rule of Law - Governance estimate (approx. -2.5 to +2.5),GOV_WGI_RL.EST,-0.9475038,-1.0980135,-1.1625439,-1.1944432,-1.1697408
Angola,AGO,Political Stability - Governance estimate (approx. -2.5 to +2.5),GOV_WGI_PV.EST,-0.6427634,-0.7936068,-0.5414068,-0.3131654,-0.5735964
Anguilla,AIA,Government Effectiveness - Governance estimate (approx. -2.5 to +2.5),GOV_WGI_GE.EST,0.7650002,0.7679093,1.1116761,1.1132177,1.1115868
Anguilla,AIA,Rule of Law - Governance estimate (approx. -2.5 to +2.5),GOV_WGI_RL.EST,0.4217835,0.4132015,0.4079249,0.6332641,0.6330323
Anguilla,AIA,Political Stability - Governance estimate (approx. -2.5 to +2.5),GOV_WGI_PV.EST,1.3857911,1.3836197,1.3873573,1.387965,1.3802784
Antigua and Barbuda,ATG,Government Effectiveness - Governance estimate (approx. -2.5 to +2.5),GOV_WGI_GE.EST,-0.6118196,-0.6089105,-0.0927924,0.4312085,0.4299698
Antigua and Barbuda,ATG,Rule of Law - Governance estimate (approx. -2.5 to +2.5),GOV_WGI_RL.EST,0.5899858,0.5666971,0.6200291,0.6185054,0.6017732
Antigua and Barbuda,ATG,Political Stability - Governance estimate (approx. -2.5 to +2.5),GOV_WGI_PV.EST,0.9164728,0.9147636,1.0787211,1.0791994,1.0731489
Argentina,ARG,Government Effectiveness - Governance estimate (approx. -2.5 to +2.5),GOV_WGI_GE.EST,0.148927,0.1125651,0.1085858,0.0614731,0.1837479
Argentina,ARG,Rule of Law - Governance estimate (approx. -2.5 to +2.5),GOV_WGI_RL.EST,-0.290549699999999,-0.303899,-0.2913485,-0.237773799999999,-0.2513801
Argentina,ARG,Political Stability - Governance estimate (approx. -2.5 to +2.5),GOV_WGI_PV.EST,0.0552501,0.0921998,0.0576438,-0.0207671,-0.169745999999999
Armenia,ARM,Government Effectiveness - Governance estimate (approx. -2.5 to +2.5),GOV_WGI_GE.EST,-0.3375702,-0.3553578,-0.3306901,-0.163441,-0.3640294
Armenia,ARM,Rule of Law - Governance estimate (approx. -2.5 to +2.5),GOV_WGI_RL.EST,-0.0751786,-0.1028405,-0.2386468,-0.2107914,-0.1423943
Armenia,ARM,Political Stability - Governance estimate (approx. -2.5 to +2.5),GOV_WGI_PV.EST,-0.2935835,-0.5019,-0.3556235,-0.5022441,-0.723297299999999
Aruba,ABW,Government Effectiveness - Governance estimate (approx. -2.5 to +2.5),GOV_WGI_GE.EST,0.9047216,0.9064944,1.0084741,0.6576186,0.6567856
Aruba,ABW,Rule of Law - Governance estimate (approx. -2.5 to +2.5),GOV_WGI_RL.EST,1.2938144,1.2183341,1.2205245,1.2201246,1.22006
Aruba,ABW,Political Stability - Governance estimate (approx. -2.5 to +2.5),GOV_WGI_PV.EST,1.3345061,1.3328137,1.3357267,1.3362003,1.3302095
Australia,AUS,Government Effectiveness - Governance estimate (approx. -2.5 to +2.5),GOV_WGI_GE.EST,1.6054566,1.7024874,1.7675146,1.7818134,1.8090452
Australia,AUS,Rule of Law - Governance estimate (approx. -2.5 to +2.5),GOV_WGI_RL.EST,1.5521387,1.5701838,1.471946,1.5031839,1.4704014
Australia,AUS,Political Stability - Governance estimate (approx. -2.5 to +2.5),GOV_WGI_PV.EST,0.8859397,0.8536507,0.9015353,0.9254365,0.7932693
Austria,AUT,Government Effectiveness - Governance estimate (approx. -2.5 to +2.5),GOV_WGI_GE.EST,1.9079985,1.8163061,1.7373291,1.5790569,1.5145106
Austria,AUT,Rule of Law - Governance estimate (approx. -2.5 to +2.5),GOV_WGI_RL.EST,1.7481079,1.7167011,1.6419642,1.6577235,1.6777399
Austria,AUT,Political Stability - Governance estimate (approx. -2.5 to +2.5),GOV_WGI_PV.EST,0.8186312,0.7543747,0.6005165,0.7016405,0.4915979
Azerbaijan,AZE,Government Effectiveness - Governance estimate (approx. -2.5 to +2.5),GOV_WGI_GE.EST,-0.0570332999999999,-0.0569922999999999,-0.0543532,0.0656316,0.1661183
Azerbaijan,AZE,Rule of Law - Governance estimate (approx. -2.5 to +2.5),GOV_WGI_RL.EST,-0.6182094,-0.608585199999999,-0.5484749,-0.5160585,-0.4853711
Azerbaijan,AZE,Political Stability - Governance estimate (approx. -2.5 to +2.5),GOV_WGI_PV.EST,-0.5087721,-0.4888287,-0.542048099999999,-0.4004143,-0.1404058
"Bahamas, The",BHS,Government Effectiveness - Governance estimate (approx. -2.5 to +2.5),GOV_WGI_GE.EST,0.5873396,0.5886789,0.7093344,0.7099538,0.7092986
"Bahamas, The",BHS,Rule of Law - Governance estimate (approx. -2.5 to +2.5),GOV_WGI_RL.EST,0.3141962,0.3484926,0.272063,0.2764352,0.2509955
"Bahamas, The",BHS,Political Stability - Governance estimate (approx. -2.5 to +2.5),GOV_WGI_PV.EST,0.7133519,0.7434332,0.8592816,1.0539708,1.0493095
Bahrain,BHR,Government Effectiveness - Governance estimate (approx. -2.5 to +2.5),GOV_WGI_GE.EST,0.4205912,0.7183116,0.7297568,0.7325207,0.6002525
Bahrain,BHR,Rule of Law - Governance estimate (approx. -2.5 to +2.5),GOV_WGI_RL.EST,-0.110376599999999,0.0190676,0.0328686,0.1259217,0.1679373
Bahrain,BHR,Political Stability - Governance estimate (approx. -2.5 to +2.5),GOV_WGI_PV.EST,-0.5964745,-0.5041164,-0.482549599999999,-0.5007436,-0.2758672
Bangladesh,BGD,Government Effectiveness - Governance estimate (approx. -2.5 to +2.5),GOV_WGI_GE.EST,-0.7213698,-0.563899399999999,-0.62345,-0.5574534,-0.618974599999999
Bangladesh,BGD,Rule of Law - Governance estimate (approx. -2.5 to +2.5),GOV_WGI_RL.EST,-0.8969166,-0.974914899999999,-0.973641299999999,-0.9020256,-0.9600594
Bangladesh,BGD,Political Stability - Governance estimate (approx. -2.5 to +2.5),GOV_WGI_PV.EST,-1.01518479999999,-1.0535518,-1.0954422,-1.0359445,-1.46295089999999
Barbados,BRB,Government Effectiveness - Governance estimate (approx. -2.5 to +2.5),GOV_WGI_GE.EST,0.6105647,0.6625554,0.7073038,0.6052291,0.60457
Barbados,BRB,Rule of Law - Governance estimate (approx. -2.5 to +2.5),GOV_WGI_RL.EST,0.7048546,0.7010659,0.7169373,0.7343145,0.7277751
Barbados,BRB,Political Stability - Governance estimate (approx. -2.5 to +2.5),GOV_WGI_PV.EST,1.0680614,1.0845669,1.2066625,1.2767666,1.2722219
Belarus,BLR,Government Effectiveness - Governance estimate (approx. -2.5 to +2.5),GOV_WGI_GE.EST,-0.6167824,-0.6825409,-0.5969261,-0.596406099999999,-0.7015463
Belarus,BLR,Rule of Law - Governance estimate (approx. -2.5 to +2.5),GOV_WGI_RL.EST,-0.8602112,-1.0672559,-1.1591441,-1.2155307,-1.2305997
Belarus,BLR,Political Stability - Governance estimate (approx. -2.5 to +2.5),GOV_WGI_PV.EST,-0.818298499999999,-0.616372399999999,-0.6168791,-0.392606499999999,-0.3773003
Belgium,BEL,Government Effectiveness - Governance estimate (approx. -2.5 to +2.5),GOV_WGI_GE.EST,1.1695968,1.2282716,1.3103839,1.1646047,1.1947395
Belgium,BEL,Rule of Law - Governance estimate (approx. -2.5 to +2.5),GOV_WGI_RL.EST,1.4533249,1.4052126,1.3398087,1.2719977,1.282799
Belgium,BEL,Political Stability - Governance estimate (approx. -2.5 to +2.5),GOV_WGI_PV.EST,0.3686413,0.461917,0.2465264,0.1994126,0.1214526
Belize,BLZ,Government Effectiveness - Governance estimate (approx. -2.5 to +2.5),GOV_WGI_GE.EST,-0.3797712,-0.378268799999999,-0.141304899999999,-0.0642292,-0.129095
Belize,BLZ,Rule of Law - Governance estimate (approx. -2.5 to +2.5),GOV_WGI_RL.EST,-0.5207908,-0.527655099999999,-0.4371369,-0.4007135,-0.39715
Belize,BLZ,Political Stability - Governance estimate (approx. -2.5 to +2.5),GOV_WGI_PV.EST,0.6026689,0.3568757,0.7353533,0.78967,0.7847219
Benin,BEN,Government Effectiveness - Governance estimate (approx. -2.5 to +2.5),GOV_WGI_GE.EST,-0.1887935,-0.2018892,-0.214913499999999,-0.216367999999999,-0.1854211
Benin,BEN,Rule of Law - Governance estimate (approx. -2.5 to +2.5),GOV_WGI_RL.EST,-0.393457699999999,-0.3852134,-0.468466,-0.390917399999999,-0.4124793
Benin,BEN,Political Stability - Governance estimate (approx. -2.5 to +2.5),GOV_WGI_PV.EST,-0.283192699999999,-0.4106645,-0.4373008,-0.3096247,-0.4030099
Bermuda,BMU,Government Effectiveness - Governance estimate (approx. -2.5 to +2.5),GOV_WGI_GE.EST,1.4534103,1.4563194,1.214283,1.4768692,1.4756305
Bermuda,BMU,Rule of Law - Governance estimate (approx. -2.5 to +2.5),GOV_WGI_RL.EST,0.6485582,0.6399761,0.8013243,0.8002751,0.8001056
Bermuda,BMU,Political Stability - Governance estimate (approx. -2.5 to +2.5),GOV_WGI_PV.EST,0.9766825,0.974511,0.9782486,0.9788563,0.9711697
Bhutan,BTN,Government Effectiveness - Governance estimate (approx. -2.5 to +2.5),GOV_WGI_GE.EST,0.4837444,0.5963822,0.5347986,0.5353028,0.5808357
Bhutan,BTN,Rule of Law - Governance estimate (approx. -2.5 to +2.5),GOV_WGI_RL.EST,0.6470186,0.6782878,0.6837835,0.7200012,0.7902665
Bhutan,BTN,Political Stability - Governance estimate (approx. -2.5 to +2.5),GOV_WGI_PV.EST,1.1154419,0.9391838,1.3224382,1.3322654,1.3541153
Bolivia,BOL,Government Effectiveness - Governance estimate (approx. -2.5 to +2.5),GOV_WGI_GE.EST,-0.4718419,-0.4784584,-0.4335715,-0.4093864,-0.6104172
Bolivia,BOL,Rule of Law - Governance estimate (approx. -2.5 to +2.5),GOV_WGI_RL.EST,-1.2021414,-1.1101906,-1.1775683,-1.2028195,-1.267722
Bolivia,BOL,Political Stability - Governance estimate (approx. -2.5 to +2.5),GOV_WGI_PV.EST,-0.3855901,-0.2859636,-0.170608899999999,-0.289823899999999,-0.5460357
Bosnia and Herzegovina,BIH,Government Effectiveness - Governance estimate (approx. -2.5 to +2.5),GOV_WGI_GE.EST,-0.7051218,-0.8403621,-0.7459726,-0.6453703,-0.6353163
Bosnia and Herzegovina,BIH,Rule of Law - Governance estimate (approx. -2.5 to +2.5),GOV_WGI_RL.EST,-0.3025925,-0.3074514,-0.289740999999999,-0.3548804,-0.319134
Bosnia and Herzegovina,BIH,Political Stability - Governance estimate (approx. -2.5 to +2.5),GOV_WGI_PV.EST,-0.2690285,-0.310701599999999,-0.248056399999999,-0.1999229,-0.5010614
Botswana,BWA,Government Effectiveness - Governance estimate (approx. -2.5 to +2.5),GOV_WGI_GE.EST,0.310377,0.4025631,0.4593723,0.5409963,0.4168893
Botswana,BWA,Rule of Law - Governance estimate (approx. -2.5 to +2.5),GOV_WGI_RL.EST,0.33481,0.3719933,0.3434669,0.3322692,0.3120842
Botswana,BWA,Political Stability - Governance estimate (approx. -2.5 to +2.5),GOV_WGI_PV.EST,1.0835182,1.0572186,1.0798421,1.0127245,1.0322942
Brazil,BRA,Government Effectiveness - Governance estimate (approx. -2.5 to +2.5),GOV_WGI_GE.EST,-0.0873994999999999,-0.0686133999999999,-0.2352194,-0.2666224,-0.224002999999999
Brazil,BRA,Rule of Law - Governance estimate (approx. -2.5 to +2.5),GOV_WGI_RL.EST,-0.392171899999999,-0.4091435,-0.4398335,-0.483012599999999,-0.446218
Brazil,BRA,Political Stability - Governance estimate (approx. -2.5 to +2.5),GOV_WGI_PV.EST,-0.427421599999999,-0.3922756,-0.415796899999999,-0.521574099999999,-0.5205702
Brunei Darussalam,BRN,Government Effectiveness - Governance estimate (approx. -2.5 to +2.5),GOV_WGI_GE.EST,1.0752528,1.0763513,0.9849534,0.9854734,0.8351988
Brunei Darussalam,BRN,Rule of Law - Governance estimate (approx. -2.5 to +2.5),GOV_WGI_RL.EST,0.5634206,0.5616354,0.6385844,0.638307,0.5876078
Brunei Darussalam,BRN,Political Stability - Governance estimate (approx. -2.5 to +2.5),GOV_WGI_PV.EST,1.1645233,1.1632013,1.175984,1.3348873,1.2027245
Bulgaria,BGR,Government Effectiveness - Governance estimate (approx. -2.5 to +2.5),GOV_WGI_GE.EST,-0.0577385999999999,-0.0148069999999999,-0.0737381,0.1061571,0.0428203
Bulgaria,BGR,Rule of Law - Governance estimate (approx. -2.5 to +2.5),GOV_WGI_RL.EST,-0.1505346,-0.0377457,-0.0998029,-0.0265936,-0.0333423
Bulgaria,BGR,Political Stability - Governance estimate (approx. -2.5 to +2.5),GOV_WGI_PV.EST,0.4210468,0.4063981,0.3269733,0.3144686,0.0399268
Burkina Faso,BFA,Government Effectiveness - Governance estimate (approx. -2.5 to +2.5),GOV_WGI_GE.EST,-0.6308904,-0.746447899999999,-0.871408499999999,-0.864281,-0.8748674
Burkina Faso,BFA,Rule of Law - Governance estimate (approx. -2.5 to +2.5),GOV_WGI_RL.EST,-0.418916099999999,-0.401084599999999,-0.6266501,-0.7145087,-0.883858599999999
Burkina Faso,BFA,Political Stability - Governance estimate (approx. -2.5 to +2.5),GOV_WGI_PV.EST,-1.4159765,-1.5801637,-1.82102069999999,-2.0423169,-1.9063314
Burundi,BDI,Government Effectiveness - Governance estimate (approx. -2.5 to +2.5),GOV_WGI_GE.EST,-1.0934389,-1.1242343,-1.1809945,-1.108269,-1.0060869
Burundi,BDI,Rule of Law - Governance estimate (approx. -2.5 to +2.5),GOV_WGI_RL.EST,-1.32121199999999,-1.3122824,-1.32171369999999,-1.30785589999999,-1.3028277
Burundi,BDI,Political Stability - Governance estimate (approx. -2.5 to +2.5),GOV_WGI_PV.EST,-1.49526809999999,-1.37835589999999,-1.28089529999999,-1.2840156,-1.3763566
Cabo Verde,CPV,Government Effectiveness - Governance estimate (approx. -2.5 to +2.5),GOV_WGI_GE.EST,0.3949941,0.2774591,0.3600121,0.361672,0.4151952
Cabo Verde,CPV,Rule of Law - Governance estimate (approx. -2.5 to +2.5),GOV_WGI_RL.EST,0.6687901,0.4863826,0.4774863,0.422484,0.424201
Cabo Verde,CPV,Political Stability - Governance estimate (approx. -2.5 to +2.5),GOV_WGI_PV.EST,0.839032,0.8339009,0.8359641,0.8691911,0.7695825
Cambodia,KHM,Government Effectiveness - Governance estimate (approx. -2.5 to +2.5),GOV_WGI_GE.EST,-0.5904535,-0.643403,-0.4625515,-0.4160661,-0.293501299999999
Cambodia,KHM,Rule of Law - Governance estimate (approx. -2.5 to +2.5),GOV_WGI_RL.EST,-1.1462953,-1.14770479999999,-1.1151898,-1.099508,-1.0562612
Cambodia,KHM,Political Stability - Governance estimate (approx. -2.5 to +2.5),GOV_WGI_PV.EST,-0.2401873,-0.1486895,-0.0739156,0.1346422,0.1284232
Cameroon,CMR,Government Effectiveness - Governance estimate (approx. -2.5 to +2.5),GOV_WGI_GE.EST,-0.8271415,-0.787710799999999,-0.7843452,-0.778701699999999,-0.800788699999999
Cameroon,CMR,Rule of Law - Governance estimate (approx. -2.5 to +2.5),GOV_WGI_RL.EST,-1.2272568,-1.2194535,-1.2120562,-1.2400721,-1.2537215
Cameroon,CMR,Political Stability - Governance estimate (approx. -2.5 to +2.5),GOV_WGI_PV.EST,-1.6215792,-1.57868299999999,-1.6950827,-1.6104201,-1.55680399999999
Canada,CAN,Government Effectiveness - Governance estimate (approx. -2.5 to +2.5),GOV_WGI_GE.EST,1.6877631,1.682819,1.8072447,1.7452669,1.7591249
Canada,CAN,Rule of Law - Governance estimate (approx. -2.5 to +2.5),GOV_WGI_RL.EST,1.5585901,1.5493331,1.5052581,1.4361681,1.4608299
Canada,CAN,Political Stability - Governance estimate (approx. -2.5 to +2.5),GOV_WGI_PV.EST,0.9455077,0.7604154,0.5074459,0.6267803,0.5984769
Cayman Islands,CYM,Government Effectiveness - Governance estimate (approx. -2.5 to +2.5),GOV_WGI_GE.EST,0.9047216,1.1162482,1.1842957,1.1850832,1.1842501
Cayman Islands,CYM,Rule of Law - Governance estimate (approx. -2.5 to +2.5),GOV_WGI_RL.EST,0.7841015,0.8542534,0.8305979,0.8301979,0.8301334
Cayman Islands,CYM,Political Stability - Governance estimate (approx. -2.5 to +2.5),GOV_WGI_PV.EST,1.2749256,1.4633939,1.4663069,1.4667806,1.4607897
Central African Republic,CAF,Government Effectiveness - Governance estimate (approx. -2.5 to +2.5),GOV_WGI_GE.EST,-1.61231869999999,-1.5775561,-1.59031909999999,-1.5707645,-1.57655
Central African Republic,CAF,Rule of Law - Governance estimate (approx. -2.5 to +2.5),GOV_WGI_RL.EST,-1.5623816,-1.5476834,-1.66733549999999,-1.7248503,-1.7147975
Central African Republic,CAF,Political Stability - Governance estimate (approx. -2.5 to +2.5),GOV_WGI_PV.EST,-2.3306101,-2.1689304,-1.9022515,-1.87417179999999,-1.83294689999999
Chad,TCD,Government Effectiveness - Governance estimate (approx. -2.5 to +2.5),GOV_WGI_GE.EST,-1.2291822,-1.24045919999999,-1.1754288,-1.2154601,-1.1005006
Chad,TCD,Rule of Law - Governance estimate (approx. -2.5 to +2.5),GOV_WGI_RL.EST,-1.33343259999999,-1.34307209999999,-1.38191249999999,-1.454847,-1.4446512
Chad,TCD,Political Stability - Governance estimate (approx. -2.5 to +2.5),GOV_WGI_PV.EST,-1.4524146,-1.689273,-1.6491593,-1.6839155,-1.77893219999999
Chile,CHL,Government Effectiveness - Governance estimate (approx. -2.5 to +2.5),GOV_WGI_GE.EST,0.8727629,0.8697585,0.8753581,0.9969509,0.964461
Chile,CHL,Rule of Law - Governance estimate (approx. -2.5 to +2.5),GOV_WGI_RL.EST,0.7392409,0.7564837,0.7437613,0.6647803,0.6910553
Chile,CHL,Political Stability - Governance estimate (approx. -2.5 to +2.5),GOV_WGI_PV.EST,0.1362588,0.146317,-0.004406,0.0876667,0.1213566
China,CHN,Government Effectiveness - Governance estimate (approx. -2.5 to +2.5),GOV_WGI_GE.EST,0.5674972,0.6669456,0.5292387,0.7776287,0.8957842
China,CHN,Rule of Law - Governance estimate (approx. -2.5 to +2.5),GOV_WGI_RL.EST,-0.5093696,-0.5386195,-0.563864399999999,-0.552260699999999,-0.579319799999999
China,CHN,Political Stability - Governance estimate (approx. -2.5 to +2.5),GOV_WGI_PV.EST,-0.302661299999999,-0.259168,-0.249058199999999,-0.174451499999999,-0.153336399999999
Colombia,COL,Government Effectiveness - Governance estimate (approx. -2.5 to +2.5),GOV_WGI_GE.EST,-0.082969,-0.0318011,0.0015825,-0.0421246,-0.111099099999999
Colombia,COL,Rule of Law - Governance estimate (approx. -2.5 to +2.5),GOV_WGI_RL.EST,-0.482495599999999,-0.506983,-0.5296476,-0.5648803,-0.5597434
Colombia,COL,Political Stability - Governance estimate (approx. -2.5 to +2.5),GOV_WGI_PV.EST,-0.6819314,-1.0147831,-0.809182,-0.7993485,-0.9708732
Comoros,COM,Government Effectiveness - Governance estimate (approx. -2.5 to +2.5),GOV_WGI_GE.EST,-1.37485899999999,-1.55203659999999,-1.3767923,-1.2489279,-1.2085975
Comoros,COM,Rule of Law - Governance estimate (approx. -2.5 to +2.5),GOV_WGI_RL.EST,-1.0663536,-1.1021442,-1.17970929999999,-1.134272,-1.1308597
Comoros,COM,Political Stability - Governance estimate (approx. -2.5 to +2.5),GOV_WGI_PV.EST,-0.4562829,-0.3981267,-0.374766,-0.3743498,-0.221274299999999
"Congo, Dem. Rep.",COD,Government Effectiveness - Governance estimate (approx. -2.5 to +2.5),GOV_WGI_GE.EST,-1.6808836,-1.70495509999999,-1.73411619999999,-1.65795039999999,-1.6934449
"Congo, Dem. Rep.",COD,Rule of Law - Governance estimate (approx. -2.5 to +2.5),GOV_WGI_RL.EST,-1.6143214,-1.53122649999999,-1.5809744,-1.60554359999999,-1.6266053
"Congo, Dem. Rep.",COD,Political Stability - Governance estimate (approx. -2.5 to +2.5),GOV_WGI_PV.EST,-1.80629289999999,-1.6314631,-1.8455557,-1.9812287,-2.1191762
"Congo, Rep.",COG,Government Effectiveness - Governance estimate (approx. -2.5 to +2.5),GOV_WGI_GE.EST,-1.1735413,-1.1895932,-1.1313765,-1.1669408,-1.110638
"Congo, Rep.",COG,Rule of Law - Governance estimate (approx. -2.5 to +2.5),GOV_WGI_RL.EST,-1.2489371,-1.23331679999999,-1.2067389,-1.18292059999999,-1.1785603
"Congo, Rep.",COG,Political Stability - Governance estimate (approx. -2.5 to +2.5),GOV_WGI_PV.EST,-0.5758284,-0.517419899999999,-0.1445911,-0.199460399999999,-0.2584147
Cook Islands,COK,Government Effectiveness - Governance estimate (approx. -2.5 to +2.5),GOV_WGI_GE.EST,..,..,0.0321933,0.0389791,0.5262603
Cook Islands,COK,Rule of Law - Governance estimate (approx. -2.5 to +2.5),GOV_WGI_RL.EST,1.1914175,1.2138301,0.8009975,0.7985852,0.9340503
Cook Islands,COK,Political Stability - Governance estimate (approx. -2.5 to +2.5),GOV_WGI_PV.EST,1.1883308,1.2207442,1.194571,1.1960811,1.1769798
Costa Rica,CRI,Government Effectiveness - Governance estimate (approx. -2.5 to +2.5),GOV_WGI_GE.EST,0.2258033,0.2714874,0.1212348,0.3340948,0.2868975
Costa Rica,CRI,Rule of Law - Governance estimate (approx. -2.5 to +2.5),GOV_WGI_RL.EST,0.6316985,0.6104539,0.6675589,0.6431263,0.6167412
Costa Rica,CRI,Political Stability - Governance estimate (approx. -2.5 to +2.5),GOV_WGI_PV.EST,0.9250217,1.0171458,1.1460641,1.1842629,1.1756544
Cote d'Ivoire,CIV,Government Effectiveness - Governance estimate (approx. -2.5 to +2.5),GOV_WGI_GE.EST,-0.4875808,-0.5005974,-0.354842,-0.3185096,-0.3157177
Cote d'Ivoire,CIV,Rule of Law - Governance estimate (approx. -2.5 to +2.5),GOV_WGI_RL.EST,-0.618331,-0.6527655,-0.6021757,-0.6022948,-0.578144099999999
Cote d'Ivoire,CIV,Political Stability - Governance estimate (approx. -2.5 to +2.5),GOV_WGI_PV.EST,-1.16712789999999,-0.895587799999999,-0.716317499999999,-0.7874489,-0.8438331
Croatia,HRV,Government Effectiveness - Governance estimate (approx. -2.5 to +2.5),GOV_WGI_GE.EST,0.5056587,0.7557995,0.7162336,0.7487411,0.7097625
Croatia,HRV,Rule of Law - Governance estimate (approx. -2.5 to +2.5),GOV_WGI_RL.EST,0.3486941,0.4127964,0.4345096,0.4257869,0.3774835
Croatia,HRV,Political Stability - Governance estimate (approx. -2.5 to +2.5),GOV_WGI_PV.EST,0.6477441,0.6364386,0.7321186,0.6832484,0.5814089
Cuba,CUB,Government Effectiveness - Governance estimate (approx. -2.5 to +2.5),GOV_WGI_GE.EST,-0.1099187,-0.0976359,0.0198019,-0.00189249999999999,-0.2695183
Cuba,CUB,Rule of Law - Governance estimate (approx. -2.5 to +2.5),GOV_WGI_RL.EST,-0.5749692,-0.6486658,-0.4977926,-0.5659906,-0.6235716
Cuba,CUB,Political Stability - Governance estimate (approx. -2.5 to +2.5),GOV_WGI_PV.EST,0.6687382,0.4994388,0.4974928,0.4305507,0.3155266
Cyprus,CYP,Government Effectiveness - Governance estimate (approx. -2.5 to +2.5),GOV_WGI_GE.EST,1.0026015,0.86,0.9509266,0.9314768,0.8696373
Cyprus,CYP,Rule of Law - Governance estimate (approx. -2.5 to +2.5),GOV_WGI_RL.EST,0.7472668,0.7712279,0.7642266,0.7591158,0.6891912
Cyprus,CYP,Political Stability - Governance estimate (approx. -2.5 to +2.5),GOV_WGI_PV.EST,0.4538116,0.4791734,0.3811357,0.3935929,0.3858613
Czechia,CZE,Government Effectiveness - Governance estimate (approx. -2.5 to +2.5),GOV_WGI_GE.EST,1.0855924,1.1010113,1.1951482,1.2354239,1.1773279
Czechia,CZE,Rule of Law - Governance estimate (approx. -2.5 to +2.5),GOV_WGI_RL.EST,1.1245932,1.1669833,1.1392733,1.1605869,1.1881307
Czechia,CZE,Political Stability - Governance estimate (approx. -2.5 to +2.5),GOV_WGI_PV.EST,0.9082209,0.9968819,0.9957469,1.0704669,0.9719006
Denmark,DNK,Government Effectiveness - Governance estimate (approx. -2.5 to +2.5),GOV_WGI_GE.EST,1.9999488,2.1905145,2.0983389,1.9559634,1.9128986
Denmark,DNK,Rule of Law - Governance estimate (approx. -2.5 to +2.5),GOV_WGI_RL.EST,1.9748465,2.0133921,2.0023268,2.0143499,2.0043149
Denmark,DNK,Political Stability - Governance estimate (approx. -2.5 to +2.5),GOV_WGI_PV.EST,0.8682976,0.8409469,0.8416401,0.9005936,0.7688761
Djibouti,DJI,Government Effectiveness - Governance estimate (approx. -2.5 to +2.5),GOV_WGI_GE.EST,-0.675007399999999,-0.647701299999999,-0.5581809,-0.536184,-0.4930443
Djibouti,DJI,Rule of Law - Governance estimate (approx. -2.5 to +2.5),GOV_WGI_RL.EST,-1.0447412,-1.0311038,-1.0215603,-1.03950379999999,-1.01039869999999
Djibouti,DJI,Political Stability - Governance estimate (approx. -2.5 to +2.5),GOV_WGI_PV.EST,-0.4591955,-0.5273642,-0.4774121,-0.4640183,-0.5563593
Dominica,DMA,Government Effectiveness - Governance estimate (approx. -2.5 to +2.5),GOV_WGI_GE.EST,-0.3864624,-0.384329,-0.0222235,0.3883874,0.1490422
Dominica,DMA,Rule of Law - Governance estimate (approx. -2.5 to +2.5),GOV_WGI_RL.EST,0.5984586,0.5368851,0.5641308,0.5395543,0.3974621
Dominica,DMA,Political Stability - Governance estimate (approx. -2.5 to +2.5),GOV_WGI_PV.EST,1.2385037,1.2367945,1.2397365,1.2402149,1.2341643
Dominican Republic,DOM,Government Effectiveness - Governance estimate (approx. -2.5 to +2.5),GOV_WGI_GE.EST,-0.3603632,-0.1501487,-0.121071299999999,0.045792,0.0746487
Dominican Republic,DOM,Rule of Law - Governance estimate (approx. -2.5 to +2.5),GOV_WGI_RL.EST,-0.3813297,-0.3243436,-0.2774196,-0.241159899999999,-0.1822626
Dominican Republic,DOM,Political Stability - Governance estimate (approx. -2.5 to +2.5),GOV_WGI_PV.EST,0.2361204,0.3502987,0.4914554,0.4655668,0.5893402
Ecuador,ECU,Government Effectiveness - Governance estimate (approx. -2.5 to +2.5),GOV_WGI_GE.EST,-0.343507499999999,-0.1107469,0.00162489999999999,-0.162533899999999,-0.2196127
Ecuador,ECU,Rule of Law - Governance estimate (approx. -2.5 to +2.5),GOV_WGI_RL.EST,-0.5676359,-0.4314709,-0.5794902,-0.858649799999999,-0.9650369
Ecuador,ECU,Political Stability - Governance estimate (approx. -2.5 to +2.5),GOV_WGI_PV.EST,-0.1513823,-0.1983083,-0.2336288,-0.3543579,-0.7210909
"Egypt, Arab Rep.",EGY,Government Effectiveness - Governance estimate (approx. -2.5 to +2.5),GOV_WGI_GE.EST,-0.234355899999999,-0.225102299999999,-0.1434309,-0.0397463,-0.0970579
"Egypt, Arab Rep.",EGY,Rule of Law - Governance estimate (approx. -2.5 to +2.5),GOV_WGI_RL.EST,-0.789880599999999,-0.8185251,-0.772813099999999,-0.7776875,-0.751539899999999
"Egypt, Arab Rep.",EGY,Political Stability - Governance estimate (approx. -2.5 to +2.5),GOV_WGI_PV.EST,-1.1172787,-1.066781,-0.9542974,-0.899323299999999,-0.9779235
El Salvador,SLV,Government Effectiveness - Governance estimate (approx. -2.5 to +2.5),GOV_WGI_GE.EST,-0.1427333,-0.2484854,-0.387094,-0.0947816,-0.1831795
El Salvador,SLV,Rule of Law - Governance estimate (approx. -2.5 to +2.5),GOV_WGI_RL.EST,-0.6910565,-0.83512,-0.9646984,-0.707075599999999,-0.7133592
El Salvador,SLV,Political Stability - Governance estimate (approx. -2.5 to +2.5),GOV_WGI_PV.EST,-0.1497936,-0.222007099999999,-0.0998814,0.0822243,0.00613259999999999
Equatorial Guinea,GNQ,Government Effectiveness - Governance estimate (approx. -2.5 to +2.5),GOV_WGI_GE.EST,-1.06237919999999,-1.041591,-1.17575719999999,-1.1523444,-1.1825117
Equatorial Guinea,GNQ,Rule of Law - Governance estimate (approx. -2.5 to +2.5),GOV_WGI_RL.EST,-1.52793729999999,-1.528819,-1.4839685,-1.48074099999999,-1.54035759999999
Equatorial Guinea,GNQ,Political Stability - Governance estimate (approx. -2.5 to +2.5),GOV_WGI_PV.EST,-0.380621,-0.3214725,-0.3481526,-0.2874757,-0.1409375
Eritrea,ERI,Government Effectiveness - Governance estimate (approx. -2.5 to +2.5),GOV_WGI_GE.EST,-1.3975653,-1.394653,-1.34348739999999,-1.3802453,-1.45617889999999
Eritrea,ERI,Rule of Law - Governance estimate (approx. -2.5 to +2.5),GOV_WGI_RL.EST,-1.6238593,-1.6516587,-1.7694664,-1.79714659999999,-1.8026292
Eritrea,ERI,Political Stability - Governance estimate (approx. -2.5 to +2.5),GOV_WGI_PV.EST,-1.0705711,-1.02707899999999,-1.0696541,-0.7897784,-0.7086146
Estonia,EST,Government Effectiveness - Governance estimate (approx. -2.5 to +2.5),GOV_WGI_GE.EST,1.3201957,1.3707206,1.3587321,1.2678954,1.2969908
Estonia,EST,Rule of Law - Governance estimate (approx. -2.5 to +2.5),GOV_WGI_RL.EST,1.4988678,1.4888413,1.5220957,1.482125,1.4864478
Estonia,EST,Political Stability - Governance estimate (approx. -2.5 to +2.5),GOV_WGI_PV.EST,0.9178902,0.8879044,0.8742633,0.8473511,0.6995763
Eswatini,SWZ,Government Effectiveness - Governance estimate (approx. -2.5 to +2.5),GOV_WGI_GE.EST,-0.6235547,-0.723303399999999,-0.6320655,-0.717774199999999,-0.7811414
Eswatini,SWZ,Rule of Law - Governance estimate (approx. -2.5 to +2.5),GOV_WGI_RL.EST,-0.6595902,-0.6977002,-0.726965099999999,-0.7274341,-0.8598771
Eswatini,SWZ,Political Stability - Governance estimate (approx. -2.5 to +2.5),GOV_WGI_PV.EST,-0.1948628,-0.428643699999999,-0.400835,-0.7261847,-0.7327829
Ethiopia,ETH,Government Effectiveness - Governance estimate (approx. -2.5 to +2.5),GOV_WGI_GE.EST,-0.551689499999999,-0.650462099999999,-0.7000773,-0.6883758,-0.645991
Ethiopia,ETH,Rule of Law - Governance estimate (approx. -2.5 to +2.5),GOV_WGI_RL.EST,-0.8139468,-0.9484534,-0.9181925,-1.03931399999999,-1.04892419999999
Ethiopia,ETH,Political Stability - Governance estimate (approx. -2.5 to +2.5),GOV_WGI_PV.EST,-1.5934093,-2.0139565,-1.8659545,-1.86375129999999,-1.88497389999999
Fiji,FJI,Government Effectiveness - Governance estimate (approx. -2.5 to +2.5),GOV_WGI_GE.EST,0.6553479,0.7309158,0.5025006,0.5033911,0.6089609
Fiji,FJI,Rule of Law - Governance estimate (approx. -2.5 to +2.5),GOV_WGI_RL.EST,0.1646154,0.1636161,0.2370994,0.3256265,0.3057786
Fiji,FJI,Political Stability - Governance estimate (approx. -2.5 to +2.5),GOV_WGI_PV.EST,0.6004415,0.6663534,0.782553,0.782933,0.6984398
Finland,FIN,Government Effectiveness - Governance estimate (approx. -2.5 to +2.5),GOV_WGI_GE.EST,2.1354229,2.1560517,1.8972063,1.787685,1.8171611
Finland,FIN,Rule of Law - Governance estimate (approx. -2.5 to +2.5),GOV_WGI_RL.EST,2.108953,2.0708538,1.9939363,2.0200539,2.0212705
Finland,FIN,Political Stability - Governance estimate (approx. -2.5 to +2.5),GOV_WGI_PV.EST,1.1572607,1.1287431,1.0892287,0.7648776,0.8325695
France,FRA,Government Effectiveness - Governance estimate (approx. -2.5 to +2.5),GOV_WGI_GE.EST,1.4906558,1.5363267,1.4637769,1.3517693,1.2007009
France,FRA,Rule of Law - Governance estimate (approx. -2.5 to +2.5),GOV_WGI_RL.EST,1.1272001,1.0805521,1.0195192,0.9946177,0.97866
France,FRA,Political Stability - Governance estimate (approx. -2.5 to +2.5),GOV_WGI_PV.EST,0.1270887,0.1241525,0.0198376,-0.0187716,-0.241365399999999
French Guiana,GUF,Government Effectiveness - Governance estimate (approx. -2.5 to +2.5),GOV_WGI_GE.EST,1.4897219,1.4914946,1.2859047,1.2866922,1.2858591
French Guiana,GUF,Rule of Law - Governance estimate (approx. -2.5 to +2.5),GOV_WGI_RL.EST,1.0777827,1.0751185,0.9446594,0.9442595,0.9441949
French Guiana,GUF,Political Stability - Governance estimate (approx. -2.5 to +2.5),GOV_WGI_PV.EST,0.3817679,0.3800755,0.5424152,0.4180182,0.4120274
French Polynesia,PYF,Government Effectiveness - Governance estimate (approx. -2.5 to +2.5),GOV_WGI_GE.EST,..,..,..,..,..
French Polynesia,PYF,Rule of Law - Governance estimate (approx. -2.5 to +2.5),GOV_WGI_RL.EST,0.952574,1.0299512,1.0202576,1.0176206,1.0171948
French Polynesia,PYF,Political Stability - Governance estimate (approx. -2.5 to +2.5),GOV_WGI_PV.EST,0.9517964,1.0386429,1.0479309,1.049441,1.0303397
Gabon,GAB,Government Effectiveness - Governance estimate (approx. -2.5 to +2.5),GOV_WGI_GE.EST,-0.8134549,-0.588664699999999,-0.5943568,-0.5840974,-0.5671547
Gabon,GAB,Rule of Law - Governance estimate (approx. -2.5 to +2.5),GOV_WGI_RL.EST,-0.9315253,-0.9165415,-1.0937103,-1.07816429999999,-1.155705
Gabon,GAB,Political Stability - Governance estimate (approx. -2.5 to +2.5),GOV_WGI_PV.EST,-0.2194997,-0.28203,-0.1324826,-0.2702052,-0.276887
"Gambia, The",GMB,Government Effectiveness - Governance estimate (approx. -2.5 to +2.5),GOV_WGI_GE.EST,-0.5874216,-0.5131901,-0.502495799999999,-0.4683483,-0.5358243
"Gambia, The",GMB,Rule of Law - Governance estimate (approx. -2.5 to +2.5),GOV_WGI_RL.EST,-0.336829999999999,-0.3721489,-0.3639747,-0.340458,-0.394193399999999
"Gambia, The",GMB,Political Stability - Governance estimate (approx. -2.5 to +2.5),GOV_WGI_PV.EST,0.1363877,0.0231959,0.1344853,0.1359932,-0.0180453
Georgia,GEO,Government Effectiveness - Governance estimate (approx. -2.5 to +2.5),GOV_WGI_GE.EST,0.3081567,0.4515433,0.4424252,0.5876041,0.4562672
Georgia,GEO,Rule of Law - Governance estimate (approx. -2.5 to +2.5),GOV_WGI_RL.EST,0.2567958,0.2251347,0.18182,0.1642921,0.1489667
Georgia,GEO,Political Stability - Governance estimate (approx. -2.5 to +2.5),GOV_WGI_PV.EST,-0.1271941,-0.2017684,-0.100034699999999,-0.120908599999999,-0.6127592
Germany,DEU,Government Effectiveness - Governance estimate (approx. -2.5 to +2.5),GOV_WGI_GE.EST,1.7812546,1.8265941,1.7792628,1.5613864,1.5462994
Germany,DEU,Rule of Law - Governance estimate (approx. -2.5 to +2.5),GOV_WGI_RL.EST,1.6271231,1.6349496,1.5810518,1.5855645,1.6257844
Germany,DEU,Political Stability - Governance estimate (approx. -2.5 to +2.5),GOV_WGI_PV.EST,0.6840532,0.6603045,0.5284799,0.50602,0.1242671
Ghana,GHA,Government Effectiveness - Governance estimate (approx. -2.5 to +2.5),GOV_WGI_GE.EST,-0.0103657,-0.0445107,-0.0662946,-0.0177779,0.0595796
Ghana,GHA,Rule of Law - Governance estimate (approx. -2.5 to +2.5),GOV_WGI_RL.EST,0.1110047,0.0415219,0.0021348,-0.0029916,0.0539695
Ghana,GHA,Political Stability - Governance estimate (approx. -2.5 to +2.5),GOV_WGI_PV.EST,0.0588855,-0.1622488,-0.1877453,-0.0688107,0.0114605
Greece,GRC,Government Effectiveness - Governance estimate (approx. -2.5 to +2.5),GOV_WGI_GE.EST,0.5867351,0.5727218,0.5636045,0.2578486,0.1912731
Greece,GRC,Rule of Law - Governance estimate (approx. -2.5 to +2.5),GOV_WGI_RL.EST,0.4729929,0.4439375,0.4892737,0.3963788,0.2983017
Greece,GRC,Political Stability - Governance estimate (approx. -2.5 to +2.5),GOV_WGI_PV.EST,0.2996221,0.2270172,0.236947,0.3853039,0.1394204
Greenland,GRL,Government Effectiveness - Governance estimate (approx. -2.5 to +2.5),GOV_WGI_GE.EST,0.480273,0.4838322,0.7779131,0.7792725,1.3528493
Greenland,GRL,Rule of Law - Governance estimate (approx. -2.5 to +2.5),GOV_WGI_RL.EST,1.6289849,1.6254815,1.5750875,1.5745781,1.5744958
Greenland,GRL,Political Stability - Governance estimate (approx. -2.5 to +2.5),GOV_WGI_PV.EST,1.7581458,1.7551692,1.2502225,1.2510555,1.2405187
Grenada,GRD,Government Effectiveness - Governance estimate (approx. -2.5 to +2.5),GOV_WGI_GE.EST,-0.0961408,-0.0943871,-0.0438885,0.0807085999999999,0.0201444
Grenada,GRD,Rule of Law - Governance estimate (approx. -2.5 to +2.5),GOV_WGI_RL.EST,0.4276609,0.4044535,0.4711413,0.5500382,0.5408822
Grenada,GRD,Political Stability - Governance estimate (approx. -2.5 to +2.5),GOV_WGI_PV.EST,1.0425879,1.0408786,1.2048361,1.2053145,1.1992639
Guam,GUM,Government Effectiveness - Governance estimate (approx. -2.5 to +2.5),GOV_WGI_GE.EST,0.7650002,0.7679093,0.952868,0.9540388,1.269394
Guam,GUM,Rule of Law - Governance estimate (approx. -2.5 to +2.5),GOV_WGI_RL.EST,1.1574435,1.1509221,1.1703242,1.0348111,1.0346735
Guam,GUM,Political Stability - Governance estimate (approx. -2.5 to +2.5),GOV_WGI_PV.EST,0.9970127,0.9953332,0.9982241,0.9986942,0.9927487
Guatemala,GTM,Government Effectiveness - Governance estimate (approx. -2.5 to +2.5),GOV_WGI_GE.EST,-0.7764521,-0.7444335,-0.8842065,-0.8628806,-0.9093696
Guatemala,GTM,Rule of Law - Governance estimate (approx. -2.5 to +2.5),GOV_WGI_RL.EST,-0.9659236,-0.975567699999999,-1.0371304,-1.0108162,-0.962274
Guatemala,GTM,Political Stability - Governance estimate (approx. -2.5 to +2.5),GOV_WGI_PV.EST,-0.563868399999999,-0.5740791,-0.3005447,-0.2021326,-0.209766899999999
Guinea,GIN,Government Effectiveness - Governance estimate (approx. -2.5 to +2.5),GOV_WGI_GE.EST,-0.8118614,-0.808593999999999,-0.9248516,-0.8735118,-0.8881627
Guinea,GIN,Rule of Law - Governance estimate (approx. -2.5 to +2.5),GOV_WGI_RL.EST,-1.0962208,-1.003033,-1.05538819999999,-1.1068782,-1.1479306
Guinea,GIN,Political Stability - Governance estimate (approx. -2.5 to +2.5),GOV_WGI_PV.EST,-1.0877324,-1.0159308,-0.813667399999999,-0.8765719,-1.0377627
Guinea-Bissau,GNB,Government Effectiveness - Governance estimate (approx. -2.5 to +2.5),GOV_WGI_GE.EST,-1.2811844,-1.3839632,-1.5281779,-1.4517345,-1.3676142
Guinea-Bissau,GNB,Rule of Law - Governance estimate (approx. -2.5 to +2.5),GOV_WGI_RL.EST,-1.1334891,-1.2016468,-1.25159,-1.2070689,-1.23482809999999
Guinea-Bissau,GNB,Political Stability - Governance estimate (approx. -2.5 to +2.5),GOV_WGI_PV.EST,-0.2838803,-0.3001867,-0.360252199999999,-0.3193937,-0.618439499999999
Guyana,GUY,Government Effectiveness - Governance estimate (approx. -2.5 to +2.5),GOV_WGI_GE.EST,-0.2652471,-0.1426381,-0.1291709,-0.0976684999999999,-0.0982402
Guyana,GUY,Rule of Law - Governance estimate (approx. -2.5 to +2.5),GOV_WGI_RL.EST,-0.3872775,-0.378924,-0.3602997,-0.371934999999999,-0.334222099999999
Guyana,GUY,Political Stability - Governance estimate (approx. -2.5 to +2.5),GOV_WGI_PV.EST,-0.00729659999999999,-0.0281476999999999,0.210713,0.2012498,0.2164983
Haiti,HTI,Government Effectiveness - Governance estimate (approx. -2.5 to +2.5),GOV_WGI_GE.EST,-1.9163196,-2.0602282,-2.0132007,-2.0108367,-2.0156868
Haiti,HTI,Rule of Law - Governance estimate (approx. -2.5 to +2.5),GOV_WGI_RL.EST,-1.211177,-1.392161,-1.5628925,-1.64152989999999,-1.6033955
Haiti,HTI,Political Stability - Governance estimate (approx. -2.5 to +2.5),GOV_WGI_PV.EST,-1.0389171,-1.2132391,-0.947002399999999,-0.971741099999999,-1.2013046
Honduras,HND,Government Effectiveness - Governance estimate (approx. -2.5 to +2.5),GOV_WGI_GE.EST,-0.582503099999999,-0.6672516,-0.686258199999999,-0.6579014,-0.6196728
Honduras,HND,Rule of Law - Governance estimate (approx. -2.5 to +2.5),GOV_WGI_RL.EST,-1.1109938,-1.1417518,-1.09175279999999,-1.156469,-1.1768036
Honduras,HND,Political Stability - Governance estimate (approx. -2.5 to +2.5),GOV_WGI_PV.EST,-0.666353099999999,-0.806377,-0.4781621,-0.3507671,-0.5671583
"Hong Kong SAR, China",HKG,Government Effectiveness - Governance estimate (approx. -2.5 to +2.5),GOV_WGI_GE.EST,1.5914491,1.6245817,1.6433381,1.5374202,1.6374532
"Hong Kong SAR, China",HKG,Rule of Law - Governance estimate (approx. -2.5 to +2.5),GOV_WGI_RL.EST,1.1753872,1.0319968,0.8841773,0.875904,0.9209804
"Hong Kong SAR, China",HKG,Political Stability - Governance estimate (approx. -2.5 to +2.5),GOV_WGI_PV.EST,0.0079016,0.2186871,0.3891702,0.4084368,0.6310985
Hungary,HUN,Government Effectiveness - Governance estimate (approx. -2.5 to +2.5),GOV_WGI_GE.EST,0.7208016,0.784219,0.657731,0.5461907,0.501908
Hungary,HUN,Rule of Law - Governance estimate (approx. -2.5 to +2.5),GOV_WGI_RL.EST,0.329192,0.2971399,0.2426218,0.1894005,0.1923364
Hungary,HUN,Political Stability - Governance estimate (approx. -2.5 to +2.5),GOV_WGI_PV.EST,0.7938892,0.7337253,0.6701403,0.5841522,0.4363288
Iceland,ISL,Government Effectiveness - Governance estimate (approx. -2.5 to +2.5),GOV_WGI_GE.EST,1.5637066,1.8005665,1.6330091,1.6402729,1.645973
Iceland,ISL,Rule of Law - Governance estimate (approx. -2.5 to +2.5),GOV_WGI_RL.EST,1.6866361,1.7076168,1.5968615,1.59027,1.6278886
Iceland,ISL,Political Stability - Governance estimate (approx. -2.5 to +2.5),GOV_WGI_PV.EST,1.3289196,1.3382488,1.2672872,1.2058266,1.2056034
India,IND,Government Effectiveness - Governance estimate (approx. -2.5 to +2.5),GOV_WGI_GE.EST,0.3492894,0.2400136,0.3392526,0.422603,0.4046051
India,IND,Rule of Law - Governance estimate (approx. -2.5 to +2.5),GOV_WGI_RL.EST,-0.1029725,-0.1841026,-0.1104884,-0.0879069,-0.0392287
India,IND,Political Stability - Governance estimate (approx. -2.5 to +2.5),GOV_WGI_PV.EST,-0.720631199999999,-0.6015988,-0.7535037,-0.837974,-0.785762499999999
Indonesia,IDN,Government Effectiveness - Governance estimate (approx. -2.5 to +2.5),GOV_WGI_GE.EST,0.213754,0.1470804,0.2328093,0.2732116,0.179804
Indonesia,IDN,Rule of Law - Governance estimate (approx. -2.5 to +2.5),GOV_WGI_RL.EST,-0.1479773,-0.1436778,-0.1291182,-0.0817572,-0.206598099999999
Indonesia,IDN,Political Stability - Governance estimate (approx. -2.5 to +2.5),GOV_WGI_PV.EST,-0.539945999999999,-0.6496757,-0.7624666,-0.613745,-0.609127499999999
"Iran, Islamic Rep.",IRN,Government Effectiveness - Governance estimate (approx. -2.5 to +2.5),GOV_WGI_GE.EST,-0.7071428,-0.6566521,-0.7076616,-0.7402272,-0.7061233
"Iran, Islamic Rep.",IRN,Rule of Law - Governance estimate (approx. -2.5 to +2.5),GOV_WGI_RL.EST,-1.0270682,-1.06900019999999,-1.1257877,-1.20046299999999,-1.2348012
"Iran, Islamic Rep.",IRN,Political Stability - Governance estimate (approx. -2.5 to +2.5),GOV_WGI_PV.EST,-1.2213247,-1.1577773,-1.1448403,-1.2694112,-1.58118839999999
Iraq,IRQ,Government Effectiveness - Governance estimate (approx. -2.5 to +2.5),GOV_WGI_GE.EST,-1.21784199999999,-1.2310377,-1.223854,-1.3398894,-1.1018847
Iraq,IRQ,Rule of Law - Governance estimate (approx. -2.5 to +2.5),GOV_WGI_RL.EST,-1.512443,-1.4374976,-1.45504109999999,-1.5002727,-1.3581614
Iraq,IRQ,Political Stability - Governance estimate (approx. -2.5 to +2.5),GOV_WGI_PV.EST,-2.1814743,-2.1722684,-2.2294281,-2.2246949,-2.0642762
Ireland,IRL,Government Effectiveness - Governance estimate (approx. -2.5 to +2.5),GOV_WGI_GE.EST,1.5003528,1.6184384,1.7057914,1.6609005,1.6115533
Ireland,IRL,Rule of Law - Governance estimate (approx. -2.5 to +2.5),GOV_WGI_RL.EST,1.5214022,1.5453584,1.5040267,1.5980444,1.5913219
Ireland,IRL,Political Stability - Governance estimate (approx. -2.5 to +2.5),GOV_WGI_PV.EST,0.8785787,0.7362963,0.8053599,0.876648,0.7099699
Israel,ISR,Government Effectiveness - Governance estimate (approx. -2.5 to +2.5),GOV_WGI_GE.EST,1.1657244,1.5896737,1.5237704,1.3569151,1.1726244
Israel,ISR,Rule of Law - Governance estimate (approx. -2.5 to +2.5),GOV_WGI_RL.EST,0.8873608,0.8807927,0.8010265,0.6642378,0.5997177
Israel,ISR,Political Stability - Governance estimate (approx. -2.5 to +2.5),GOV_WGI_PV.EST,-0.567841399999999,-0.699899199999999,-0.904996799999999,-1.0423159,-1.03750149999999
Italy,ITA,Government Effectiveness - Governance estimate (approx. -2.5 to +2.5),GOV_WGI_GE.EST,0.5477288,0.574774,0.7178718,0.8533467,0.7922891
Italy,ITA,Rule of Law - Governance estimate (approx. -2.5 to +2.5),GOV_WGI_RL.EST,0.5546368,0.5885,0.5739685,0.6505552,0.6192043
Italy,ITA,Political Stability - Governance estimate (approx. -2.5 to +2.5),GOV_WGI_PV.EST,0.3322841,0.4392226,0.4124684,0.4737389,0.3087035
Jamaica,JAM,Government Effectiveness - Governance estimate (approx. -2.5 to +2.5),GOV_WGI_GE.EST,0.3867314,0.3396406,0.2544889,0.1649969,0.1712622
Jamaica,JAM,Rule of Law - Governance estimate (approx. -2.5 to +2.5),GOV_WGI_RL.EST,-0.103995499999999,-0.0742917999999999,-0.0687388999999999,-0.0768587999999999,-0.0776697
Jamaica,JAM,Political Stability - Governance estimate (approx. -2.5 to +2.5),GOV_WGI_PV.EST,0.1525241,0.1423135,0.4525342,0.4762874,0.476823
Japan,JPN,Government Effectiveness - Governance estimate (approx. -2.5 to +2.5),GOV_WGI_GE.EST,1.8051167,1.653038,2.0307507,1.9883877,2.0879101
Japan,JPN,Rule of Law - Governance estimate (approx. -2.5 to +2.5),GOV_WGI_RL.EST,1.5138826,1.5319019,1.5084676,1.5084872,1.5115753
Japan,JPN,Political Stability - Governance estimate (approx. -2.5 to +2.5),GOV_WGI_PV.EST,1.1325471,1.1600529,1.2758787,1.2674256,1.1343228
Jersey,JEY,Government Effectiveness - Governance estimate (approx. -2.5 to +2.5),GOV_WGI_GE.EST,1.2780893,1.2816485,1.2811126,1.2829987,1.2810034
Jersey,JEY,Rule of Law - Governance estimate (approx. -2.5 to +2.5),GOV_WGI_RL.EST,1.6289849,1.6254815,1.6233274,1.6227414,1.6226468
Jersey,JEY,Political Stability - Governance estimate (approx. -2.5 to +2.5),GOV_WGI_PV.EST,1.246013,1.2404824,1.4633644,1.4649122,1.4453347
Jordan,JOR,Government Effectiveness - Governance estimate (approx. -2.5 to +2.5),GOV_WGI_GE.EST,0.1138845,0.1228638,0.1428514,0.3908884,0.2162114
Jordan,JOR,Rule of Law - Governance estimate (approx. -2.5 to +2.5),GOV_WGI_RL.EST,0.1081792,0.0436082,0.0764869,0.1232268,0.1685335
Jordan,JOR,Political Stability - Governance estimate (approx. -2.5 to +2.5),GOV_WGI_PV.EST,-0.3260056,-0.390988399999999,-0.311462199999999,-0.3007473,-0.3501687
Kazakhstan,KAZ,Government Effectiveness - Governance estimate (approx. -2.5 to +2.5),GOV_WGI_GE.EST,0.0522732,0.017817,0.1603392,0.1520225,0.1467641
Kazakhstan,KAZ,Rule of Law - Governance estimate (approx. -2.5 to +2.5),GOV_WGI_RL.EST,-0.4154444,-0.4655785,-0.440637699999999,-0.3777888,-0.3815477
Kazakhstan,KAZ,Political Stability - Governance estimate (approx. -2.5 to +2.5),GOV_WGI_PV.EST,-0.2842993,-0.2325504,-0.5795614,-0.2021045,-0.2827558
Kenya,KEN,Government Effectiveness - Governance estimate (approx. -2.5 to +2.5),GOV_WGI_GE.EST,-0.3759713,-0.3468069,-0.3324798,-0.3131112,-0.2978904
Kenya,KEN,Rule of Law - Governance estimate (approx. -2.5 to +2.5),GOV_WGI_RL.EST,-0.5784344,-0.445618199999999,-0.4245656,-0.427558899999999,-0.464532
Kenya,KEN,Political Stability - Governance estimate (approx. -2.5 to +2.5),GOV_WGI_PV.EST,-1.0502651,-1.11021939999999,-0.962236,-0.971652,-1.3556816
Kiribati,KIR,Government Effectiveness - Governance estimate (approx. -2.5 to +2.5),GOV_WGI_GE.EST,-0.257145499999999,-0.2550887,-0.255398399999999,-0.4079699,-0.4343103
Kiribati,KIR,Rule of Law - Governance estimate (approx. -2.5 to +2.5),GOV_WGI_RL.EST,1.1590995,1.0695661,0.7720439,0.73465,0.78601
Kiribati,KIR,Political Stability - Governance estimate (approx. -2.5 to +2.5),GOV_WGI_PV.EST,1.1749608,1.1647191,1.2429196,1.2433279,1.2381638
"Korea, Dem. People's Rep.",PRK,Government Effectiveness - Governance estimate (approx. -2.5 to +2.5),GOV_WGI_GE.EST,-1.2548503,-1.4820228,-1.3350416,-1.2707438,-1.27131019999999
"Korea, Dem. People's Rep.",PRK,Rule of Law - Governance estimate (approx. -2.5 to +2.5),GOV_WGI_RL.EST,-1.6782172,-1.680154,-1.48587729999999,-1.5256234,-1.5256661
"Korea, Dem. People's Rep.",PRK,Political Stability - Governance estimate (approx. -2.5 to +2.5),GOV_WGI_PV.EST,-0.187350699999999,-0.1983915,0.2686785,0.3264333,0.3220654
"Korea, Rep.",KOR,Government Effectiveness - Governance estimate (approx. -2.5 to +2.5),GOV_WGI_GE.EST,1.5914906,1.6261842,1.4844938,1.4955907,1.4867237
"Korea, Rep.",KOR,Rule of Law - Governance estimate (approx. -2.5 to +2.5),GOV_WGI_RL.EST,1.1479729,1.1681575,1.1662138,1.1844569,1.1174546
"Korea, Rep.",KOR,Political Stability - Governance estimate (approx. -2.5 to +2.5),GOV_WGI_PV.EST,0.8679972,0.9005342,0.855673,0.932168,0.6393495
Kosovo,XKX,Government Effectiveness - Governance estimate (approx. -2.5 to +2.5),GOV_WGI_GE.EST,-0.3716021,-0.1579456,-0.0237723,0.00925679999999999,-0.0612949999999999
Kosovo,XKX,Rule of Law - Governance estimate (approx. -2.5 to +2.5),GOV_WGI_RL.EST,-0.278476699999999,-0.123977499999999,-0.149224599999999,-0.0437530999999999,0.0521362
Kosovo,XKX,Political Stability - Governance estimate (approx. -2.5 to +2.5),GOV_WGI_PV.EST,-0.0844029999999999,0.0010881,-0.0510421999999999,-0.1409249,-0.321890499999999
Kuwait,KWT,Government Effectiveness - Governance estimate (approx. -2.5 to +2.5),GOV_WGI_GE.EST,-0.11216,0.0296612,0.3336204,0.3091212,0.3278963
Kuwait,KWT,Rule of Law - Governance estimate (approx. -2.5 to +2.5),GOV_WGI_RL.EST,0.146885,0.1194986,0.2236666,0.1910577,0.2308269
Kuwait,KWT,Political Stability - Governance estimate (approx. -2.5 to +2.5),GOV_WGI_PV.EST,0.1554026,0.1542148,0.1041664,0.2906988,0.2939367
Kyrgyz Republic,KGZ,Government Effectiveness - Governance estimate (approx. -2.5 to +2.5),GOV_WGI_GE.EST,-0.586251299999999,-0.842252799999999,-0.9984392,-1.0041023,-0.8885033
Kyrgyz Republic,KGZ,Rule of Law - Governance estimate (approx. -2.5 to +2.5),GOV_WGI_RL.EST,-0.729520899999999,-0.879262,-0.9265186,-0.973899499999999,-0.936093699999999
Kyrgyz Republic,KGZ,Political Stability - Governance estimate (approx. -2.5 to +2.5),GOV_WGI_PV.EST,-0.5068231,-0.3876484,-0.422477,-0.509667299999999,-0.5045251
Lao PDR,LAO,Government Effectiveness - Governance estimate (approx. -2.5 to +2.5),GOV_WGI_GE.EST,-0.765948,-0.7431648,-0.710403999999999,-0.753464199999999,-0.5819014
Lao PDR,LAO,Rule of Law - Governance estimate (approx. -2.5 to +2.5),GOV_WGI_RL.EST,-0.875201399999999,-0.7575675,-0.8397916,-0.8447129,-0.742416699999999
Lao PDR,LAO,Political Stability - Governance estimate (approx. -2.5 to +2.5),GOV_WGI_PV.EST,0.5456553,0.583086,0.7033051,0.7378068,0.5576599
Latvia,LVA,Government Effectiveness - Governance estimate (approx. -2.5 to +2.5),GOV_WGI_GE.EST,0.7965198,0.8795712,0.7275574,0.6374221,0.7431802
Latvia,LVA,Rule of Law - Governance estimate (approx. -2.5 to +2.5),GOV_WGI_RL.EST,0.9229434,0.9839815,1.0087817,1.0727082,1.0913835
Latvia,LVA,Political Stability - Governance estimate (approx. -2.5 to +2.5),GOV_WGI_PV.EST,0.726286,0.8069842,0.7798656,0.8394628,0.6201402
Lebanon,LBN,Government Effectiveness - Governance estimate (approx. -2.5 to +2.5),GOV_WGI_GE.EST,-0.9492217,-1.0567104,-1.0420809,-1.16583329999999,-1.1301199
Lebanon,LBN,Rule of Law - Governance estimate (approx. -2.5 to +2.5),GOV_WGI_RL.EST,-0.918424399999999,-1.0028379,-1.0323318,-1.0665045,-1.0853525
Lebanon,LBN,Political Stability - Governance estimate (approx. -2.5 to +2.5),GOV_WGI_PV.EST,-1.3492491,-1.3231817,-1.34257539999999,-1.2764099,-1.3896806
Lesotho,LSO,Government Effectiveness - Governance estimate (approx. -2.5 to +2.5),GOV_WGI_GE.EST,-0.7085808,-0.7136054,-0.747926099999999,-0.7503177,-0.6470887
Lesotho,LSO,Rule of Law - Governance estimate (approx. -2.5 to +2.5),GOV_WGI_RL.EST,-0.369226499999999,-0.401743299999999,-0.4650393,-0.442253499999999,-0.406586499999999
Lesotho,LSO,Political Stability - Governance estimate (approx. -2.5 to +2.5),GOV_WGI_PV.EST,-0.1451933,-0.1334002,-0.128161,-0.1357263,-0.2588663
Liberia,LBR,Government Effectiveness - Governance estimate (approx. -2.5 to +2.5),GOV_WGI_GE.EST,-1.3754275,-1.32722149999999,-1.33159689999999,-1.2153121,-1.24629299999999
Liberia,LBR,Rule of Law - Governance estimate (approx. -2.5 to +2.5),GOV_WGI_RL.EST,-0.855358499999999,-0.8429491,-0.858746399999999,-0.8997457,-0.868004
Liberia,LBR,Political Stability - Governance estimate (approx. -2.5 to +2.5),GOV_WGI_PV.EST,-0.220102599999999,-0.2103506,-0.2807974,-0.174047999999999,-0.228549
Libya,LBY,Government Effectiveness - Governance estimate (approx. -2.5 to +2.5),GOV_WGI_GE.EST,-1.6327551,-1.4589466,-1.56371599999999,-1.447749,-1.41948799999999
Libya,LBY,Rule of Law - Governance estimate (approx. -2.5 to +2.5),GOV_WGI_RL.EST,-1.6334673,-1.56279409999999,-1.7431898,-1.66847289999999,-1.6980126
Libya,LBY,Political Stability - Governance estimate (approx. -2.5 to +2.5),GOV_WGI_PV.EST,-2.2231779,-2.2069296,-2.00397249999999,-2.0418754,-1.8964767
Liechtenstein,LIE,Government Effectiveness - Governance estimate (approx. -2.5 to +2.5),GOV_WGI_GE.EST,1.7216059,1.5136251,1.5173885,1.6939974,1.6931644
Liechtenstein,LIE,Rule of Law - Governance estimate (approx. -2.5 to +2.5),GOV_WGI_RL.EST,1.6347175,1.6323677,1.7279582,1.7276012,1.7275435
Liechtenstein,LIE,Political Stability - Governance estimate (approx. -2.5 to +2.5),GOV_WGI_PV.EST,1.6427344,1.5846135,1.5871411,1.5875521,1.5823538
Lithuania,LTU,Government Effectiveness - Governance estimate (approx. -2.5 to +2.5),GOV_WGI_GE.EST,0.9591268,0.9787009,0.9431482,0.9448653,1.2014922
Lithuania,LTU,Rule of Law - Governance estimate (approx. -2.5 to +2.5),GOV_WGI_RL.EST,1.1400782,1.2107283,1.228331,1.3288838,1.3742358
Lithuania,LTU,Political Stability - Governance estimate (approx. -2.5 to +2.5),GOV_WGI_PV.EST,1.1506312,1.0111257,0.963939,0.9517926,0.9394441
Luxembourg,LUX,Government Effectiveness - Governance estimate (approx. -2.5 to +2.5),GOV_WGI_GE.EST,1.9824291,1.9512038,1.9655271,2.1455984,2.0397137
Luxembourg,LUX,Rule of Law - Governance estimate (approx. -2.5 to +2.5),GOV_WGI_RL.EST,1.796841,1.7333366,1.7477473,1.7286548,1.7617682
Luxembourg,LUX,Political Stability - Governance estimate (approx. -2.5 to +2.5),GOV_WGI_PV.EST,1.2105167,1.1450494,1.0244114,1.0156548,1.0730532
"Macao SAR, China",MAC,Government Effectiveness - Governance estimate (approx. -2.5 to +2.5),GOV_WGI_GE.EST,1.1144754,1.1162482,1.1159813,1.1169207,1.1159269
"Macao SAR, China",MAC,Rule of Law - Governance estimate (approx. -2.5 to +2.5),GOV_WGI_RL.EST,0.8569176,0.7814373,0.7797993,0.7793536,0.8520978
"Macao SAR, China",MAC,Political Stability - Governance estimate (approx. -2.5 to +2.5),GOV_WGI_PV.EST,1.0596983,0.9688675,0.9728177,0.9734599,1.053872
Madagascar,MDG,Government Effectiveness - Governance estimate (approx. -2.5 to +2.5),GOV_WGI_GE.EST,-0.9069144,-0.9458829,-0.9182243,-0.9548243,-0.8631928
Madagascar,MDG,Rule of Law - Governance estimate (approx. -2.5 to +2.5),GOV_WGI_RL.EST,-0.858634599999999,-0.893154,-0.9669241,-0.955411599999999,-0.8827065
Madagascar,MDG,Political Stability - Governance estimate (approx. -2.5 to +2.5),GOV_WGI_PV.EST,-0.574674,-0.4612648,-0.525026099999999,-0.840940199999999,-0.4805584
Malawi,MWI,Government Effectiveness - Governance estimate (approx. -2.5 to +2.5),GOV_WGI_GE.EST,-0.7484164,-0.6797637,-0.781456199999999,-0.7685413,-0.7257604
Malawi,MWI,Rule of Law - Governance estimate (approx. -2.5 to +2.5),GOV_WGI_RL.EST,-0.262679899999999,-0.2454536,-0.215452999999999,-0.1343556,-0.1463001
Malawi,MWI,Political Stability - Governance estimate (approx. -2.5 to +2.5),GOV_WGI_PV.EST,-0.0766165999999999,-0.102843499999999,-0.166924,-0.242439899999999,-0.3802084
Malaysia,MYS,Government Effectiveness - Governance estimate (approx. -2.5 to +2.5),GOV_WGI_GE.EST,0.8675226,0.8036415,0.7857271,0.7474758,0.9147725
Malaysia,MYS,Rule of Law - Governance estimate (approx. -2.5 to +2.5),GOV_WGI_RL.EST,0.3499706,0.3016338,0.2952941,0.3016843,0.3451357
Malaysia,MYS,Political Stability - Governance estimate (approx. -2.5 to +2.5),GOV_WGI_PV.EST,0.1400704,0.196108,0.2483001,0.2281849,0.3847799
Maldives,MDV,Government Effectiveness - Governance estimate (approx. -2.5 to +2.5),GOV_WGI_GE.EST,-0.0983054999999999,0.1471021,-0.2212354,-0.220344899999999,-0.221286999999999
Maldives,MDV,Rule of Law - Governance estimate (approx. -2.5 to +2.5),GOV_WGI_RL.EST,-0.3114817,-0.1352825,0.1059573,0.096589,0.0443492
Maldives,MDV,Political Stability - Governance estimate (approx. -2.5 to +2.5),GOV_WGI_PV.EST,0.2036825,0.4430279,0.2721525,0.0832571999999999,-0.0544563
Mali,MLI,Government Effectiveness - Governance estimate (approx. -2.5 to +2.5),GOV_WGI_GE.EST,-1.12240539999999,-1.1810763,-1.20601619999999,-1.2258828,-1.2871409
Mali,MLI,Rule of Law - Governance estimate (approx. -2.5 to +2.5),GOV_WGI_RL.EST,-0.8335984,-0.882688199999999,-1.0213887,-1.0366418,-1.0943496
Mali,MLI,Political Stability - Governance estimate (approx. -2.5 to +2.5),GOV_WGI_PV.EST,-2.0594968,-2.3319481,-2.4680844,-2.5578431,-2.49096199999999
Malta,MLT,Government Effectiveness - Governance estimate (approx. -2.5 to +2.5),GOV_WGI_GE.EST,1.0778299,1.0227164,0.9128888,0.7610244,0.622496
Malta,MLT,Rule of Law - Governance estimate (approx. -2.5 to +2.5),GOV_WGI_RL.EST,0.9438011,0.8666429,0.8543614,0.7940278,0.72718
Malta,MLT,Political Stability - Governance estimate (approx. -2.5 to +2.5),GOV_WGI_PV.EST,0.9914658,0.9318346,0.9316852,0.9382841,0.8049169
Marshall Islands,MHL,Government Effectiveness - Governance estimate (approx. -2.5 to +2.5),GOV_WGI_GE.EST,-0.21495,-0.212893199999999,-0.1660294,-0.1651389,-0.2909441
Marshall Islands,MHL,Rule of Law - Governance estimate (approx. -2.5 to +2.5),GOV_WGI_RL.EST,0.7858463,0.7827543,0.836255,0.8357983,0.8357246
Marshall Islands,MHL,Political Stability - Governance estimate (approx. -2.5 to +2.5),GOV_WGI_PV.EST,1.0394581,1.004613,1.2819745,1.2823827,1.2772187
Martinique,MTQ,Government Effectiveness - Governance estimate (approx. -2.5 to +2.5),GOV_WGI_GE.EST,1.109205,1.1121142,1.214283,0.9540388,0.9528002
Martinique,MTQ,Rule of Law - Governance estimate (approx. -2.5 to +2.5),GOV_WGI_RL.EST,0.6485582,0.6399761,0.8013243,0.8002751,0.8001056
Martinique,MTQ,Political Stability - Governance estimate (approx. -2.5 to +2.5),GOV_WGI_PV.EST,0.4960318,0.4938604,0.497598,0.3379886,0.1257476
Mauritania,MRT,Government Effectiveness - Governance estimate (approx. -2.5 to +2.5),GOV_WGI_GE.EST,-0.9008005,-0.848290299999999,-0.87695,-0.818757699999999,-0.741247299999999
Mauritania,MRT,Rule of Law - Governance estimate (approx. -2.5 to +2.5),GOV_WGI_RL.EST,-0.7061772,-0.8740834,-0.8487425,-0.8540015,-0.863509899999999
Mauritania,MRT,Political Stability - Governance estimate (approx. -2.5 to +2.5),GOV_WGI_PV.EST,-0.6263455,-0.5222228,-0.2992865,-0.504269499999999,-0.5595872
Mauritius,MUS,Government Effectiveness - Governance estimate (approx. -2.5 to +2.5),GOV_WGI_GE.EST,0.8319144,0.738763,0.7319597,0.823778,0.7653533
Mauritius,MUS,Rule of Law - Governance estimate (approx. -2.5 to +2.5),GOV_WGI_RL.EST,0.9547352,0.7212842,0.6838381,0.6633408,0.638614
Mauritius,MUS,Political Stability - Governance estimate (approx. -2.5 to +2.5),GOV_WGI_PV.EST,0.928832,0.9264413,0.8607357,0.8348296,0.7903521
Mexico,MEX,Government Effectiveness - Governance estimate (approx. -2.5 to +2.5),GOV_WGI_GE.EST,-0.0462657999999999,-0.0457428999999999,-0.0874176,-0.0748651999999999,-0.2199329
Mexico,MEX,Rule of Law - Governance estimate (approx. -2.5 to +2.5),GOV_WGI_RL.EST,-0.986665199999999,-1.0248188,-1.0822517,-1.0777054,-1.15386449999999
Mexico,MEX,Political Stability - Governance estimate (approx. -2.5 to +2.5),GOV_WGI_PV.EST,-0.7772933,-0.736204699999999,-0.5890439,-0.5984727,-0.7154541
"Micronesia, Fed. Sts.",FSM,Government Effectiveness - Governance estimate (approx. -2.5 to +2.5),GOV_WGI_GE.EST,0.1389059,0.1409627,-0.0852637,-0.0843730999999999,-0.1847801
"Micronesia, Fed. Sts.",FSM,Rule of Law - Governance estimate (approx. -2.5 to +2.5),GOV_WGI_RL.EST,0.6699225,0.8844429,0.9774711,0.9770145,0.9769408
"Micronesia, Fed. Sts.",FSM,Political Stability - Governance estimate (approx. -2.5 to +2.5),GOV_WGI_PV.EST,1.1206831,1.2268624,1.5042238,1.5046321,1.499468
Moldova,MDA,Government Effectiveness - Governance estimate (approx. -2.5 to +2.5),GOV_WGI_GE.EST,-0.2721944,-0.210143599999999,-0.133791,-0.0336705,0.2576379
Moldova,MDA,Rule of Law - Governance estimate (approx. -2.5 to +2.5),GOV_WGI_RL.EST,-0.377801599999999,-0.2519381,-0.1948034,-0.1938657,-0.161332199999999
Moldova,MDA,Political Stability - Governance estimate (approx. -2.5 to +2.5),GOV_WGI_PV.EST,-0.149089399999999,-0.0451684,-0.2465629,-0.2678685,-0.3449915
Monaco,MCO,Government Effectiveness - Governance estimate (approx. -2.5 to +2.5),GOV_WGI_GE.EST,1.7976151,1.8005243,1.7371134,1.7382842,1.7370456
Monaco,MCO,Rule of Law - Governance estimate (approx. -2.5 to +2.5),GOV_WGI_RL.EST,1.379704,1.3737068,1.3462901,1.3454922,1.3453634
Monaco,MCO,Political Stability - Governance estimate (approx. -2.5 to +2.5),GOV_WGI_PV.EST,1.2062355,1.2044193,1.3786309,1.3791391,1.2387076
Mongolia,MNG,Government Effectiveness - Governance estimate (approx. -2.5 to +2.5),GOV_WGI_GE.EST,-0.311666999999999,-0.3519979,-0.2986908,-0.363902299999999,-0.3892189
Mongolia,MNG,Rule of Law - Governance estimate (approx. -2.5 to +2.5),GOV_WGI_RL.EST,-0.1742243,-0.1731689,-0.1500746,-0.1575492,-0.09977
Mongolia,MNG,Political Stability - Governance estimate (approx. -2.5 to +2.5),GOV_WGI_PV.EST,0.7498288,0.7338327,0.6315013,0.6432601,0.4203821
Montenegro,MNE,Government Effectiveness - Governance estimate (approx. -2.5 to +2.5),GOV_WGI_GE.EST,0.0904093,-0.0246248999999999,0.0193238,0.2766963,0.3664948
Montenegro,MNE,Rule of Law - Governance estimate (approx. -2.5 to +2.5),GOV_WGI_RL.EST,0.1134367,0.0178112,-0.0546103999999999,0.1276478,0.1813833
Montenegro,MNE,Political Stability - Governance estimate (approx. -2.5 to +2.5),GOV_WGI_PV.EST,0.0295754,-0.0332398999999999,0.0236518,0.262079,0.3318563
Morocco,MAR,Government Effectiveness - Governance estimate (approx. -2.5 to +2.5),GOV_WGI_GE.EST,-0.0577221999999999,-0.1241745,-0.1200179,-0.0188320999999999,0.1763559
Morocco,MAR,Rule of Law - Governance estimate (approx. -2.5 to +2.5),GOV_WGI_RL.EST,-0.314662899999999,-0.4447944,-0.4491939,-0.3934002,-0.3678036
Morocco,MAR,Political Stability - Governance estimate (approx. -2.5 to +2.5),GOV_WGI_PV.EST,-0.409449199999999,-0.4686437,-0.492008,-0.534977199999999,-0.4408003
Mozambique,MOZ,Government Effectiveness - Governance estimate (approx. -2.5 to +2.5),GOV_WGI_GE.EST,-0.8223436,-0.8185849,-0.7706816,-0.777969199999999,-0.7157933
Mozambique,MOZ,Rule of Law - Governance estimate (approx. -2.5 to +2.5),GOV_WGI_RL.EST,-1.0406476,-1.0487663,-1.0728381,-1.1016921,-1.1949508
Mozambique,MOZ,Political Stability - Governance estimate (approx. -2.5 to +2.5),GOV_WGI_PV.EST,-1.34575129999999,-1.2675269,-1.3208653,-1.41840379999999,-1.7581974
Myanmar,MMR,Government Effectiveness - Governance estimate (approx. -2.5 to +2.5),GOV_WGI_GE.EST,-1.318284,-1.54162579999999,-1.6445781,-1.5813496,-1.5583075
Myanmar,MMR,Rule of Law - Governance estimate (approx. -2.5 to +2.5),GOV_WGI_RL.EST,-1.1631619,-1.5648147,-1.65875779999999,-1.7242442,-1.811602
Myanmar,MMR,Political Stability - Governance estimate (approx. -2.5 to +2.5),GOV_WGI_PV.EST,-1.5318775,-2.09394989999999,-2.2412758,-2.2086828,-2.0903985
Namibia,NAM,Government Effectiveness - Governance estimate (approx. -2.5 to +2.5),GOV_WGI_GE.EST,0.1498863,0.1596202,0.165395,0.1539385,0.0993430999999999
Namibia,NAM,Rule of Law - Governance estimate (approx. -2.5 to +2.5),GOV_WGI_RL.EST,0.2186834,0.2859049,0.3187607,0.3088084,0.3278567
Namibia,NAM,Political Stability - Governance estimate (approx. -2.5 to +2.5),GOV_WGI_PV.EST,0.5126308,0.5136089,0.3736395,0.4150583,0.5467327
Nauru,NRU,Government Effectiveness - Governance estimate (approx. -2.5 to +2.5),GOV_WGI_GE.EST,-0.0456897,-0.0429212999999999,-0.0433382,-0.0418711,0.0100272
Nauru,NRU,Rule of Law - Governance estimate (approx. -2.5 to +2.5),GOV_WGI_RL.EST,0.214808,0.2100341,0.3476922,0.3470294,0.2518105
Nauru,NRU,Political Stability - Governance estimate (approx. -2.5 to +2.5),GOV_WGI_PV.EST,0.7590998,0.7572142,0.9276426,1.0356891,1.1047052
Nepal,NPL,Government Effectiveness - Governance estimate (approx. -2.5 to +2.5),GOV_WGI_GE.EST,-1.0263856,-0.9460782,-0.954515799999999,-0.844047999999999,-0.8845295
Nepal,NPL,Rule of Law - Governance estimate (approx. -2.5 to +2.5),GOV_WGI_RL.EST,-0.3725321,-0.3560122,-0.3340683,-0.3365421,-0.303653399999999
Nepal,NPL,Political Stability - Governance estimate (approx. -2.5 to +2.5),GOV_WGI_PV.EST,-0.250305599999999,-0.2520173,-0.3755496,-0.312959,-0.414613399999999
Netherlands,NLD,Government Effectiveness - Governance estimate (approx. -2.5 to +2.5),GOV_WGI_GE.EST,2.0397583,1.8535742,1.7650127,1.7511282,1.7519974
Netherlands,NLD,Rule of Law - Governance estimate (approx. -2.5 to +2.5),GOV_WGI_RL.EST,1.8319749,1.7767646,1.7289109,1.7174805,1.7069218
Netherlands,NLD,Political Stability - Governance estimate (approx. -2.5 to +2.5),GOV_WGI_PV.EST,0.7092891,0.732977,0.6252296,0.6084395,0.4281196
Netherlands Antilles,ANT,Government Effectiveness - Governance estimate (approx. -2.5 to +2.5),GOV_WGI_GE.EST,..,..,..,..,..
Netherlands Antilles,ANT,Rule of Law - Governance estimate (approx. -2.5 to +2.5),GOV_WGI_RL.EST,..,..,..,..,..
Netherlands Antilles,ANT,Political Stability - Governance estimate (approx. -2.5 to +2.5),GOV_WGI_PV.EST,..,..,..,..,..
New Caledonia,NCL,Government Effectiveness - Governance estimate (approx. -2.5 to +2.5),GOV_WGI_GE.EST,..,..,..,..,..
New Caledonia,NCL,Rule of Law - Governance estimate (approx. -2.5 to +2.5),GOV_WGI_RL.EST,1.0460544,1.1043988,1.0881945,1.0855574,1.0851316
New Caledonia,NCL,Political Stability - Governance estimate (approx. -2.5 to +2.5),GOV_WGI_PV.EST,1.0443731,1.1123709,1.1152109,1.1167211,1.0976197
New Zealand,NZL,Government Effectiveness - Governance estimate (approx. -2.5 to +2.5),GOV_WGI_GE.EST,1.6915539,1.6029686,1.656508,1.7271046,1.8491848
New Zealand,NZL,Rule of Law - Governance estimate (approx. -2.5 to +2.5),GOV_WGI_RL.EST,1.7666346,1.7303956,1.7220184,1.7075544,1.6674536
New Zealand,NZL,Political Stability - Governance estimate (approx. -2.5 to +2.5),GOV_WGI_PV.EST,1.4605501,1.3569818,1.2327589,1.2849613,1.1506563
Nicaragua,NIC,Government Effectiveness - Governance estimate (approx. -2.5 to +2.5),GOV_WGI_GE.EST,-0.7981834,-0.7550562,-0.9210621,-0.936770799999999,-1.0529768
Nicaragua,NIC,Rule of Law - Governance estimate (approx. -2.5 to +2.5),GOV_WGI_RL.EST,-1.3373983,-1.474372,-1.49475349999999,-1.5960126,-1.6197013
Nicaragua,NIC,Political Stability - Governance estimate (approx. -2.5 to +2.5),GOV_WGI_PV.EST,-0.5232726,-0.4075357,-0.168460299999999,-0.0652355999999999,-0.0694255
Niger,NER,Government Effectiveness - Governance estimate (approx. -2.5 to +2.5),GOV_WGI_GE.EST,-0.657380699999999,-0.639504699999999,-0.644957,-0.611528899999999,-0.7696662
Niger,NER,Rule of Law - Governance estimate (approx. -2.5 to +2.5),GOV_WGI_RL.EST,-0.5192429,-0.598975199999999,-0.665473,-0.804084799999999,-0.9457241
Niger,NER,Political Stability - Governance estimate (approx. -2.5 to +2.5),GOV_WGI_PV.EST,-1.502479,-1.4793091,-1.299076,-1.65337929999999,-1.7634214
Nigeria,NGA,Government Effectiveness - Governance estimate (approx. -2.5 to +2.5),GOV_WGI_GE.EST,-0.984177499999999,-1.0500622,-1.05684699999999,-0.8677545,-1.0065889
Nigeria,NGA,Rule of Law - Governance estimate (approx. -2.5 to +2.5),GOV_WGI_RL.EST,-0.8413031,-0.926327599999999,-0.9998212,-0.934848799999999,-1.0069453
Nigeria,NGA,Political Stability - Governance estimate (approx. -2.5 to +2.5),GOV_WGI_PV.EST,-2.0090379,-2.0135756,-1.9526169,-1.9559706,-2.0025617
Niue,NIU,Government Effectiveness - Governance estimate (approx. -2.5 to +2.5),GOV_WGI_GE.EST,..,..,-1.3275705,-1.3207847,-1.3279634
Niue,NIU,Rule of Law - Governance estimate (approx. -2.5 to +2.5),GOV_WGI_RL.EST,1.3948578,1.3790918,0.9849264,0.9825141,0.9821246
Niue,NIU,Political Stability - Governance estimate (approx. -2.5 to +2.5),GOV_WGI_PV.EST,1.3898044,1.3844083,1.3936962,1.3952064,1.4364773
North Macedonia,MKD,Government Effectiveness - Governance estimate (approx. -2.5 to +2.5),GOV_WGI_GE.EST,-0.0922934,-0.0787865,0.0111046,0.022351,-0.0323427
North Macedonia,MKD,Rule of Law - Governance estimate (approx. -2.5 to +2.5),GOV_WGI_RL.EST,-0.1729781,-0.117091,-0.1802257,-0.2738806,-0.224929699999999
North Macedonia,MKD,Political Stability - Governance estimate (approx. -2.5 to +2.5),GOV_WGI_PV.EST,0.0891281999999999,0.0908151,0.3218511,0.2173102,0.1558087
Norway,NOR,Government Effectiveness - Governance estimate (approx. -2.5 to +2.5),GOV_WGI_GE.EST,1.9498703,1.9916736,1.8212872,1.7870167,1.843057
Norway,NOR,Rule of Law - Governance estimate (approx. -2.5 to +2.5),GOV_WGI_RL.EST,2.0591873,2.0582629,1.9409153,1.9859646,1.9494549
Norway,NOR,Political Stability - Governance estimate (approx. -2.5 to +2.5),GOV_WGI_PV.EST,1.2049763,1.0721678,0.9197731,0.9361906,0.9032646
Oman,OMN,Government Effectiveness - Governance estimate (approx. -2.5 to +2.5),GOV_WGI_GE.EST,0.1018136,0.102771,0.4468675,0.4719959,0.5675096
Oman,OMN,Rule of Law - Governance estimate (approx. -2.5 to +2.5),GOV_WGI_RL.EST,0.2562542,0.2255117,0.3524322,0.3443083,0.4493583
Oman,OMN,Political Stability - Governance estimate (approx. -2.5 to +2.5),GOV_WGI_PV.EST,0.468834,0.3902352,0.4399615,0.5521576,0.6272361
Pakistan,PAK,Government Effectiveness - Governance estimate (approx. -2.5 to +2.5),GOV_WGI_GE.EST,-0.614966799999999,-0.5170351,-0.682084,-0.6585378,-0.6003273
Pakistan,PAK,Rule of Law - Governance estimate (approx. -2.5 to +2.5),GOV_WGI_RL.EST,-0.812966099999999,-0.8231206,-0.9108794,-1.0042887,-1.017096
Pakistan,PAK,Political Stability - Governance estimate (approx. -2.5 to +2.5),GOV_WGI_PV.EST,-1.5881564,-1.6496402,-1.7555938,-1.9403838,-2.0634311
Palau,PLW,Government Effectiveness - Governance estimate (approx. -2.5 to +2.5),GOV_WGI_GE.EST,-0.0189645999999999,-0.0161962,-0.0433382,-0.0418711,0.0100272
Palau,PLW,Rule of Law - Governance estimate (approx. -2.5 to +2.5),GOV_WGI_RL.EST,1.1608966,1.1551047,1.171936,1.17116,1.1710347
Palau,PLW,Political Stability - Governance estimate (approx. -2.5 to +2.5),GOV_WGI_PV.EST,1.1429587,1.1404301,1.2446282,1.2451365,1.2387076
Panama,PAN,Government Effectiveness - Governance estimate (approx. -2.5 to +2.5),GOV_WGI_GE.EST,0.2314559,0.2101815,0.0399223,0.0311824,0.2451472
Panama,PAN,Rule of Law - Governance estimate (approx. -2.5 to +2.5),GOV_WGI_RL.EST,-0.2397538,-0.230409999999999,-0.214656799999999,-0.227944099999999,-0.2634275
Panama,PAN,Political Stability - Governance estimate (approx. -2.5 to +2.5),GOV_WGI_PV.EST,0.3368353,0.3538332,0.428471,0.3693808,0.264681
Papua New Guinea,PNG,Government Effectiveness - Governance estimate (approx. -2.5 to +2.5),GOV_WGI_GE.EST,-0.886045099999999,-0.9081302,-1.0845367,-1.0841072,-0.900446699999999
Papua New Guinea,PNG,Rule of Law - Governance estimate (approx. -2.5 to +2.5),GOV_WGI_RL.EST,-0.6603549,-0.6493713,-0.5458926,-0.510767499999999,-0.571332899999999
Papua New Guinea,PNG,Political Stability - Governance estimate (approx. -2.5 to +2.5),GOV_WGI_PV.EST,-0.768714799999999,-0.747625099999999,-0.6856785,-0.530809,-0.653875
Paraguay,PRY,Government Effectiveness - Governance estimate (approx. -2.5 to +2.5),GOV_WGI_GE.EST,-0.6074736,-0.5769998,-0.495784199999999,-0.337846,-0.3545101
Paraguay,PRY,Rule of Law - Governance estimate (approx. -2.5 to +2.5),GOV_WGI_RL.EST,-0.3727181,-0.5280024,-0.540378799999999,-0.580114999999999,-0.5835849
Paraguay,PRY,Political Stability - Governance estimate (approx. -2.5 to +2.5),GOV_WGI_PV.EST,0.0082817,-0.0550381999999999,-0.0659073999999999,0.00238379999999999,-0.0738359
Peru,PER,Government Effectiveness - Governance estimate (approx. -2.5 to +2.5),GOV_WGI_GE.EST,-0.106299499999999,-0.0563454,-0.0885376,-0.197054099999999,-0.2004128
Peru,PER,Rule of Law - Governance estimate (approx. -2.5 to +2.5),GOV_WGI_RL.EST,-0.4320888,-0.5208197,-0.487251699999999,-0.4787644,-0.5057749
Peru,PER,Political Stability - Governance estimate (approx. -2.5 to +2.5),GOV_WGI_PV.EST,-0.2963963,-0.334168099999999,-0.6566212,-0.7239502,-0.6544223
Philippines,PHL,Government Effectiveness - Governance estimate (approx. -2.5 to +2.5),GOV_WGI_GE.EST,0.1815124,0.1562797,0.0357929,0.1018162,0.1445214
Philippines,PHL,Rule of Law - Governance estimate (approx. -2.5 to +2.5),GOV_WGI_RL.EST,-0.6331335,-0.6736731,-0.6321996,-0.601158699999999,-0.5739681
Philippines,PHL,Political Stability - Governance estimate (approx. -2.5 to +2.5),GOV_WGI_PV.EST,-0.9415427,-1.0935816,-0.899042399999999,-0.709066,-0.7741477
Poland,POL,Government Effectiveness - Governance estimate (approx. -2.5 to +2.5),GOV_WGI_GE.EST,0.6765763,0.5887761,0.515427,0.6341038,0.6734027
Poland,POL,Rule of Law - Governance estimate (approx. -2.5 to +2.5),GOV_WGI_RL.EST,0.460073,0.4098572,0.3545463,0.3564347,0.5769112
Poland,POL,Political Stability - Governance estimate (approx. -2.5 to +2.5),GOV_WGI_PV.EST,0.5545247,0.5651963,0.537484,0.5055901,0.498655
Portugal,PRT,Government Effectiveness - Governance estimate (approx. -2.5 to +2.5),GOV_WGI_GE.EST,1.0987347,1.1677599,1.0219923,0.9658494,0.9474847
Portugal,PRT,Rule of Law - Governance estimate (approx. -2.5 to +2.5),GOV_WGI_RL.EST,1.1830529,1.1690784,1.1256864,1.0824285,1.0721547
Portugal,PRT,Political Stability - Governance estimate (approx. -2.5 to +2.5),GOV_WGI_PV.EST,0.9830461,0.9584396,0.8869409,0.7890296,0.536927
Puerto Rico (US),PRI,Government Effectiveness - Governance estimate (approx. -2.5 to +2.5),GOV_WGI_GE.EST,-0.3930492,-0.3916752,-0.5483655,-0.3079002,-0.2552121
Puerto Rico (US),PRI,Rule of Law - Governance estimate (approx. -2.5 to +2.5),GOV_WGI_RL.EST,0.515317,0.5130714,0.4254537,0.5366948,0.546037
Puerto Rico (US),PRI,Political Stability - Governance estimate (approx. -2.5 to +2.5),GOV_WGI_PV.EST,0.3722414,0.4249881,0.3070682,0.2902359,0.4382506
Qatar,QAT,Government Effectiveness - Governance estimate (approx. -2.5 to +2.5),GOV_WGI_GE.EST,0.9642748,1.1277682,1.189094,1.1464253,1.1342702
Qatar,QAT,Rule of Law - Governance estimate (approx. -2.5 to +2.5),GOV_WGI_RL.EST,0.4786325,0.5003341,0.5977458,0.5728637,0.589593
Qatar,QAT,Political Stability - Governance estimate (approx. -2.5 to +2.5),GOV_WGI_PV.EST,0.8905079,0.9259515,0.9163182,1.0147153,0.9511752
Reunion,REU,Government Effectiveness - Governance estimate (approx. -2.5 to +2.5),GOV_WGI_GE.EST,1.109205,1.1121142,1.1116761,0.7690129,0.767382
Reunion,REU,Rule of Law - Governance estimate (approx. -2.5 to +2.5),GOV_WGI_RL.EST,0.6485582,0.6399761,0.6346996,0.6332641,0.6330323
Reunion,REU,Political Stability - Governance estimate (approx. -2.5 to +2.5),GOV_WGI_PV.EST,0.2949028,0.2916282,0.2972645,0.056571,0.0449794
Romania,ROU,Government Effectiveness - Governance estimate (approx. -2.5 to +2.5),GOV_WGI_GE.EST,-0.249980099999999,-0.0777119,0.199031,0.1319311,0.4181246
Romania,ROU,Rule of Law - Governance estimate (approx. -2.5 to +2.5),GOV_WGI_RL.EST,0.4593734,0.4615581,0.4352333,0.4118457,0.3710995
Romania,ROU,Political Stability - Governance estimate (approx. -2.5 to +2.5),GOV_WGI_PV.EST,0.6180826,0.6671952,0.5499041,0.4983587,0.1588848
Russian Federation,RUS,Government Effectiveness - Governance estimate (approx. -2.5 to +2.5),GOV_WGI_GE.EST,-0.0432286,-0.1170517,-0.208680199999999,-0.208478,-0.3215539
Russian Federation,RUS,Rule of Law - Governance estimate (approx. -2.5 to +2.5),GOV_WGI_RL.EST,-0.8254091,-0.902773199999999,-1.0548583,-1.0734047,-1.15651859999999
Russian Federation,RUS,Political Stability - Governance estimate (approx. -2.5 to +2.5),GOV_WGI_PV.EST,-0.5068977,-0.5061895,-0.740939599999999,-0.8184163,-0.903284699999999
Rwanda,RWA,Government Effectiveness - Governance estimate (approx. -2.5 to +2.5),GOV_WGI_GE.EST,0.2606136,0.2102834,0.3684478,0.4086662,0.3489076
Rwanda,RWA,Rule of Law - Governance estimate (approx. -2.5 to +2.5),GOV_WGI_RL.EST,-0.0314872999999999,0.0190329,0.0067627,0.0714762,0.1002757
Rwanda,RWA,Political Stability - Governance estimate (approx. -2.5 to +2.5),GOV_WGI_PV.EST,0.1600853,0.115233,0.0294569,0.0380223,-0.0436888999999999
Samoa,WSM,Government Effectiveness - Governance estimate (approx. -2.5 to +2.5),GOV_WGI_GE.EST,0.5102513,0.512308,0.2181469,0.419559,0.4344899
Samoa,WSM,Rule of Law - Governance estimate (approx. -2.5 to +2.5),GOV_WGI_RL.EST,1.164435,1.0545903,1.0470005,1.0530364,1.0529651
Samoa,WSM,Political Stability - Governance estimate (approx. -2.5 to +2.5),GOV_WGI_PV.EST,1.1753028,1.1396511,1.2343417,1.2435234,1.2384523
San Marino,SMR,Government Effectiveness - Governance estimate (approx. -2.5 to +2.5),GOV_WGI_GE.EST,1.4534103,1.4563194,1.1591046,0.8988601,0.8976214
San Marino,SMR,Rule of Law - Governance estimate (approx. -2.5 to +2.5),GOV_WGI_RL.EST,1.4570337,1.4510365,1.2429348,1.4100336,1.1578037
San Marino,SMR,Political Stability - Governance estimate (approx. -2.5 to +2.5),GOV_WGI_PV.EST,1.2062355,1.2044193,1.3786309,1.3791391,1.3727102
Sao Tome and Principe,STP,Government Effectiveness - Governance estimate (approx. -2.5 to +2.5),GOV_WGI_GE.EST,-0.488719099999999,-0.5922232,-0.6505091,-0.6767276,-0.718673799999999
Sao Tome and Principe,STP,Rule of Law - Governance estimate (approx. -2.5 to +2.5),GOV_WGI_RL.EST,-0.356877899999999,-0.3937827,-0.294381499999999,-0.3531339,-0.3531666
Sao Tome and Principe,STP,Political Stability - Governance estimate (approx. -2.5 to +2.5),GOV_WGI_PV.EST,0.4748721,0.6052679,0.4930734,0.6193032,0.4890127
Saudi Arabia,SAU,Government Effectiveness - Governance estimate (approx. -2.5 to +2.5),GOV_WGI_GE.EST,0.1079226,0.3884752,0.5143289,0.725856,0.7833016
Saudi Arabia,SAU,Rule of Law - Governance estimate (approx. -2.5 to +2.5),GOV_WGI_RL.EST,-0.1793363,-0.1658751,0.0393234,0.1165635,0.2103549
Saudi Arabia,SAU,Political Stability - Governance estimate (approx. -2.5 to +2.5),GOV_WGI_PV.EST,-0.5528267,-0.4672131,-0.3617761,-0.2452065,-0.048171
Senegal,SEN,Government Effectiveness - Governance estimate (approx. -2.5 to +2.5),GOV_WGI_GE.EST,0.0852361,0.1309278,0.1203621,0.1516215,0.2344127
Senegal,SEN,Rule of Law - Governance estimate (approx. -2.5 to +2.5),GOV_WGI_RL.EST,-0.0993883,-0.1485159,-0.1356248,-0.170334799999999,-0.2046739
Senegal,SEN,Political Stability - Governance estimate (approx. -2.5 to +2.5),GOV_WGI_PV.EST,-0.0271012,-0.1040585,-0.2028622,-0.1534325,-0.228555999999999
Serbia,SRB,Government Effectiveness - Governance estimate (approx. -2.5 to +2.5),GOV_WGI_GE.EST,0.0476746,0.0628473,0.1788279,0.1035439,0.1019486
Serbia,SRB,Rule of Law - Governance estimate (approx. -2.5 to +2.5),GOV_WGI_RL.EST,-0.1348535,-0.1926347,-0.1559554,-0.1840377,-0.2000778
Serbia,SRB,Political Stability - Governance estimate (approx. -2.5 to +2.5),GOV_WGI_PV.EST,-0.0681568,-0.0436914,-0.0525867,0.0879568999999999,-0.168638999999999
Seychelles,SYC,Government Effectiveness - Governance estimate (approx. -2.5 to +2.5),GOV_WGI_GE.EST,0.4965414,0.5612215,0.4110747,0.5293894,0.6267672
Seychelles,SYC,Rule of Law - Governance estimate (approx. -2.5 to +2.5),GOV_WGI_RL.EST,0.532971,0.5521392,0.5983146,0.5546447,0.5968987
Seychelles,SYC,Political Stability - Governance estimate (approx. -2.5 to +2.5),GOV_WGI_PV.EST,0.727409,0.7262104,0.8411889,0.9207856,0.9164443
Sierra Leone,SLE,Government Effectiveness - Governance estimate (approx. -2.5 to +2.5),GOV_WGI_GE.EST,-0.9569812,-1.01218269999999,-0.958347899999999,-0.954490499999999,-0.9671017
Sierra Leone,SLE,Rule of Law - Governance estimate (approx. -2.5 to +2.5),GOV_WGI_RL.EST,-0.6747383,-0.759120999999999,-0.7806301,-0.8268953,-0.8385756
Sierra Leone,SLE,Political Stability - Governance estimate (approx. -2.5 to +2.5),GOV_WGI_PV.EST,-0.366900299999999,-0.2367225,-0.265426899999999,-0.5558929,-0.4501536
Singapore,SGP,Government Effectiveness - Governance estimate (approx. -2.5 to +2.5),GOV_WGI_GE.EST,2.2154522,2.2180671,2.2013027,2.2622865,2.2796267
Singapore,SGP,Rule of Law - Governance estimate (approx. -2.5 to +2.5),GOV_WGI_RL.EST,1.4703849,1.4327468,1.4279068,1.4244438,1.4311756
Singapore,SGP,Political Stability - Governance estimate (approx. -2.5 to +2.5),GOV_WGI_PV.EST,1.2855556,1.2816641,1.164789,1.2040374,1.2318778
Slovak Republic,SVK,Government Effectiveness - Governance estimate (approx. -2.5 to +2.5),GOV_WGI_GE.EST,0.6975922,0.7366757,0.7960113,0.5846525,0.6575804
Slovak Republic,SVK,Rule of Law - Governance estimate (approx. -2.5 to +2.5),GOV_WGI_RL.EST,0.5265879,0.7070856,0.5921835,0.5534478,0.5609435
Slovak Republic,SVK,Political Stability - Governance estimate (approx. -2.5 to +2.5),GOV_WGI_PV.EST,0.6167177,0.5857562,0.5294743,0.5856273,0.6343713
Slovenia,SVN,Government Effectiveness - Governance estimate (approx. -2.5 to +2.5),GOV_WGI_GE.EST,1.3704336,1.3440925,1.2580894,1.1624609,1.0893351
Slovenia,SVN,Rule of Law - Governance estimate (approx. -2.5 to +2.5),GOV_WGI_RL.EST,0.9364183,0.9260486,0.9211902,0.9707915,0.9786636
Slovenia,SVN,Political Stability - Governance estimate (approx. -2.5 to +2.5),GOV_WGI_PV.EST,0.7478672,0.7356372,0.7749516,0.8589449,0.7209146
Solomon Islands,SLB,Government Effectiveness - Governance estimate (approx. -2.5 to +2.5),GOV_WGI_GE.EST,-0.976086999999999,-1.1196101,-0.9101515,-0.9093907,-0.868619199999999
Solomon Islands,SLB,Rule of Law - Governance estimate (approx. -2.5 to +2.5),GOV_WGI_RL.EST,0.2111308,0.015353,0.1473971,0.1522162,0.1533565
Solomon Islands,SLB,Political Stability - Governance estimate (approx. -2.5 to +2.5),GOV_WGI_PV.EST,0.5368126,0.4456005,0.7315157,0.7318958,0.7499116
"Somalia, Fed. Rep.",SOM,Government Effectiveness - Governance estimate (approx. -2.5 to +2.5),GOV_WGI_GE.EST,-1.9389024,-1.96354459999999,-1.94568789999999,-1.8653529,-1.95005229999999
"Somalia, Fed. Rep.",SOM,Rule of Law - Governance estimate (approx. -2.5 to +2.5),GOV_WGI_RL.EST,-2.18341659999999,-2.16817529999999,-2.2051746,-2.1303739,-2.2054496
"Somalia, Fed. Rep.",SOM,Political Stability - Governance estimate (approx. -2.5 to +2.5),GOV_WGI_PV.EST,-2.3507544,-2.60696149999999,-2.092858,-2.1717975,-2.2630781
South Africa,ZAF,Government Effectiveness - Governance estimate (approx. -2.5 to +2.5),GOV_WGI_GE.EST,0.0953251,0.0420935,-0.0015597,-0.18467,-0.2259135
South Africa,ZAF,Rule of Law - Governance estimate (approx. -2.5 to +2.5),GOV_WGI_RL.EST,-0.0613794,0.1210745,0.0341024,0.039525,0.017703
South Africa,ZAF,Political Stability - Governance estimate (approx. -2.5 to +2.5),GOV_WGI_PV.EST,-0.2489513,-0.7738081,-0.6842882,-0.6397104,-0.6171348
South Sudan,SSD,Government Effectiveness - Governance estimate (approx. -2.5 to +2.5),GOV_WGI_GE.EST,-2.16308659999999,-2.2425859,-2.2168775,-2.2060236,-2.1728459
South Sudan,SSD,Rule of Law - Governance estimate (approx. -2.5 to +2.5),GOV_WGI_RL.EST,-1.90756779999999,-1.97781689999999,-1.9298809,-2.00017059999999,-1.9725304
South Sudan,SSD,Political Stability - Governance estimate (approx. -2.5 to +2.5),GOV_WGI_PV.EST,-2.1055063,-2.21948739999999,-1.6425543,-1.52967079999999,-1.4896464
Spain,ESP,Government Effectiveness - Governance estimate (approx. -2.5 to +2.5),GOV_WGI_GE.EST,1.0477979,1.1202722,1.1419015,1.0779914,1.110811
Spain,ESP,Rule of Law - Governance estimate (approx. -2.5 to +2.5),GOV_WGI_RL.EST,0.9801536,0.9207665,0.9606357,0.9304606,0.9317736
Spain,ESP,Political Stability - Governance estimate (approx. -2.5 to +2.5),GOV_WGI_PV.EST,0.2956928,0.38323,0.1569762,0.1484475,-0.002992
Sri Lanka,LKA,Government Effectiveness - Governance estimate (approx. -2.5 to +2.5),GOV_WGI_GE.EST,-0.1134357,-0.2353399,-0.503783099999999,-0.2845545,-0.2745215
Sri Lanka,LKA,Rule of Law - Governance estimate (approx. -2.5 to +2.5),GOV_WGI_RL.EST,-0.1909487,-0.2315397,-0.3299184,-0.31553,-0.2577461
Sri Lanka,LKA,Political Stability - Governance estimate (approx. -2.5 to +2.5),GOV_WGI_PV.EST,-0.1154138,-0.510938,-0.7621199,-0.670013,-0.350302399999999
St. Kitts and Nevis,KNA,Government Effectiveness - Governance estimate (approx. -2.5 to +2.5),GOV_WGI_GE.EST,0.7650002,0.4237045,0.691453,0.6926238,0.6913852
St. Kitts and Nevis,KNA,Rule of Law - Governance estimate (approx. -2.5 to +2.5),GOV_WGI_RL.EST,0.6337014,0.5899268,0.571593,0.5632841,0.5904494
St. Kitts and Nevis,KNA,Political Stability - Governance estimate (approx. -2.5 to +2.5),GOV_WGI_PV.EST,0.9164728,0.9147636,0.9177056,0.918184,0.9121334
St. Lucia,LCA,Government Effectiveness - Governance estimate (approx. -2.5 to +2.5),GOV_WGI_GE.EST,0.1183828,-0.1319064,0.1826232,0.3883874,0.2682296
St. Lucia,LCA,Rule of Law - Governance estimate (approx. -2.5 to +2.5),GOV_WGI_RL.EST,0.5946847,0.6252576,0.5318302,0.5120691,0.5032686
St. Lucia,LCA,Political Stability - Governance estimate (approx. -2.5 to +2.5),GOV_WGI_PV.EST,0.8698532,0.868144,1.0438207,1.044299,1.0382485
St. Vincent and the Grenadines,VCT,Government Effectiveness - Governance estimate (approx. -2.5 to +2.5),GOV_WGI_GE.EST,0.2973715,0.2995049,0.5327234,0.3287938,0.2682296
St. Vincent and the Grenadines,VCT,Rule of Law - Governance estimate (approx. -2.5 to +2.5),GOV_WGI_RL.EST,0.6515481,0.6474473,0.6160382,0.5500992,0.5017878
St. Vincent and the Grenadines,VCT,Political Stability - Governance estimate (approx. -2.5 to +2.5),GOV_WGI_PV.EST,1.0425879,1.0408786,1.0438207,1.044299,1.0382485
Sudan,SDN,Government Effectiveness - Governance estimate (approx. -2.5 to +2.5),GOV_WGI_GE.EST,-1.4293287,-1.4426029,-1.5360265,-1.7726125,-1.79393619999999
Sudan,SDN,Rule of Law - Governance estimate (approx. -2.5 to +2.5),GOV_WGI_RL.EST,-1.344873,-1.3405003,-1.4230148,-1.65553779999999,-1.7733122
Sudan,SDN,Political Stability - Governance estimate (approx. -2.5 to +2.5),GOV_WGI_PV.EST,-1.3881394,-1.7826483,-1.92571989999999,-2.0604154,-2.0243381
Suriname,SUR,Government Effectiveness - Governance estimate (approx. -2.5 to +2.5),GOV_WGI_GE.EST,-0.1418392,-0.298960499999999,-0.3711426,-0.3705232,-0.454291699999999
Suriname,SUR,Rule of Law - Governance estimate (approx. -2.5 to +2.5),GOV_WGI_RL.EST,-0.185081599999999,-0.1971687,-0.2196339,-0.1875599,-0.2085757
Suriname,SUR,Political Stability - Governance estimate (approx. -2.5 to +2.5),GOV_WGI_PV.EST,0.4628889,0.3607899,0.2466594,0.3004618,0.4782277
Sweden,SWE,Government Effectiveness - Governance estimate (approx. -2.5 to +2.5),GOV_WGI_GE.EST,1.980777,1.9668155,1.9149251,1.6930218,1.7746948
Sweden,SWE,Rule of Law - Governance estimate (approx. -2.5 to +2.5),GOV_WGI_RL.EST,1.8204763,1.7883138,1.7381383,1.6947293,1.7267013
Sweden,SWE,Political Stability - Governance estimate (approx. -2.5 to +2.5),GOV_WGI_PV.EST,0.955794,0.9471541,0.9419053,0.778803,0.6035115
Switzerland,CHE,Government Effectiveness - Governance estimate (approx. -2.5 to +2.5),GOV_WGI_GE.EST,1.9595956,2.0800555,2.0265432,2.0409373,1.8402935
Switzerland,CHE,Rule of Law - Governance estimate (approx. -2.5 to +2.5),GOV_WGI_RL.EST,1.8077068,1.7893994,1.7793511,1.7920906,1.7636516
Switzerland,CHE,Political Stability - Governance estimate (approx. -2.5 to +2.5),GOV_WGI_PV.EST,1.1126481,1.0255347,1.0254452,0.9907717,0.9806678
Syrian Arab Republic,SYR,Government Effectiveness - Governance estimate (approx. -2.5 to +2.5),GOV_WGI_GE.EST,-1.4732889,-1.5265647,-1.61489209999999,-1.6144064,-1.6726478
Syrian Arab Republic,SYR,Rule of Law - Governance estimate (approx. -2.5 to +2.5),GOV_WGI_RL.EST,-1.8514471,-1.8887237,-1.8753611,-1.8617654,-1.813556
Syrian Arab Republic,SYR,Political Stability - Governance estimate (approx. -2.5 to +2.5),GOV_WGI_PV.EST,-2.35367569999999,-2.37452369999999,-2.43824749999999,-2.4379022,-2.3680716
"Taiwan, China",TWN,Government Effectiveness - Governance estimate (approx. -2.5 to +2.5),GOV_WGI_GE.EST,1.5585386,1.456217,1.4778316,1.5218649,1.4952103
"Taiwan, China",TWN,Rule of Law - Governance estimate (approx. -2.5 to +2.5),GOV_WGI_RL.EST,1.2880608,1.2993008,1.2588774,1.27678,1.2880802
"Taiwan, China",TWN,Political Stability - Governance estimate (approx. -2.5 to +2.5),GOV_WGI_PV.EST,1.0701128,1.056929,1.0311975,1.043399,0.9166715
Tajikistan,TJK,Government Effectiveness - Governance estimate (approx. -2.5 to +2.5),GOV_WGI_GE.EST,-0.763975499999999,-0.8282832,-0.7979088,-0.7683569,-0.6009336
Tajikistan,TJK,Rule of Law - Governance estimate (approx. -2.5 to +2.5),GOV_WGI_RL.EST,-1.2395237,-1.2591682,-1.19932209999999,-1.2086884,-1.18373399999999
Tajikistan,TJK,Political Stability - Governance estimate (approx. -2.5 to +2.5),GOV_WGI_PV.EST,-0.3288928,-0.3984715,-0.4282098,-0.2876253,-0.2756522
Tanzania,TZA,Government Effectiveness - Governance estimate (approx. -2.5 to +2.5),GOV_WGI_GE.EST,-0.4883765,-0.486840899999999,-0.427250199999999,-0.405130699999999,-0.2924507
Tanzania,TZA,Rule of Law - Governance estimate (approx. -2.5 to +2.5),GOV_WGI_RL.EST,-0.565190299999999,-0.5650588,-0.5495819,-0.4944742,-0.5194228
Tanzania,TZA,Political Stability - Governance estimate (approx. -2.5 to +2.5),GOV_WGI_PV.EST,-0.6629379,-0.5751002,-0.4815853,-0.2367117,-0.3895961
Thailand,THA,Government Effectiveness - Governance estimate (approx. -2.5 to +2.5),GOV_WGI_GE.EST,0.1171649,0.2086191,0.2274924,0.3053878,0.2536395
Thailand,THA,Rule of Law - Governance estimate (approx. -2.5 to +2.5),GOV_WGI_RL.EST,-0.2036855,-0.2575207,-0.2682159,-0.1956309,-0.2155096
Thailand,THA,Political Stability - Governance estimate (approx. -2.5 to +2.5),GOV_WGI_PV.EST,-0.7333386,-0.6963747,-0.5671596,-0.4398775,-0.6833311
Timor-Leste,TLS,Government Effectiveness - Governance estimate (approx. -2.5 to +2.5),GOV_WGI_GE.EST,-0.7196526,-0.731625699999999,-0.7602183,-0.8550468,-0.898562299999999
Timor-Leste,TLS,Rule of Law - Governance estimate (approx. -2.5 to +2.5),GOV_WGI_RL.EST,-0.748894899999999,-0.640091699999999,-0.663390399999999,-0.6431026,-0.6256762
Timor-Leste,TLS,Political Stability - Governance estimate (approx. -2.5 to +2.5),GOV_WGI_PV.EST,0.2673205,0.2660158,0.4239118,0.4358404,0.5260108
Togo,TGO,Government Effectiveness - Governance estimate (approx. -2.5 to +2.5),GOV_WGI_GE.EST,-0.882900199999999,-0.877012599999999,-0.9684392,-0.917685499999999,-0.8014589
Togo,TGO,Rule of Law - Governance estimate (approx. -2.5 to +2.5),GOV_WGI_RL.EST,-0.6160719,-0.6328001,-0.675356699999999,-0.6302782,-0.632861
Togo,TGO,Political Stability - Governance estimate (approx. -2.5 to +2.5),GOV_WGI_PV.EST,-0.8075061,-0.6682329,-0.760395399999999,-0.9186036,-0.8094466
Tonga,TON,Government Effectiveness - Governance estimate (approx. -2.5 to +2.5),GOV_WGI_GE.EST,0.0702951,0.0719966,-0.2444921,-0.143801999999999,-0.0372776
Tonga,TON,Rule of Law - Governance estimate (approx. -2.5 to +2.5),GOV_WGI_RL.EST,0.7544798,0.7498563,0.7917887,0.7999012,0.6942664
Tonga,TON,Political Stability - Governance estimate (approx. -2.5 to +2.5),GOV_WGI_PV.EST,1.1156731,1.111896,1.3674794,1.2304624,1.254781
Trinidad and Tobago,TTO,Government Effectiveness - Governance estimate (approx. -2.5 to +2.5),GOV_WGI_GE.EST,0.3455076,0.332159,0.1507374,0.1511968,0.1112932
Trinidad and Tobago,TTO,Rule of Law - Governance estimate (approx. -2.5 to +2.5),GOV_WGI_RL.EST,-0.1617074,-0.1513775,-0.2477989,-0.315203499999999,-0.371533
Trinidad and Tobago,TTO,Political Stability - Governance estimate (approx. -2.5 to +2.5),GOV_WGI_PV.EST,0.059501,0.1561926,0.3498483,0.3397269,0.3600136
Tunisia,TUN,Government Effectiveness - Governance estimate (approx. -2.5 to +2.5),GOV_WGI_GE.EST,-0.0327607,-0.0145066999999999,-0.1524479,-0.1684668,-0.2393469
Tunisia,TUN,Rule of Law - Governance estimate (approx. -2.5 to +2.5),GOV_WGI_RL.EST,-0.0116452999999999,-0.0151282999999999,-0.236793299999999,-0.3148235,-0.3644942
Tunisia,TUN,Political Stability - Governance estimate (approx. -2.5 to +2.5),GOV_WGI_PV.EST,-0.4326193,-0.6668946,-0.7395623,-0.776038,-0.9248175
Turkiye,TUR,Government Effectiveness - Governance estimate (approx. -2.5 to +2.5),GOV_WGI_GE.EST,0.070917,0.0250833,-0.0247938999999999,-0.114084999999999,-0.0707153
Turkiye,TUR,Rule of Law - Governance estimate (approx. -2.5 to +2.5),GOV_WGI_RL.EST,-0.709944799999999,-0.775344399999999,-0.7798318,-0.799233499999999,-0.8434149
Turkiye,TUR,Political Stability - Governance estimate (approx. -2.5 to +2.5),GOV_WGI_PV.EST,-1.0396051,-0.9721057,-0.935033599999999,-0.884477,-0.970710499999999
Turkmenistan,TKM,Government Effectiveness - Governance estimate (approx. -2.5 to +2.5),GOV_WGI_GE.EST,-0.986675099999999,-0.985300899999999,-0.485807899999999,-0.485174499999999,-1.0591384
Turkmenistan,TKM,Rule of Law - Governance estimate (approx. -2.5 to +2.5),GOV_WGI_RL.EST,-1.53039329999999,-1.5825855,-1.4336464,-1.4327839,-1.4131747
Turkmenistan,TKM,Political Stability - Governance estimate (approx. -2.5 to +2.5),GOV_WGI_PV.EST,-0.1270103,-0.224582999999999,0.2106842,0.2072195,0.2455892
Tuvalu,TUV,Government Effectiveness - Governance estimate (approx. -2.5 to +2.5),GOV_WGI_GE.EST,-0.571291099999999,-0.4276442,-0.4080989,-0.5905787,-0.6909856
Tuvalu,TUV,Rule of Law - Governance estimate (approx. -2.5 to +2.5),GOV_WGI_RL.EST,0.9463084,0.9727856,1.0040365,1.1957133,1.2213564
Tuvalu,TUV,Political Stability - Governance estimate (approx. -2.5 to +2.5),GOV_WGI_PV.EST,1.234863,1.2851524,1.4735212,1.4739295,1.4687654
Uganda,UGA,Government Effectiveness - Governance estimate (approx. -2.5 to +2.5),GOV_WGI_GE.EST,-0.5765401,-0.5687509,-0.5149724,-0.4315787,-0.3501362
Uganda,UGA,Rule of Law - Governance estimate (approx. -2.5 to +2.5),GOV_WGI_RL.EST,-0.690221499999999,-0.7277087,-0.729024799999999,-0.752792999999999,-0.738524299999999
Uganda,UGA,Political Stability - Governance estimate (approx. -2.5 to +2.5),GOV_WGI_PV.EST,-0.842814499999999,-0.9440307,-1.0920608,-1.0298391,-1.0222248
Ukraine,UKR,Government Effectiveness - Governance estimate (approx. -2.5 to +2.5),GOV_WGI_GE.EST,-0.3827228,-0.404859099999999,-0.6371971,-0.5803376,-0.5988431
Ukraine,UKR,Rule of Law - Governance estimate (approx. -2.5 to +2.5),GOV_WGI_RL.EST,-0.5670134,-0.5685603,-0.742306199999999,-0.7454054,-0.720198999999999
Ukraine,UKR,Political Stability - Governance estimate (approx. -2.5 to +2.5),GOV_WGI_PV.EST,-0.9599236,-0.990563099999999,-1.05075649999999,-0.545978,-0.432315
United Arab Emirates,ARE,Government Effectiveness - Governance estimate (approx. -2.5 to +2.5),GOV_WGI_GE.EST,1.0036502,1.0744083,1.133184,1.3100836,1.2599659
United Arab Emirates,ARE,Rule of Law - Governance estimate (approx. -2.5 to +2.5),GOV_WGI_RL.EST,0.3974987,0.338504,0.409903,0.4492886,0.4968448
United Arab Emirates,ARE,Political Stability - Governance estimate (approx. -2.5 to +2.5),GOV_WGI_PV.EST,0.826942,0.839581,0.883216,0.7829523,0.7886704
United Kingdom,GBR,Government Effectiveness - Governance estimate (approx. -2.5 to +2.5),GOV_WGI_GE.EST,1.3728014,1.3289695,1.2932604,1.1378943,1.1849099
United Kingdom,GBR,Rule of Law - Governance estimate (approx. -2.5 to +2.5),GOV_WGI_RL.EST,1.3554927,1.3061844,1.2994581,1.2703547,1.269914
United Kingdom,GBR,Political Stability - Governance estimate (approx. -2.5 to +2.5),GOV_WGI_PV.EST,0.5102213,0.4363658,0.3676912,0.3683427,0.2577085
United States,USA,Government Effectiveness - Governance estimate (approx. -2.5 to +2.5),GOV_WGI_GE.EST,1.4026997,1.4427774,1.4713232,1.3585237,1.3599787
United States,USA,Rule of Law - Governance estimate (approx. -2.5 to +2.5),GOV_WGI_RL.EST,1.0043814,1.0279752,1.0518325,0.9606912,0.9617896
United States,USA,Political Stability - Governance estimate (approx. -2.5 to +2.5),GOV_WGI_PV.EST,-0.146807,-0.126399999999999,-0.1626087,-0.193136399999999,-0.0951125
Uruguay,URY,Government Effectiveness - Governance estimate (approx. -2.5 to +2.5),GOV_WGI_GE.EST,0.7691696,0.8270962,0.8993588,0.8539851,0.6904799
Uruguay,URY,Rule of Law - Governance estimate (approx. -2.5 to +2.5),GOV_WGI_RL.EST,0.8853539,0.9518641,0.9765591,0.9573597,0.9505638
Uruguay,URY,Political Stability - Governance estimate (approx. -2.5 to +2.5),GOV_WGI_PV.EST,1.1512208,1.1500797,1.3035622,1.181072,1.2779376
Uzbekistan,UZB,Government Effectiveness - Governance estimate (approx. -2.5 to +2.5),GOV_WGI_GE.EST,-0.656687999999999,-0.3035457,-0.3830537,-0.298574399999999,-0.1435922
Uzbekistan,UZB,Rule of Law - Governance estimate (approx. -2.5 to +2.5),GOV_WGI_RL.EST,-0.912569899999999,-0.700166499999999,-0.6719908,-0.6742999,-0.6562072
Uzbekistan,UZB,Political Stability - Governance estimate (approx. -2.5 to +2.5),GOV_WGI_PV.EST,-0.3614058,-0.221247,-0.2325524,-0.2504784,-0.0267335
Vanuatu,VUT,Government Effectiveness - Governance estimate (approx. -2.5 to +2.5),GOV_WGI_GE.EST,-0.757826,-0.8022922,-0.802548399999999,-0.8432371,-0.8168523
Vanuatu,VUT,Rule of Law - Governance estimate (approx. -2.5 to +2.5),GOV_WGI_RL.EST,0.5488283,0.6224841,0.4948511,0.4196732,0.4215614
Vanuatu,VUT,Political Stability - Governance estimate (approx. -2.5 to +2.5),GOV_WGI_PV.EST,0.9435444,0.9586235,0.9784231,0.9649424,0.960216
"Venezuela, RB",VEN,Government Effectiveness - Governance estimate (approx. -2.5 to +2.5),GOV_WGI_GE.EST,-1.562144,-1.5198422,-1.5015522,-1.43242089999999,-1.46624969999999
"Venezuela, RB",VEN,Rule of Law - Governance estimate (approx. -2.5 to +2.5),GOV_WGI_RL.EST,-2.3520631,-2.3086878,-2.2378914,-2.2007889,-2.20427409999999
"Venezuela, RB",VEN,Political Stability - Governance estimate (approx. -2.5 to +2.5),GOV_WGI_PV.EST,-1.4257071,-1.2895082,-1.1268117,-1.1035948,-1.74042419999999
Viet Nam,VNM,Government Effectiveness - Governance estimate (approx. -2.5 to +2.5),GOV_WGI_GE.EST,0.0679668,0.0482402,-0.1033176,-0.1794045,-0.0922968
Viet Nam,VNM,Rule of Law - Governance estimate (approx. -2.5 to +2.5),GOV_WGI_RL.EST,-0.3016754,-0.310641599999999,-0.3368491,-0.340198899999999,-0.3139343
Viet Nam,VNM,Political Stability - Governance estimate (approx. -2.5 to +2.5),GOV_WGI_PV.EST,0.1302346,0.1345844,0.1227944,0.0907515,0.0056736
Virgin Islands (U.S.),VIR,Government Effectiveness - Governance estimate (approx. -2.5 to +2.5),GOV_WGI_GE.EST,0.4207953,0.4237045,0.3748592,0.37603,0.3747914
Virgin Islands (U.S.),VIR,Rule of Law - Governance estimate (approx. -2.5 to +2.5),GOV_WGI_RL.EST,0.8753325,0.8667504,0.580531,0.5794817,0.5793123
Virgin Islands (U.S.),VIR,Political Stability - Governance estimate (approx. -2.5 to +2.5),GOV_WGI_PV.EST,0.9766825,0.5654024,0.9782486,0.9788563,0.9711697
West Bank and Gaza,PSE,Government Effectiveness - Governance estimate (approx. -2.5 to +2.5),GOV_WGI_GE.EST,-0.4497852,-0.6289954,-0.7155811,-1.04199169999999,-1.0985907
West Bank and Gaza,PSE,Rule of Law - Governance estimate (approx. -2.5 to +2.5),GOV_WGI_RL.EST,-0.884182199999999,-0.8929068,-0.8475185,-0.885715399999999,-0.989397099999999
West Bank and Gaza,PSE,Political Stability - Governance estimate (approx. -2.5 to +2.5),GOV_WGI_PV.EST,-1.7401966,-1.6333144,-1.5318512,-1.619148,-1.8763518
"Yemen, Rep.",YEM,Government Effectiveness - Governance estimate (approx. -2.5 to +2.5),GOV_WGI_GE.EST,-2.0039308,-1.9786346,-1.79929299999999,-1.8878464,-1.87279819999999
"Yemen, Rep.",YEM,Rule of Law - Governance estimate (approx. -2.5 to +2.5),GOV_WGI_RL.EST,-1.82232929999999,-1.8471399,-1.91002569999999,-1.9069106,-1.90158959999999
"Yemen, Rep.",YEM,Political Stability - Governance estimate (approx. -2.5 to +2.5),GOV_WGI_PV.EST,-2.65635899999999,-2.6676713,-2.61245769999999,-2.6264387,-2.7505641
Zambia,ZMB,Government Effectiveness - Governance estimate (approx. -2.5 to +2.5),GOV_WGI_GE.EST,-0.7343493,-0.7266708,-0.5899419,-0.5628206,-0.5330555
Zambia,ZMB,Rule of Law - Governance estimate (approx. -2.5 to +2.5),GOV_WGI_RL.EST,-0.6567755,-0.6026535,-0.6313823,-0.6089819,-0.5611771
Zambia,ZMB,Political Stability - Governance estimate (approx. -2.5 to +2.5),GOV_WGI_PV.EST,-0.3679359,-0.158277199999999,0.0456326,-0.0111463999999999,-0.1007849
Zimbabwe,ZWE,Government Effectiveness - Governance estimate (approx. -2.5 to +2.5),GOV_WGI_GE.EST,-1.1252829,-1.0994958,-1.09976269999999,-0.988479599999999,-0.9876299
Zimbabwe,ZWE,Rule of Law - Governance estimate (approx. -2.5 to +2.5),GOV_WGI_RL.EST,-1.24233859999999,-1.263628,-1.3005258,-1.2681513,-1.2109412
Zimbabwe,ZWE,Political Stability - Governance estimate (approx. -2.5 to +2.5),GOV_WGI_PV.EST,-1.0459616,-1.0184197,-0.8261001,-0.998213999999999,-1.0172382
,,,,,,,,
,,,,,,,,
,,,,,,,,
Data from database: Worldwide Governance Indicators,,,,,,,,
Last Updated: 03/18/2026,,,,,,,,
