Country Name,Country Code,Series Name,Series Code,2020 [YR2020],2021 [YR2021],2022 [YR2022],2023 [YR2023],2024 [YR2024],2025 [YR2025]
Afghanistan,AFG,Access to electricity (% of population),EG.ELC.ACCS.ZS,97.7,97.7,85.3,85.3,..,..
Afghanistan,AFG,People using at least basic drinking water services (% of population),SH.H2O.BASW.ZS,72.1820710205908,74.5545259961346,76.9392075646596,78.926564391722,80.8324374493852,..
Afghanistan,AFG,People using at least basic sanitation services (% of population),SH.STA.BASS.ZS,48.9056813120247,50.2966403259731,51.6914397704169,53.0909369400519,54.4957993646086,..
Albania,ALB,Access to electricity (% of population),EG.ELC.ACCS.ZS,100,100,100,100,..,..
Albania,ALB,People using at least basic drinking water services (% of population),SH.H2O.BASW.ZS,95.0680381522002,95.0815150513051,95.0945651327655,95.107207538325,95.1194270680062,..
Albania,ALB,People using at least basic sanitation services (% of population),SH.STA.BASS.ZS,99.298792439378,99.2990351357274,99.2992678183537,99.2994944120586,99.2997151439025,..
Algeria,DZA,Access to electricity (% of population),EG.ELC.ACCS.ZS,99.7,99.8,100,100,..,..
Algeria,DZA,People using at least basic drinking water services (% of population),SH.H2O.BASW.ZS,92.1378242692677,92.273231858432,92.3236727252335,92.3726404744191,92.4200285933986,..
Algeria,DZA,People using at least basic sanitation services (% of population),SH.STA.BASS.ZS,85.9654731245039,85.7843029485606,85.8262858406741,85.8670433970582,85.9064861325463,..
American Samoa,ASM,Access to electricity (% of population),EG.ELC.ACCS.ZS,..,..,..,..,..,..
American Samoa,ASM,People using at least basic drinking water services (% of population),SH.H2O.BASW.ZS,99.7427169210217,99.9781289242709,100,100,100,..
American Samoa,ASM,People using at least basic sanitation services (% of population),SH.STA.BASS.ZS,62.1354996547904,62.1275988186987,62.119697982607,62.119697982607,62.119697982607,..
Andorra,AND,Access to electricity (% of population),EG.ELC.ACCS.ZS,100,100,100,100,..,..
Andorra,AND,People using at least basic drinking water services (% of population),SH.H2O.BASW.ZS,99.9999952180714,100,99.9999963147646,100,100,..
Andorra,AND,People using at least basic sanitation services (% of population),SH.STA.BASS.ZS,99.9999952180714,100,99.9999963147646,100,100,..
Angola,AGO,Access to electricity (% of population),EG.ELC.ACCS.ZS,47,48.2,48.5,51.1,..,..
Angola,AGO,People using at least basic drinking water services (% of population),SH.H2O.BASW.ZS,64.9440305436538,65.716257719435,66.47632731978,67.2244252588497,67.9607422242112,..
Angola,AGO,People using at least basic sanitation services (% of population),SH.STA.BASS.ZS,49.8016376564917,50.0511353702384,50.2951359158799,..,..,..
Antigua and Barbuda,ATG,Access to electricity (% of population),EG.ELC.ACCS.ZS,100,100,100,100,..,..
Antigua and Barbuda,ATG,People using at least basic drinking water services (% of population),SH.H2O.BASW.ZS,98.9224941519798,98.9226250605056,98.9227120997739,98.9227464138028,98.9227269324043,..
Antigua and Barbuda,ATG,People using at least basic sanitation services (% of population),SH.STA.BASS.ZS,99.6041813873018,99.6050402706189,99.605594345624,99.6058209466968,99.6057190215246,..
Argentina,ARG,Access to electricity (% of population),EG.ELC.ACCS.ZS,100,100,100,100,..,..
Argentina,ARG,People using at least basic drinking water services (% of population),SH.H2O.BASW.ZS,..,..,..,..,..,..
Argentina,ARG,People using at least basic sanitation services (% of population),SH.STA.BASS.ZS,..,..,..,..,..,..
Armenia,ARM,Access to electricity (% of population),EG.ELC.ACCS.ZS,100,100,100,100,..,..
Armenia,ARM,People using at least basic drinking water services (% of population),SH.H2O.BASW.ZS,99.4561137881716,99.4534764633698,99.9128544293373,99.9222036184019,99.9315721509168,..
Armenia,ARM,People using at least basic sanitation services (% of population),SH.STA.BASS.ZS,92.7619845664061,93.0320229848765,93.3068358390677,93.5674537130871,93.6649426520095,..
Aruba,ABW,Access to electricity (% of population),EG.ELC.ACCS.ZS,100,100,99.9,100,..,..
Aruba,ABW,People using at least basic drinking water services (% of population),SH.H2O.BASW.ZS,..,..,..,..,..,..
Aruba,ABW,People using at least basic sanitation services (% of population),SH.STA.BASS.ZS,98.7611928125653,98.8005972638482,98.8400017151311,98.8400017151311,98.8400017151311,..
Australia,AUS,Access to electricity (% of population),EG.ELC.ACCS.ZS,100,100,100,100,..,..
Australia,AUS,People using at least basic drinking water services (% of population),SH.H2O.BASW.ZS,99.9698157102474,99.9697732704149,99.9697269040604,99.9696841388095,99.9696359649334,..
Australia,AUS,People using at least basic sanitation services (% of population),SH.STA.BASS.ZS,100,100,100,100,100,..
Austria,AUT,Access to electricity (% of population),EG.ELC.ACCS.ZS,100,100,100,100,..,..
Austria,AUT,People using at least basic drinking water services (% of population),SH.H2O.BASW.ZS,99.9999975918171,100,99.999997328228,100,99.9999971947745,..
Austria,AUT,People using at least basic sanitation services (% of population),SH.STA.BASS.ZS,99.9726022326155,99.9724908948366,99.9723650796655,99.9722421586423,99.9721024074429,..
Azerbaijan,AZE,Access to electricity (% of population),EG.ELC.ACCS.ZS,100,100,100,100,..,..
Azerbaijan,AZE,People using at least basic drinking water services (% of population),SH.H2O.BASW.ZS,94.1597003364215,95.0977447085139,96.0035655798849,96.8490385896936,97.6880841665339,..
Azerbaijan,AZE,People using at least basic sanitation services (% of population),SH.STA.BASS.ZS,94.4852164889199,95.8663117734363,96.9106527966691,97.9482163589564,98.9785069136854,..
"Bahamas, The",BHS,Access to electricity (% of population),EG.ELC.ACCS.ZS,100,100,100,100,..,..
"Bahamas, The",BHS,People using at least basic drinking water services (% of population),SH.H2O.BASW.ZS,..,..,..,..,..,..
"Bahamas, The",BHS,People using at least basic sanitation services (% of population),SH.STA.BASS.ZS,..,..,..,..,..,..
Bahrain,BHR,Access to electricity (% of population),EG.ELC.ACCS.ZS,100,100,100,100,..,..
Bahrain,BHR,People using at least basic drinking water services (% of population),SH.H2O.BASW.ZS,99.9198990209829,99.9198990209829,99.9198990209829,99.9198990209829,99.9198990209829,..
Bahrain,BHR,People using at least basic sanitation services (% of population),SH.STA.BASS.ZS,100,100,100,100,100,..
Bangladesh,BGD,Access to electricity (% of population),EG.ELC.ACCS.ZS,96.2,99,99.4,99.5,..,..
Bangladesh,BGD,People using at least basic drinking water services (% of population),SH.H2O.BASW.ZS,98.2725719690138,98.4379436580879,98.5792972461401,98.6816683567859,98.7825421934741,..
Bangladesh,BGD,People using at least basic sanitation services (% of population),SH.STA.BASS.ZS,59.7111659386902,61.6770898454809,63.6502711298232,65.6304136319171,67.6171751221237,..
Barbados,BRB,Access to electricity (% of population),EG.ELC.ACCS.ZS,100,100,100,100,..,..
Barbados,BRB,People using at least basic drinking water services (% of population),SH.H2O.BASW.ZS,99.0199303950083,99.0674985116994,99.1150666283904,99.1626347450814,99.1626347450814,..
Barbados,BRB,People using at least basic sanitation services (% of population),SH.STA.BASS.ZS,97.3312392700884,97.3330327442074,98.0924623115578,98.0924623115578,98.0924623115578,..
Belarus,BLR,Access to electricity (% of population),EG.ELC.ACCS.ZS,100,100,100,100,..,..
Belarus,BLR,People using at least basic drinking water services (% of population),SH.H2O.BASW.ZS,99.2623480849323,99.3932172039885,99.8584120587223,99.8755846398108,99.8924920429612,..
Belarus,BLR,People using at least basic sanitation services (% of population),SH.STA.BASS.ZS,99.5940049296976,99.6591219571066,99.6897638568081,99.7199437262096,99.7473526999237,..
Belgium,BEL,Access to electricity (% of population),EG.ELC.ACCS.ZS,100,100,100,100,..,..
Belgium,BEL,People using at least basic drinking water services (% of population),SH.H2O.BASW.ZS,100,99.9999987625062,100,99.9999973101139,100,..
Belgium,BEL,People using at least basic sanitation services (% of population),SH.STA.BASS.ZS,99.4862025266725,99.486206436114,99.4862152277247,99.4862165648512,99.486220664134,..
Belize,BLZ,Access to electricity (% of population),EG.ELC.ACCS.ZS,96.8,97.7,98.6,99.6,..,..
Belize,BLZ,People using at least basic drinking water services (% of population),SH.H2O.BASW.ZS,94.3918809907388,94.6148163127858,94.7220374936113,94.8298821080115,94.8473253067341,..
Belize,BLZ,People using at least basic sanitation services (% of population),SH.STA.BASS.ZS,84.1193982319828,84.1586414948366,84.2021316466722,84.2497280854857,84.3017658171591,..
Benin,BEN,Access to electricity (% of population),EG.ELC.ACCS.ZS,41,42,56.5,57,..,..
Benin,BEN,People using at least basic drinking water services (% of population),SH.H2O.BASW.ZS,68.3129505616936,68.6381245479094,68.9589815769274,69.2752913846942,69.5868397867067,..
Benin,BEN,People using at least basic sanitation services (% of population),SH.STA.BASS.ZS,19.501704357901,20.1721169387367,20.853650768615,21.5460291941212,22.248968702791,..
Bermuda,BMU,Access to electricity (% of population),EG.ELC.ACCS.ZS,100,100,100,100,..,..
Bermuda,BMU,People using at least basic drinking water services (% of population),SH.H2O.BASW.ZS,100,100,100,100,100,..
Bermuda,BMU,People using at least basic sanitation services (% of population),SH.STA.BASS.ZS,99.9416526015971,99.9416526015971,99.9416526015971,99.9416526015971,99.9416526015971,..
Bhutan,BTN,Access to electricity (% of population),EG.ELC.ACCS.ZS,100,100,100,100,..,..
Bhutan,BTN,People using at least basic drinking water services (% of population),SH.H2O.BASW.ZS,99.0775205402574,99.1933487306505,99.3108092905856,99.4298614038042,99.5465791835972,..
Bhutan,BTN,People using at least basic sanitation services (% of population),SH.STA.BASS.ZS,80.5347803811223,82.1461906791953,83.7339782184806,85.2990010822165,86.8421082075035,..
Bolivia,BOL,Access to electricity (% of population),EG.ELC.ACCS.ZS,97.2,98.6,99.9,99.8,..,..
Bolivia,BOL,People using at least basic drinking water services (% of population),SH.H2O.BASW.ZS,91.6695086739786,92.1056066930792,92.5375227246145,92.9647725892341,93.3877494672031,..
Bolivia,BOL,People using at least basic sanitation services (% of population),SH.STA.BASS.ZS,65.4426819747995,67.2484529429256,69.0727323107113,70.4335419312464,71.5839204142996,..
Bosnia and Herzegovina,BIH,Access to electricity (% of population),EG.ELC.ACCS.ZS,100,100,100,100,..,..
Bosnia and Herzegovina,BIH,People using at least basic drinking water services (% of population),SH.H2O.BASW.ZS,96.1287930670731,96.1188407812551,96.1086192936171,96.0981021077665,96.0873127231219,..
Bosnia and Herzegovina,BIH,People using at least basic sanitation services (% of population),SH.STA.BASS.ZS,..,..,..,..,..,..
Botswana,BWA,Access to electricity (% of population),EG.ELC.ACCS.ZS,71.8,73.7,75.9,76,..,..
Botswana,BWA,People using at least basic drinking water services (% of population),SH.H2O.BASW.ZS,91.5461365187927,91.6110310251098,91.6703014636918,91.7236550803662,91.7713640807246,..
Botswana,BWA,People using at least basic sanitation services (% of population),SH.STA.BASS.ZS,70.3974291175514,70.9542350453954,71.4864919930582,71.9941392506475,72.115456599001,..
Brazil,BRA,Access to electricity (% of population),EG.ELC.ACCS.ZS,99.7,99.5,100,99.8,..,..
Brazil,BRA,People using at least basic drinking water services (% of population),SH.H2O.BASW.ZS,99.0720677672897,99.4272648803619,99.6149419025106,99.8980595100623,99.9999987323028,..
Brazil,BRA,People using at least basic sanitation services (% of population),SH.STA.BASS.ZS,89.5591441286736,90.3198016289812,91.0196550646128,91.7128476214348,92.4012701604853,..
British Virgin Islands,VGB,Access to electricity (% of population),EG.ELC.ACCS.ZS,100,100,100,100,..,..
British Virgin Islands,VGB,People using at least basic drinking water services (% of population),SH.H2O.BASW.ZS,99.8643835616439,99.8643835616439,99.8643835616439,99.8643835616439,99.8643835616439,..
British Virgin Islands,VGB,People using at least basic sanitation services (% of population),SH.STA.BASS.ZS,..,..,..,..,..,..
Brunei Darussalam,BRN,Access to electricity (% of population),EG.ELC.ACCS.ZS,100,100,100,100,..,..
Brunei Darussalam,BRN,People using at least basic drinking water services (% of population),SH.H2O.BASW.ZS,100,100,100,100,100,..
Brunei Darussalam,BRN,People using at least basic sanitation services (% of population),SH.STA.BASS.ZS,97.0475546033103,98.2641900046024,99.4808254058944,100,100,..
Bulgaria,BGR,Access to electricity (% of population),EG.ELC.ACCS.ZS,99.7,99.8,100,100,..,..
Bulgaria,BGR,People using at least basic drinking water services (% of population),SH.H2O.BASW.ZS,99.2544596990953,99.2363227360567,99.2187440542721,99.2017331871692,99.1852515713458,..
Bulgaria,BGR,People using at least basic sanitation services (% of population),SH.STA.BASS.ZS,86.0351484540034,86.0455390086067,86.0559026317979,86.0662621462475,86.0765607063355,..
Burkina Faso,BFA,Access to electricity (% of population),EG.ELC.ACCS.ZS,18.5,19,19.5,21.7,..,..
Burkina Faso,BFA,People using at least basic drinking water services (% of population),SH.H2O.BASW.ZS,50.3862637931321,50.0752719507407,49.7662606215165,49.4606606678806,49.9986600107497,..
Burkina Faso,BFA,People using at least basic sanitation services (% of population),SH.STA.BASS.ZS,27.7597483878875,28.8068022658045,29.8585926182987,30.9150753845811,31.7963485938203,..
Burundi,BDI,Access to electricity (% of population),EG.ELC.ACCS.ZS,9.1,10.2,10.3,11.6,..,..
Burundi,BDI,People using at least basic drinking water services (% of population),SH.H2O.BASW.ZS,64.4028716190814,65.0493033882129,65.6975597350143,65.8069881708757,65.9191041847553,..
Burundi,BDI,People using at least basic sanitation services (% of population),SH.STA.BASS.ZS,44.4548070620661,44.5545225988873,44.6569603684061,44.6456125902738,44.6339890793582,..
Cabo Verde,CPV,Access to electricity (% of population),EG.ELC.ACCS.ZS,93.7,95.5,97.1,98.6,..,..
Cabo Verde,CPV,People using at least basic drinking water services (% of population),SH.H2O.BASW.ZS,88.5325658069206,89.2475125078835,90.0089261333879,91.14605423466,92.2800892661912,..
Cabo Verde,CPV,People using at least basic sanitation services (% of population),SH.STA.BASS.ZS,80.9181460926349,83.0030877232497,83.045304882988,83.0869470550891,83.1279216157097,..
Cambodia,KHM,Access to electricity (% of population),EG.ELC.ACCS.ZS,86.4,82.5,92.3,95,..,..
Cambodia,KHM,People using at least basic drinking water services (% of population),SH.H2O.BASW.ZS,78.6484857238686,79.7640004029773,80.8599549237853,81.8888688771299,82.8497572939701,..
Cambodia,KHM,People using at least basic sanitation services (% of population),SH.STA.BASS.ZS,70.4910427870757,73.7752065517154,77.0641162411033,80.3569034278216,83.3359328714314,..
Cameroon,CMR,Access to electricity (% of population),EG.ELC.ACCS.ZS,64.3,65.4,71,72,..,..
Cameroon,CMR,People using at least basic drinking water services (% of population),SH.H2O.BASW.ZS,69.29764588045,69.787122797367,70.2600597493354,70.7167101481695,71.410178711283,..
Cameroon,CMR,People using at least basic sanitation services (% of population),SH.STA.BASS.ZS,45.2885112207418,45.7300133468788,46.1747220268822,46.6226225275107,47.0729484414837,..
Canada,CAN,Access to electricity (% of population),EG.ELC.ACCS.ZS,100,100,100,100,..,..
Canada,CAN,People using at least basic drinking water services (% of population),SH.H2O.BASW.ZS,98.4952442433058,98.4271662446964,98.35892858848,98.2905039744417,98.2902608624259,..
Canada,CAN,People using at least basic sanitation services (% of population),SH.STA.BASS.ZS,98.6730086081464,98.5885671606396,98.5883597851291,98.5881318805776,98.5878834990178,..
Cayman Islands,CYM,Access to electricity (% of population),EG.ELC.ACCS.ZS,100,100,100,100,..,..
Cayman Islands,CYM,People using at least basic drinking water services (% of population),SH.H2O.BASW.ZS,95.5733128834356,95.5355828220859,95.4978527607362,95.4601226993865,95.4601226993865,..
Cayman Islands,CYM,People using at least basic sanitation services (% of population),SH.STA.BASS.ZS,83.3093007668711,83.2879829754601,83.2662883435582,83.2442168711656,83.2442168711656,..
Central African Republic,CAF,Access to electricity (% of population),EG.ELC.ACCS.ZS,15.4,15.7,15.7,17.6,..,..
Central African Republic,CAF,People using at least basic drinking water services (% of population),SH.H2O.BASW.ZS,37.2024024961025,36.1973817854423,36.2950440146654,36.3972597405494,36.5040268237207,..
Central African Republic,CAF,People using at least basic sanitation services (% of population),SH.STA.BASS.ZS,14.1186349646869,13.7575074575386,13.8462941483121,13.939220081887,14.0362838980325,..
Chad,TCD,Access to electricity (% of population),EG.ELC.ACCS.ZS,10.9,11.3,11.7,12,..,..
Chad,TCD,People using at least basic drinking water services (% of population),SH.H2O.BASW.ZS,51.195378612918,51.8991024750567,51.9951528405103,52.0983569633172,52.2090525523694,..
Chad,TCD,People using at least basic sanitation services (% of population),SH.STA.BASS.ZS,12.5503209104072,12.823518442494,12.9220668166821,13.0279538007946,13.1415290614475,..
Channel Islands,CHI,Access to electricity (% of population),EG.ELC.ACCS.ZS,100,100,100,100,..,..
Channel Islands,CHI,People using at least basic drinking water services (% of population),SH.H2O.BASW.ZS,..,..,..,..,..,..
Channel Islands,CHI,People using at least basic sanitation services (% of population),SH.STA.BASS.ZS,..,..,..,..,..,..
Chile,CHL,Access to electricity (% of population),EG.ELC.ACCS.ZS,100,100,100,100,..,..
Chile,CHL,People using at least basic drinking water services (% of population),SH.H2O.BASW.ZS,98.671391193466,98.7780212070676,98.8839274081625,98.9890250912798,99.0811612150969,..
Chile,CHL,People using at least basic sanitation services (% of population),SH.STA.BASS.ZS,99.3144814902357,100,99.9999982963226,100,99.9999955987514,..
China,CHN,Access to electricity (% of population),EG.ELC.ACCS.ZS,100,100,100,100,..,..
China,CHN,People using at least basic drinking water services (% of population),SH.H2O.BASW.ZS,93.9705270769772,94.6329735273297,95.4385845932759,96.0883413082236,96.1224151867516,..
China,CHN,People using at least basic sanitation services (% of population),SH.STA.BASS.ZS,92.8514975328901,94.3857583646751,95.8923648413213,97.2411682339468,97.2718787578263,..
Colombia,COL,Access to electricity (% of population),EG.ELC.ACCS.ZS,99.7,100,100,98.7,..,..
Colombia,COL,People using at least basic drinking water services (% of population),SH.H2O.BASW.ZS,96.3025836876793,96.5223081416627,96.7380353192518,96.9496589659827,97.0965711084738,..
Colombia,COL,People using at least basic sanitation services (% of population),SH.STA.BASS.ZS,93.0987394041419,93.9711220297613,94.8425154559797,95.7128008202529,96.5820151977995,..
Comoros,COM,Access to electricity (% of population),EG.ELC.ACCS.ZS,85.6,87.9,89.9,89.8,..,..
Comoros,COM,People using at least basic drinking water services (% of population),SH.H2O.BASW.ZS,85.4750115485724,85.368182871054,85.2623417962655,85.1575256557465,85.0539278589302,..
Comoros,COM,People using at least basic sanitation services (% of population),SH.STA.BASS.ZS,52.6066035113726,53.7961210274577,54.9623663372908,56.104836588019,57.2230888156822,..
"Congo, Dem. Rep.",COD,Access to electricity (% of population),EG.ELC.ACCS.ZS,20.1,20.8,21.5,22.1,..,..
"Congo, Dem. Rep.",COD,People using at least basic drinking water services (% of population),SH.H2O.BASW.ZS,35.5104494105668,35.3236207810538,35.1273466119185,35.4034461859588,35.6813611952254,..
"Congo, Dem. Rep.",COD,People using at least basic sanitation services (% of population),SH.STA.BASS.ZS,16.1158651582213,16.1461710925268,16.1744730669276,16.2386817602994,16.3033122368932,..
"Congo, Rep.",COG,Access to electricity (% of population),EG.ELC.ACCS.ZS,48.7,49.7,50.6,51.3,..,..
"Congo, Rep.",COG,People using at least basic drinking water services (% of population),SH.H2O.BASW.ZS,73.2936799973637,73.4884211673414,..,..,..,..
"Congo, Rep.",COG,People using at least basic sanitation services (% of population),SH.STA.BASS.ZS,20.4597460251332,20.5548099594917,..,..,..,..
Costa Rica,CRI,Access to electricity (% of population),EG.ELC.ACCS.ZS,99.9,100,100,100,..,..
Costa Rica,CRI,People using at least basic drinking water services (% of population),SH.H2O.BASW.ZS,99.8105394546059,99.8118715066538,99.8131236656386,99.8143035929016,99.8154123406248,..
Costa Rica,CRI,People using at least basic sanitation services (% of population),SH.STA.BASS.ZS,98.0823538854413,98.265064236441,98.4434940972081,98.6179737414505,98.7888406524124,..
Cote d'Ivoire,CIV,Access to electricity (% of population),EG.ELC.ACCS.ZS,69.9,71.1,72,72.4,..,..
Cote d'Ivoire,CIV,People using at least basic drinking water services (% of population),SH.H2O.BASW.ZS,75.9870680852305,76.3229847618577,76.6566348508061,76.9878854497263,77.2470593822361,..
Cote d'Ivoire,CIV,People using at least basic sanitation services (% of population),SH.STA.BASS.ZS,36.7505613601134,37.704616869195,38.6680398290793,39.6407426651959,40.4070687976128,..
Croatia,HRV,Access to electricity (% of population),EG.ELC.ACCS.ZS,100,100,100,100,..,..
Croatia,HRV,People using at least basic drinking water services (% of population),SH.H2O.BASW.ZS,99.9019753269295,99.9022621135501,99.9025569316728,99.9028641950813,99.903181204483,..
Croatia,HRV,People using at least basic sanitation services (% of population),SH.STA.BASS.ZS,95.7800263365526,95.7936994032533,..,..,..,..
Cuba,CUB,Access to electricity (% of population),EG.ELC.ACCS.ZS,99.9,100,100,100,..,..
Cuba,CUB,People using at least basic drinking water services (% of population),SH.H2O.BASW.ZS,94.3125042863125,94.7764082535519,94.9002231685934,95.0236345510277,95.1464064347704,..
Cuba,CUB,People using at least basic sanitation services (% of population),SH.STA.BASS.ZS,92.1835753798285,92.8284902817438,93.4747105097717,94.1220801306732,94.7703506688301,..
Curacao,CUW,Access to electricity (% of population),EG.ELC.ACCS.ZS,100,100,100,100,..,..
Curacao,CUW,People using at least basic drinking water services (% of population),SH.H2O.BASW.ZS,100,100,100,100,100,..
Curacao,CUW,People using at least basic sanitation services (% of population),SH.STA.BASS.ZS,..,..,..,..,..,..
Cyprus,CYP,Access to electricity (% of population),EG.ELC.ACCS.ZS,100,100,100,100,..,..
Cyprus,CYP,People using at least basic drinking water services (% of population),SH.H2O.BASW.ZS,99.7455373868703,99.737372137771,99.7292193859115,99.7210789435355,99.7211088299984,..
Cyprus,CYP,People using at least basic sanitation services (% of population),SH.STA.BASS.ZS,99.4959339092573,99.4893875128893,99.4830286709908,99.4768823557025,99.477676242612,..
Czechia,CZE,Access to electricity (% of population),EG.ELC.ACCS.ZS,100,100,100,100,..,..
Czechia,CZE,People using at least basic drinking water services (% of population),SH.H2O.BASW.ZS,98.7321788477487,98.7326235754859,98.7330958150591,98.7336065681001,98.7341483522106,..
Czechia,CZE,People using at least basic sanitation services (% of population),SH.STA.BASS.ZS,99.0728030542538,99.0721814938167,99.0715177493914,99.0708089030162,99.0700543925256,..
Denmark,DNK,Access to electricity (% of population),EG.ELC.ACCS.ZS,100,100,100,100,..,..
Denmark,DNK,People using at least basic drinking water services (% of population),SH.H2O.BASW.ZS,100,100,100,99.9999977179038,99.9999997876119,..
Denmark,DNK,People using at least basic sanitation services (% of population),SH.STA.BASS.ZS,99.5972310070963,99.5972289739284,99.5972313839473,99.5972246130908,99.5972261435858,..
Djibouti,DJI,Access to electricity (% of population),EG.ELC.ACCS.ZS,64.5,65.4,65,65.2,..,..
Djibouti,DJI,People using at least basic drinking water services (% of population),SH.H2O.BASW.ZS,78.7317549952208,78.9636292425205,79.1958862115465,79.4286344922977,79.661532568521,..
Djibouti,DJI,People using at least basic sanitation services (% of population),SH.STA.BASS.ZS,66.7421157146302,66.8311205695029,66.9247194918968,67.0234840121481,..,..
Dominica,DMA,Access to electricity (% of population),EG.ELC.ACCS.ZS,100,100,100,100,..,..
Dominica,DMA,People using at least basic drinking water services (% of population),SH.H2O.BASW.ZS,96.574889313875,96.6813469673205,96.7869037849825,96.8915616749148,96.9953113262366,..
Dominica,DMA,People using at least basic sanitation services (% of population),SH.STA.BASS.ZS,..,..,..,..,..,..
Dominican Republic,DOM,Access to electricity (% of population),EG.ELC.ACCS.ZS,100,98.1,98.1,99.6,..,..
Dominican Republic,DOM,People using at least basic drinking water services (% of population),SH.H2O.BASW.ZS,96.8998955257888,97.3054739452924,97.3603332914567,97.4107460357747,97.4571299883182,..
Dominican Republic,DOM,People using at least basic sanitation services (% of population),SH.STA.BASS.ZS,88.0566185078015,88.5790077931484,89.0968114947434,89.6102380882298,90.1198237574984,..
Ecuador,ECU,Access to electricity (% of population),EG.ELC.ACCS.ZS,98.9,100,100,98.7,..,..
Ecuador,ECU,People using at least basic drinking water services (% of population),SH.H2O.BASW.ZS,91.4742997917839,91.6679688457759,91.7264833659447,91.8598075666082,92.0708709697554,..
Ecuador,ECU,People using at least basic sanitation services (% of population),SH.STA.BASS.ZS,88.1817507856303,88.9779601085787,89.7233208052462,90.5556911375942,91.204340143216,..
"Egypt, Arab Rep.",EGY,Access to electricity (% of population),EG.ELC.ACCS.ZS,100,100,100,100,..,..
"Egypt, Arab Rep.",EGY,People using at least basic drinking water services (% of population),SH.H2O.BASW.ZS,97.5705329201433,97.5013675608953,97.4328917169926,97.3651944677444,97.2982426280194,..
"Egypt, Arab Rep.",EGY,People using at least basic sanitation services (% of population),SH.STA.BASS.ZS,96.21249765428,96.4288914179465,96.6466119170931,96.8657483684403,97.086129419198,..
El Salvador,SLV,Access to electricity (% of population),EG.ELC.ACCS.ZS,99.7,97.9,100,98.3,..,..
El Salvador,SLV,People using at least basic drinking water services (% of population),SH.H2O.BASW.ZS,89.9923610939187,90.421388926903,90.7948411041739,91.1548543157466,91.6199927341916,..
El Salvador,SLV,People using at least basic sanitation services (% of population),SH.STA.BASS.ZS,87.0096574927862,87.2765374387919,87.5371472547157,87.7919676704677,88.0411163426053,..
Equatorial Guinea,GNQ,Access to electricity (% of population),EG.ELC.ACCS.ZS,66.7,66.8,67,66.9,..,..
Equatorial Guinea,GNQ,People using at least basic drinking water services (% of population),SH.H2O.BASW.ZS,..,..,..,..,..,..
Equatorial Guinea,GNQ,People using at least basic sanitation services (% of population),SH.STA.BASS.ZS,..,..,..,..,..,..
Eritrea,ERI,Access to electricity (% of population),EG.ELC.ACCS.ZS,51.4,52.5,53.4,54.4,..,..
Eritrea,ERI,People using at least basic drinking water services (% of population),SH.H2O.BASW.ZS,..,..,..,..,..,..
Eritrea,ERI,People using at least basic sanitation services (% of population),SH.STA.BASS.ZS,..,..,..,..,..,..
Estonia,EST,Access to electricity (% of population),EG.ELC.ACCS.ZS,100,100,100,100,..,..
Estonia,EST,People using at least basic drinking water services (% of population),SH.H2O.BASW.ZS,99.9945255363523,99.9999994683624,100,100,99.9999970212441,..
Estonia,EST,People using at least basic sanitation services (% of population),SH.STA.BASS.ZS,99.0280228246995,99.0261691561023,99.0241800879557,99.0220443822146,99.0214935273124,..
Eswatini,SWZ,Access to electricity (% of population),EG.ELC.ACCS.ZS,80,82.9,82.3,86.4,..,..
Eswatini,SWZ,People using at least basic drinking water services (% of population),SH.H2O.BASW.ZS,75.5136191882992,76.7260694607932,77.9405822265556,79.1563791861863,80.3737107191052,..
Eswatini,SWZ,People using at least basic sanitation services (% of population),SH.STA.BASS.ZS,62.0647533053702,62.6692355268683,63.2702587161203,63.8676533294277,64.4605026249554,..
Ethiopia,ETH,Access to electricity (% of population),EG.ELC.ACCS.ZS,51.1,54.2,55.4,55.4,..,..
Ethiopia,ETH,People using at least basic drinking water services (% of population),SH.H2O.BASW.ZS,49.6550451612317,51.1547750099921,52.6449341831795,54.125600929218,55.5960696159493,..
Ethiopia,ETH,People using at least basic sanitation services (% of population),SH.STA.BASS.ZS,9.01330021395482,9.3447728615381,9.67915935964554,10.0168072289161,10.3577188356734,..
Faroe Islands,FRO,Access to electricity (% of population),EG.ELC.ACCS.ZS,100,100,100,100,..,..
Faroe Islands,FRO,People using at least basic drinking water services (% of population),SH.H2O.BASW.ZS,100,100,100,100,100,..
Faroe Islands,FRO,People using at least basic sanitation services (% of population),SH.STA.BASS.ZS,..,..,..,..,..,..
Fiji,FJI,Access to electricity (% of population),EG.ELC.ACCS.ZS,97.1,92.1,92,99.3,..,..
Fiji,FJI,People using at least basic drinking water services (% of population),SH.H2O.BASW.ZS,95.4183568880338,95.4534634943263,95.4886333379859,95.5237842457223,95.5603898762947,..
Fiji,FJI,People using at least basic sanitation services (% of population),SH.STA.BASS.ZS,93.6215609537076,93.3328625255853,93.0437432138971,92.7542060099235,92.7542897592228,..
Finland,FIN,Access to electricity (% of population),EG.ELC.ACCS.ZS,100,100,100,100,..,..
Finland,FIN,People using at least basic drinking water services (% of population),SH.H2O.BASW.ZS,99.9999988873824,99.9999969157891,100,99.9999988667298,99.9999966968731,..
Finland,FIN,People using at least basic sanitation services (% of population),SH.STA.BASS.ZS,99.4479703400958,99.4479633785746,99.447963421715,99.4479540389609,99.4479455340914,..
France,FRA,Access to electricity (% of population),EG.ELC.ACCS.ZS,100,100,100,100,..,..
France,FRA,People using at least basic drinking water services (% of population),SH.H2O.BASW.ZS,100,100,100,100,99.9999974759961,..
France,FRA,People using at least basic sanitation services (% of population),SH.STA.BASS.ZS,98.6476102264443,98.6468028432762,98.6459966836726,98.6451856910254,98.6443761623837,..
French Polynesia,PYF,Access to electricity (% of population),EG.ELC.ACCS.ZS,100,100,100,100,..,..
French Polynesia,PYF,People using at least basic drinking water services (% of population),SH.H2O.BASW.ZS,100,100,100,100,100,..
French Polynesia,PYF,People using at least basic sanitation services (% of population),SH.STA.BASS.ZS,97.5540106686156,97.5429803887293,97.531950108843,97.5209198289567,97.5098895490704,..
Gabon,GAB,Access to electricity (% of population),EG.ELC.ACCS.ZS,91.1,91.8,93.5,94.1,..,..
Gabon,GAB,People using at least basic drinking water services (% of population),SH.H2O.BASW.ZS,87.7393004139279,87.9954718713657,88.2419436860256,88.479261326667,88.5995009085574,..
Gabon,GAB,People using at least basic sanitation services (% of population),SH.STA.BASS.ZS,52.8720170958258,54.3351602742865,55.8117052668054,57.3016336632799,57.4015026293834,..
"Gambia, The",GMB,Access to electricity (% of population),EG.ELC.ACCS.ZS,62.2,63.7,65.4,66.9,..,..
"Gambia, The",GMB,People using at least basic drinking water services (% of population),SH.H2O.BASW.ZS,85.0680326919843,85.696311673001,86.3212416883552,86.7155739795785,87.1034800376148,..
"Gambia, The",GMB,People using at least basic sanitation services (% of population),SH.STA.BASS.ZS,47.3645750957407,47.5364188505618,47.7159912011406,47.9457928819298,48.1711442175538,..
Georgia,GEO,Access to electricity (% of population),EG.ELC.ACCS.ZS,100,100,100,100,..,..
Georgia,GEO,People using at least basic drinking water services (% of population),SH.H2O.BASW.ZS,96.7382823190877,96.877911792559,97.016455433381,97.1538358776458,97.2900166595814,..
Georgia,GEO,People using at least basic sanitation services (% of population),SH.STA.BASS.ZS,88.1470373073336,88.7819724294363,89.416046138405,90.04898468576,90.6806864880112,..
Germany,DEU,Access to electricity (% of population),EG.ELC.ACCS.ZS,100,100,100,100,..,..
Germany,DEU,People using at least basic drinking water services (% of population),SH.H2O.BASW.ZS,99.9999988416059,99.9999988425523,99.9999971569363,99.9999970615884,100,..
Germany,DEU,People using at least basic sanitation services (% of population),SH.STA.BASS.ZS,99.2256156866511,99.2258902349631,99.2262023543276,99.2265552501835,99.2269528917777,..
Ghana,GHA,Access to electricity (% of population),EG.ELC.ACCS.ZS,85.4,86.3,85.1,89.5,..,..
Ghana,GHA,People using at least basic drinking water services (% of population),SH.H2O.BASW.ZS,85.8052795210658,86.841252750433,87.8775520835237,88.8910495956232,89.9220116872755,..
Ghana,GHA,People using at least basic sanitation services (% of population),SH.STA.BASS.ZS,26.5532224510153,27.7916388048117,29.0423190138112,30.3048454596217,31.5789404731982,..
Gibraltar,GIB,Access to electricity (% of population),EG.ELC.ACCS.ZS,100,100,100,100,..,..
Gibraltar,GIB,People using at least basic drinking water services (% of population),SH.H2O.BASW.ZS,100,100,100,100,100,..
Gibraltar,GIB,People using at least basic sanitation services (% of population),SH.STA.BASS.ZS,100,100,100,100,100,..
Greece,GRC,Access to electricity (% of population),EG.ELC.ACCS.ZS,100,100,100,100,..,..
Greece,GRC,People using at least basic drinking water services (% of population),SH.H2O.BASW.ZS,99.9999990325072,100,99.9999998124246,99.9999984078161,100,..
Greece,GRC,People using at least basic sanitation services (% of population),SH.STA.BASS.ZS,98.9937448356397,98.9971863349773,99.0005834270921,99.0039477070011,99.0072631280035,..
Greenland,GRL,Access to electricity (% of population),EG.ELC.ACCS.ZS,100,100,100,100,..,..
Greenland,GRL,People using at least basic drinking water services (% of population),SH.H2O.BASW.ZS,100,100,100,100,100,..
Greenland,GRL,People using at least basic sanitation services (% of population),SH.STA.BASS.ZS,62.5,62.5,62.5,..,..,..
Grenada,GRD,Access to electricity (% of population),EG.ELC.ACCS.ZS,93.4,93.7,94.2,94.4,..,..
Grenada,GRD,People using at least basic drinking water services (% of population),SH.H2O.BASW.ZS,..,..,..,..,..,..
Grenada,GRD,People using at least basic sanitation services (% of population),SH.STA.BASS.ZS,92.7121229976892,92.6192396904393,92.6192396904393,92.6192396904393,92.6192396904393,..
Guam,GUM,Access to electricity (% of population),EG.ELC.ACCS.ZS,100,100,100,100,..,..
Guam,GUM,People using at least basic drinking water services (% of population),SH.H2O.BASW.ZS,99.5242333892321,99.526767392586,99.5293013959399,99.5293013959399,99.5293013959399,..
Guam,GUM,People using at least basic sanitation services (% of population),SH.STA.BASS.ZS,90.2490294142436,90.3128042815002,90.3765791487569,90.3765791487569,90.3765791487569,..
Guatemala,GTM,Access to electricity (% of population),EG.ELC.ACCS.ZS,96.6,97.9,99.1,100,..,..
Guatemala,GTM,People using at least basic drinking water services (% of population),SH.H2O.BASW.ZS,92.3138179561227,92.5346655416111,92.7535006676254,92.9701335518689,93.1845373918033,..
Guatemala,GTM,People using at least basic sanitation services (% of population),SH.STA.BASS.ZS,68.8862996420965,69.4621730094076,70.0349423501554,70.6041253212475,71.1696950985045,..
Guinea,GIN,Access to electricity (% of population),EG.ELC.ACCS.ZS,44.7,46.8,47.7,51.1,..,..
Guinea,GIN,People using at least basic drinking water services (% of population),SH.H2O.BASW.ZS,69.4483664321703,70.7443560609114,72.0532813701912,73.3743676551949,74.1924841600776,..
Guinea,GIN,People using at least basic sanitation services (% of population),SH.STA.BASS.ZS,28.8045342946628,30.0258495167405,31.2707423118105,32.538855541003,32.6496371481415,..
Guinea-Bissau,GNB,Access to electricity (% of population),EG.ELC.ACCS.ZS,33.4,35.8,37.4,40.5,..,..
Guinea-Bissau,GNB,People using at least basic drinking water services (% of population),SH.H2O.BASW.ZS,61.4023709076856,61.5510835646003,61.6363537721631,61.7218282479049,61.8077030171668,..
Guinea-Bissau,GNB,People using at least basic sanitation services (% of population),SH.STA.BASS.ZS,27.2502045881432,28.6139998460415,28.7228575496477,28.8319728978299,28.9416006403664,..
Guyana,GUY,Access to electricity (% of population),EG.ELC.ACCS.ZS,92.3,92.9,93,98.9,..,..
Guyana,GUY,People using at least basic drinking water services (% of population),SH.H2O.BASW.ZS,95.0516966520853,95.3488391542383,95.6449359016068,95.644614726529,95.6442641595321,..
Guyana,GUY,People using at least basic sanitation services (% of population),SH.STA.BASS.ZS,90.0231335168154,90.6881198033659,91.3010008247863,91.3046762515848,91.3087218189458,..
Haiti,HTI,Access to electricity (% of population),EG.ELC.ACCS.ZS,46.3,47.2,49.3,51.3,..,..
Haiti,HTI,People using at least basic drinking water services (% of population),SH.H2O.BASW.ZS,70.4880763209359,71.2216853162772,71.9372349296848,72.6351234532977,73.3157500565915,..
Haiti,HTI,People using at least basic sanitation services (% of population),SH.STA.BASS.ZS,28.6576196940519,28.793303113228,28.9133013445226,29.0180834702733,29.1081189443114,..
Honduras,HND,Access to electricity (% of population),EG.ELC.ACCS.ZS,93.1,94.1,94.4,95.6,..,..
Honduras,HND,People using at least basic drinking water services (% of population),SH.H2O.BASW.ZS,94.3301083793908,94.6929450618276,95.0903952846631,95.4348773364813,95.7293716551666,..
Honduras,HND,People using at least basic sanitation services (% of population),SH.STA.BASS.ZS,84.0337747326909,84.9512648992071,85.8633965875938,86.7701956081898,87.6717912057898,..
"Hong Kong SAR, China",HKG,Access to electricity (% of population),EG.ELC.ACCS.ZS,100,100,100,100,..,..
"Hong Kong SAR, China",HKG,People using at least basic drinking water services (% of population),SH.H2O.BASW.ZS,100,100,100,100,100,..
"Hong Kong SAR, China",HKG,People using at least basic sanitation services (% of population),SH.STA.BASS.ZS,95.320907188577,95.19927375677,95.077640324963,94.956006893156,94.834373461349,..
Hungary,HUN,Access to electricity (% of population),EG.ELC.ACCS.ZS,100,100,100,100,..,..
Hungary,HUN,People using at least basic drinking water services (% of population),SH.H2O.BASW.ZS,99.7437164369776,99.9722511315841,99.9999990521068,100,100,..
Hungary,HUN,People using at least basic sanitation services (% of population),SH.STA.BASS.ZS,97.9837062795673,97.9812382429156,97.9787350415865,97.976195278385,97.9736275561386,..
Iceland,ISL,Access to electricity (% of population),EG.ELC.ACCS.ZS,100,100,100,100,..,..
Iceland,ISL,People using at least basic drinking water services (% of population),SH.H2O.BASW.ZS,99.9999964455788,100,99.9999992337629,100,100,..
Iceland,ISL,People using at least basic sanitation services (% of population),SH.STA.BASS.ZS,98.7805419679259,98.7799498182969,98.7793239094093,98.7786759933373,98.7780018629454,..
India,IND,Access to electricity (% of population),EG.ELC.ACCS.ZS,96.5,99.6,99.2,99.5,..,..
India,IND,People using at least basic drinking water services (% of population),SH.H2O.BASW.ZS,93.0977309081783,93.760281159736,94.4191311935781,95.0740565981493,95.7247373523918,..
India,IND,People using at least basic sanitation services (% of population),SH.STA.BASS.ZS,72.0482326780192,74.9328568041953,77.8161883735175,80.6978943350927,83.380872478201,..
Indonesia,IDN,Access to electricity (% of population),EG.ELC.ACCS.ZS,97,99.2,100,99.4,..,..
Indonesia,IDN,People using at least basic drinking water services (% of population),SH.H2O.BASW.ZS,89.0851606060889,89.4041137814594,89.7113532580834,89.3578482222748,89.008759557411,..
Indonesia,IDN,People using at least basic sanitation services (% of population),SH.STA.BASS.ZS,82.2571090356155,84.339850898343,85.6486611717997,86.9363345400971,88.2031685658499,..
"Iran, Islamic Rep.",IRN,Access to electricity (% of population),EG.ELC.ACCS.ZS,100,100,100,100,..,..
"Iran, Islamic Rep.",IRN,People using at least basic drinking water services (% of population),SH.H2O.BASW.ZS,97.3960598410528,97.5146314590197,97.6301442880843,97.742552873025,97.8520635920898,..
"Iran, Islamic Rep.",IRN,People using at least basic sanitation services (% of population),SH.STA.BASS.ZS,90.2667726388145,90.3162236149744,90.3647309306855,90.4119852074826,90.458288016159,..
Iraq,IRQ,Access to electricity (% of population),EG.ELC.ACCS.ZS,100,100,100,100,..,..
Iraq,IRQ,People using at least basic drinking water services (% of population),SH.H2O.BASW.ZS,98.3599044196543,98.3711569251332,98.3828518441967,98.3950469684624,98.4076938287767,..
Iraq,IRQ,People using at least basic sanitation services (% of population),SH.STA.BASS.ZS,98.4932660483814,98.4959720542325,98.4987799022337,98.501709975411,98.5047513855653,..
Ireland,IRL,Access to electricity (% of population),EG.ELC.ACCS.ZS,100,100,100,100,..,..
Ireland,IRL,People using at least basic drinking water services (% of population),SH.H2O.BASW.ZS,97.0298506240387,97.0473662537478,97.0645722234347,97.0814633122255,97.0980337007013,..
Ireland,IRL,People using at least basic sanitation services (% of population),SH.STA.BASS.ZS,89.7865313699403,89.7724871048145,89.757648052779,89.742009351926,89.7256064199387,..
Isle of Man,IMN,Access to electricity (% of population),EG.ELC.ACCS.ZS,100,100,100,100,..,..
Isle of Man,IMN,People using at least basic drinking water services (% of population),SH.H2O.BASW.ZS,99.6110080645161,99.7474298387097,99.8838516129032,100,100,..
Isle of Man,IMN,People using at least basic sanitation services (% of population),SH.STA.BASS.ZS,100,100,100,100,100,..
Israel,ISR,Access to electricity (% of population),EG.ELC.ACCS.ZS,100,100,100,100,..,..
Israel,ISR,People using at least basic drinking water services (% of population),SH.H2O.BASW.ZS,99.9999976530211,100,100,99.999996982634,99.9999993081787,..
Israel,ISR,People using at least basic sanitation services (% of population),SH.STA.BASS.ZS,99.9360127624406,99.9301799523059,99.924519816082,99.9190335270473,99.9200782006513,..
Italy,ITA,Access to electricity (% of population),EG.ELC.ACCS.ZS,100,100,100,100,..,..
Italy,ITA,People using at least basic drinking water services (% of population),SH.H2O.BASW.ZS,99.9170340740928,99.9170340740928,99.9170340740928,99.9170340740928,99.9170340740928,..
Italy,ITA,People using at least basic sanitation services (% of population),SH.STA.BASS.ZS,99.8851578267552,99.8850975832792,99.8850325902598,99.8849719036501,99.8849043408577,..
Jamaica,JAM,Access to electricity (% of population),EG.ELC.ACCS.ZS,99.7,100,100,97.7,..,..
Jamaica,JAM,People using at least basic drinking water services (% of population),SH.H2O.BASW.ZS,88.8977273219084,88.5656727695016,88.231486530264,87.895030779808,87.5562621347732,..
Jamaica,JAM,People using at least basic sanitation services (% of population),SH.STA.BASS.ZS,89.5245308476169,90.0509072917054,90.5767034338028,91.1018987715533,91.6264600288818,..
Japan,JPN,Access to electricity (% of population),EG.ELC.ACCS.ZS,100,100,100,100,..,..
Japan,JPN,People using at least basic drinking water services (% of population),SH.H2O.BASW.ZS,99.0783962742638,99.1133201720243,99.1482440697849,99.1831679675454,99.1831679675454,..
Japan,JPN,People using at least basic sanitation services (% of population),SH.STA.BASS.ZS,99.9523862975872,99.9501173283763,99.9478483591655,99.9455793899546,99.9433104207437,..
Jordan,JOR,Access to electricity (% of population),EG.ELC.ACCS.ZS,99.9,99.9,100,100,..,..
Jordan,JOR,People using at least basic drinking water services (% of population),SH.H2O.BASW.ZS,99.1712730302314,99.200324026186,99.229144722644,99.2577307145329,99.2861089236717,..
Jordan,JOR,People using at least basic sanitation services (% of population),SH.STA.BASS.ZS,96.8379669917401,96.7318948068054,96.6260204300308,96.5203168428374,96.4147907489487,..
Kazakhstan,KAZ,Access to electricity (% of population),EG.ELC.ACCS.ZS,100,100,100,100,..,..
Kazakhstan,KAZ,People using at least basic drinking water services (% of population),SH.H2O.BASW.ZS,96.9217657494766,97.2275162757939,97.531338883182,97.8328139720823,97.8336528246685,..
Kazakhstan,KAZ,People using at least basic sanitation services (% of population),SH.STA.BASS.ZS,97.9463161907176,97.9538478987078,97.9526402205332,97.948876378574,97.9447423331533,..
Kenya,KEN,Access to electricity (% of population),EG.ELC.ACCS.ZS,71.5,76.5,76,76.2,..,..
Kenya,KEN,People using at least basic drinking water services (% of population),SH.H2O.BASW.ZS,62.318211896262,63.1426684243247,63.96426197234,64.7820788557808,65.5965968528709,..
Kenya,KEN,People using at least basic sanitation services (% of population),SH.STA.BASS.ZS,38.018340896347,38.7368777065186,39.454252565811,40.1703366344741,40.8849654611543,..
Kiribati,KIR,Access to electricity (% of population),EG.ELC.ACCS.ZS,91,92.8,94.4,95.9,..,..
Kiribati,KIR,People using at least basic drinking water services (% of population),SH.H2O.BASW.ZS,76.6890512985404,77.5479842310266,78.7016541788502,78.8873728718607,79.0683447485722,..
Kiribati,KIR,People using at least basic sanitation services (% of population),SH.STA.BASS.ZS,44.2810965836604,44.6738091395008,45.0352022161591,45.1052498687683,45.1735078207297,..
"Korea, Dem. People's Rep.",PRK,Access to electricity (% of population),EG.ELC.ACCS.ZS,50.5,52.6,54.7,57.5,..,..
"Korea, Dem. People's Rep.",PRK,People using at least basic drinking water services (% of population),SH.H2O.BASW.ZS,93.8438447876847,93.8651377109975,93.8875010138071,93.9109177513255,..,..
"Korea, Dem. People's Rep.",PRK,People using at least basic sanitation services (% of population),SH.STA.BASS.ZS,84.6654650844227,84.7140378530296,84.7650382260713,84.8184516885649,..,..
"Korea, Rep.",KOR,Access to electricity (% of population),EG.ELC.ACCS.ZS,100,100,100,100,..,..
"Korea, Rep.",KOR,People using at least basic drinking water services (% of population),SH.H2O.BASW.ZS,99.7656731282421,99.8371059639777,99.9085387997134,99.979971635449,100,..
"Korea, Rep.",KOR,People using at least basic sanitation services (% of population),SH.STA.BASS.ZS,99.7948537857931,99.7784787407445,99.762103695696,99.7457286506475,99.7293536055989,..
Kosovo,XKX,Access to electricity (% of population),EG.ELC.ACCS.ZS,..,..,..,..,..,..
Kosovo,XKX,People using at least basic drinking water services (% of population),SH.H2O.BASW.ZS,..,..,..,..,..,..
Kosovo,XKX,People using at least basic sanitation services (% of population),SH.STA.BASS.ZS,..,..,..,..,..,..
Kuwait,KWT,Access to electricity (% of population),EG.ELC.ACCS.ZS,100,100,100,100,..,..
Kuwait,KWT,People using at least basic drinking water services (% of population),SH.H2O.BASW.ZS,100,100,100,100,100,..
Kuwait,KWT,People using at least basic sanitation services (% of population),SH.STA.BASS.ZS,100,100,100,100,100,..
Kyrgyz Republic,KGZ,Access to electricity (% of population),EG.ELC.ACCS.ZS,99.9,99.7,99.7,100,..,..
Kyrgyz Republic,KGZ,People using at least basic drinking water services (% of population),SH.H2O.BASW.ZS,92.5873159897583,93.250254637138,93.777081084542,94.3000416733557,94.9430591604871,..
Kyrgyz Republic,KGZ,People using at least basic sanitation services (% of population),SH.STA.BASS.ZS,98.017628465842,98.1478549913374,98.278227766543,98.4088738227501,98.5398995968815,..
Lao PDR,LAO,Access to electricity (% of population),EG.ELC.ACCS.ZS,99.3,100,100,96.5,..,..
Lao PDR,LAO,People using at least basic drinking water services (% of population),SH.H2O.BASW.ZS,85.8856322944911,87.5242448127318,89.1450177580789,92.6257164263436,95.8635794968398,..
Lao PDR,LAO,People using at least basic sanitation services (% of population),SH.STA.BASS.ZS,80.7027420895793,83.0975867054683,85.1292056400031,86.9959981840748,88.7314131605599,..
Latvia,LVA,Access to electricity (% of population),EG.ELC.ACCS.ZS,100,100,100,100,..,..
Latvia,LVA,People using at least basic drinking water services (% of population),SH.H2O.BASW.ZS,98.63057400499,98.6663184077259,98.7019358387321,98.7373706487975,98.7726032777308,..
Latvia,LVA,People using at least basic sanitation services (% of population),SH.STA.BASS.ZS,91.7520645595703,92.0069797523466,92.2626087395691,92.5186835470802,92.5346142806387,..
Lebanon,LBN,Access to electricity (% of population),EG.ELC.ACCS.ZS,100,100,100,100,..,..
Lebanon,LBN,People using at least basic drinking water services (% of population),SH.H2O.BASW.ZS,92.6,92.6,92.6,92.6,92.6,..
Lebanon,LBN,People using at least basic sanitation services (% of population),SH.STA.BASS.ZS,99.2,99.2,99.2,99.2,99.2,..
Lesotho,LSO,Access to electricity (% of population),EG.ELC.ACCS.ZS,47.5,50.4,50,57.3,..,..
Lesotho,LSO,People using at least basic drinking water services (% of population),SH.H2O.BASW.ZS,75.7168396878056,76.300316439538,76.8886585638557,77.481451488906,78.0789963759688,..
Lesotho,LSO,People using at least basic sanitation services (% of population),SH.STA.BASS.ZS,42.7284382834052,44.0363729437393,45.3328485039477,46.6178621737328,47.8913481422717,..
Liberia,LBR,Access to electricity (% of population),EG.ELC.ACCS.ZS,27.6,29.8,31.8,32.5,..,..
Liberia,LBR,People using at least basic drinking water services (% of population),SH.H2O.BASW.ZS,76.193954779971,76.8629734925215,77.5249138658914,78.180013925929,78.8278345445612,..
Liberia,LBR,People using at least basic sanitation services (% of population),SH.STA.BASS.ZS,21.0772995001903,21.631407651363,22.1923063601074,22.7604195167576,23.3351954904068,..
Libya,LBY,Access to electricity (% of population),EG.ELC.ACCS.ZS,69.4,70.2,70,73.2,..,..
Libya,LBY,People using at least basic drinking water services (% of population),SH.H2O.BASW.ZS,95.2627789492743,95.5357202334962,95.808661517718,96.08160280194,96.3545440861619,..
Libya,LBY,People using at least basic sanitation services (% of population),SH.STA.BASS.ZS,88.9267133718033,88.8198215396721,88.712929707541,88.6060378754098,88.4991460432787,..
Liechtenstein,LIE,Access to electricity (% of population),EG.ELC.ACCS.ZS,100,100,100,100,..,..
Liechtenstein,LIE,People using at least basic drinking water services (% of population),SH.H2O.BASW.ZS,100,100,100,100,100,..
Liechtenstein,LIE,People using at least basic sanitation services (% of population),SH.STA.BASS.ZS,99.95,99.95,99.95,99.95,99.95,..
Lithuania,LTU,Access to electricity (% of population),EG.ELC.ACCS.ZS,100,100,100,100,..,..
Lithuania,LTU,People using at least basic drinking water services (% of population),SH.H2O.BASW.ZS,98.8922199280899,99.2383026544667,99.5802232857586,99.9175659134354,99.9182026791093,..
Lithuania,LTU,People using at least basic sanitation services (% of population),SH.STA.BASS.ZS,94.786284769893,95.3414364231375,95.8940517663177,96.3848409552758,96.3965645962382,..
Luxembourg,LUX,Access to electricity (% of population),EG.ELC.ACCS.ZS,100,100,100,100,..,..
Luxembourg,LUX,People using at least basic drinking water services (% of population),SH.H2O.BASW.ZS,100,100,99.9999976223575,99.9999993622078,100,..
Luxembourg,LUX,People using at least basic sanitation services (% of population),SH.STA.BASS.ZS,97.6101288941599,97.6077017276341,97.6053918019199,97.6032304799558,97.6011739095936,..
"Macao SAR, China",MAC,Access to electricity (% of population),EG.ELC.ACCS.ZS,100,100,100,100,..,..
"Macao SAR, China",MAC,People using at least basic drinking water services (% of population),SH.H2O.BASW.ZS,100,100,100,100,100,..
"Macao SAR, China",MAC,People using at least basic sanitation services (% of population),SH.STA.BASS.ZS,100,100,100,100,100,..
Madagascar,MDG,Access to electricity (% of population),EG.ELC.ACCS.ZS,32,35.1,36.1,39.4,..,..
Madagascar,MDG,People using at least basic drinking water services (% of population),SH.H2O.BASW.ZS,52.2020747813196,52.9732968597974,53.7386722482621,54.4969430342798,55.3389608321256,..
Madagascar,MDG,People using at least basic sanitation services (% of population),SH.STA.BASS.ZS,13.6947390405503,14.2229663442332,14.7542849047499,15.2883891812498,15.3671469967754,..
Malawi,MWI,Access to electricity (% of population),EG.ELC.ACCS.ZS,11.5,14.2,14,15.6,..,..
Malawi,MWI,People using at least basic drinking water services (% of population),SH.H2O.BASW.ZS,69.8639475231257,70.6341661895421,71.4013801873198,72.2285522528925,73.0535741738591,..
Malawi,MWI,People using at least basic sanitation services (% of population),SH.STA.BASS.ZS,44.9611479828173,47.1071277327455,49.2412879464451,49.23687867184,49.2322090448262,..
Malaysia,MYS,Access to electricity (% of population),EG.ELC.ACCS.ZS,100,100,100,100,..,..
Malaysia,MYS,People using at least basic drinking water services (% of population),SH.H2O.BASW.ZS,97.7301935332944,97.7858740262041,97.8397514976645,97.8919385183286,97.9424657751403,..
Malaysia,MYS,People using at least basic sanitation services (% of population),SH.STA.BASS.ZS,95.9966449391973,96.0173467621383,96.0182636272288,96.0191440152349,96.019999368878,..
Maldives,MDV,Access to electricity (% of population),EG.ELC.ACCS.ZS,100,100,100,100,..,..
Maldives,MDV,People using at least basic drinking water services (% of population),SH.H2O.BASW.ZS,99.6489940790337,99.675443163466,99.702507903643,99.7301882656937,99.7584782998402,..
Maldives,MDV,People using at least basic sanitation services (% of population),SH.STA.BASS.ZS,97.1213636398167,97.8641004075029,98.5962212934826,99.3176875376915,99.7013015304493,..
Mali,MLI,Access to electricity (% of population),EG.ELC.ACCS.ZS,50.6,53.4,53,54.5,..,..
Mali,MLI,People using at least basic drinking water services (% of population),SH.H2O.BASW.ZS,80.8342374526546,82.2652506105548,83.6801195841677,85.0789328815907,86.3633567815443,..
Mali,MLI,People using at least basic sanitation services (% of population),SH.STA.BASS.ZS,42.5396302417606,43.8404477380485,45.1434215383033,46.4485840749361,47.7561676952566,..
Malta,MLT,Access to electricity (% of population),EG.ELC.ACCS.ZS,100,100,100,100,..,..
Malta,MLT,People using at least basic drinking water services (% of population),SH.H2O.BASW.ZS,100,99.9999977128228,99.9999984486759,100,100,..
Malta,MLT,People using at least basic sanitation services (% of population),SH.STA.BASS.ZS,99.9952644133915,99.9999977128228,99.9999984486759,100,100,..
Marshall Islands,MHL,Access to electricity (% of population),EG.ELC.ACCS.ZS,98.3,99.8,100,100,..,..
Marshall Islands,MHL,People using at least basic drinking water services (% of population),SH.H2O.BASW.ZS,87.6339278712455,87.579321179184,87.5255330544284,87.4725613488075,87.4448539274847,..
Marshall Islands,MHL,People using at least basic sanitation services (% of population),SH.STA.BASS.ZS,78.6065823369048,78.7159193807723,78.8167730658642,78.9094220356239,78.9585640543577,..
Mauritania,MRT,Access to electricity (% of population),EG.ELC.ACCS.ZS,45.4,47.7,49,50.3,..,..
Mauritania,MRT,People using at least basic drinking water services (% of population),SH.H2O.BASW.ZS,71.7451315704303,73.3049522964887,74.8619034584031,76.416594605687,77.2846491375388,..
Mauritania,MRT,People using at least basic sanitation services (% of population),SH.STA.BASS.ZS,51.8124755125379,53.9267671870648,56.0758490078081,58.2608340232933,58.676920295931,..
Mauritius,MUS,Access to electricity (% of population),EG.ELC.ACCS.ZS,99.5,99.6,100,100,..,..
Mauritius,MUS,People using at least basic drinking water services (% of population),SH.H2O.BASW.ZS,99.8294531889086,99.8537467482534,99.8780672728138,99.9024122575049,99.9265458263134,..
Mauritius,MUS,People using at least basic sanitation services (% of population),SH.STA.BASS.ZS,96.2430585209024,96.5249988240641,96.8074578506506,97.0904086099851,97.3737391141644,..
Mexico,MEX,Access to electricity (% of population),EG.ELC.ACCS.ZS,99.4,100,100,99.7,..,..
Mexico,MEX,People using at least basic drinking water services (% of population),SH.H2O.BASW.ZS,98.7408072689782,99.0090934864526,99.2737986132837,99.4095196134934,99.5413676283293,..
Mexico,MEX,People using at least basic sanitation services (% of population),SH.STA.BASS.ZS,91.6152077254503,92.1526440010022,92.6614618116548,92.9784568798496,92.9912822357176,..
"Micronesia, Fed. Sts.",FSM,Access to electricity (% of population),EG.ELC.ACCS.ZS,81.9,83.6,85.3,86.9,..,..
"Micronesia, Fed. Sts.",FSM,People using at least basic drinking water services (% of population),SH.H2O.BASW.ZS,89.8819541513315,..,..,..,..,..
"Micronesia, Fed. Sts.",FSM,People using at least basic sanitation services (% of population),SH.STA.BASS.ZS,90.4539007167041,..,..,..,..,..
Moldova,MDA,Access to electricity (% of population),EG.ELC.ACCS.ZS,100,100,100,100,..,..
Moldova,MDA,People using at least basic drinking water services (% of population),SH.H2O.BASW.ZS,90.9779971950064,91.4092054171204,91.8415594867587,92.2745583834246,92.7079162757946,..
Moldova,MDA,People using at least basic sanitation services (% of population),SH.STA.BASS.ZS,84.4032169070888,85.1600042772456,85.734993748898,86.3094330336137,86.8828564200079,..
Monaco,MCO,Access to electricity (% of population),EG.ELC.ACCS.ZS,100,100,100,100,..,..
Monaco,MCO,People using at least basic drinking water services (% of population),SH.H2O.BASW.ZS,100,100,100,100,100,..
Monaco,MCO,People using at least basic sanitation services (% of population),SH.STA.BASS.ZS,100,100,100,100,100,..
Mongolia,MNG,Access to electricity (% of population),EG.ELC.ACCS.ZS,99.5,100,100,100,..,..
Mongolia,MNG,People using at least basic drinking water services (% of population),SH.H2O.BASW.ZS,82.994734823721,83.761628489025,84.5344346158514,85.311512645746,86.092655324442,..
Mongolia,MNG,People using at least basic sanitation services (% of population),SH.STA.BASS.ZS,68.7755717433728,70.1321116661664,71.5023556683645,72.8851663037703,74.2806502878222,..
Montenegro,MNE,Access to electricity (% of population),EG.ELC.ACCS.ZS,99.9,99.8,100,100,..,..
Montenegro,MNE,People using at least basic drinking water services (% of population),SH.H2O.BASW.ZS,99.2839751783308,99.2830138723667,99.2820569937109,99.2810967659846,99.2801382117873,..
Montenegro,MNE,People using at least basic sanitation services (% of population),SH.STA.BASS.ZS,97.771772470462,97.7911092113251,97.8104504105016,97.8297883395881,97.8491274525811,..
Morocco,MAR,Access to electricity (% of population),EG.ELC.ACCS.ZS,100,100,100,100,..,..
Morocco,MAR,People using at least basic drinking water services (% of population),SH.H2O.BASW.ZS,87.9176789567835,89.0414569298463,90.1462114499195,91.2311035579693,92.2120267209653,..
Morocco,MAR,People using at least basic sanitation services (% of population),SH.STA.BASS.ZS,87.2504334400562,87.3836441048483,87.5163508881869,87.6475617548846,87.7780205460508,..
Mozambique,MOZ,Access to electricity (% of population),EG.ELC.ACCS.ZS,30.6,31.5,33.2,36,..,..
Mozambique,MOZ,People using at least basic drinking water services (% of population),SH.H2O.BASW.ZS,58.2943448564578,60.34998629028,62.4237541540672,64.5157588929919,66.6252441342671,..
Mozambique,MOZ,People using at least basic sanitation services (% of population),SH.STA.BASS.ZS,33.3404532645595,34.6331153020155,35.9385123672753,37.257486002339,38.5900804802051,..
Myanmar,MMR,Access to electricity (% of population),EG.ELC.ACCS.ZS,70.4,72.5,73.6,76.8,..,..
Myanmar,MMR,People using at least basic drinking water services (% of population),SH.H2O.BASW.ZS,83.6954599459105,85.5310377931068,85.5803784995837,85.6324592259364,85.6871417640541,..
Myanmar,MMR,People using at least basic sanitation services (% of population),SH.STA.BASS.ZS,73.6368737740023,74.1054938787639,74.1301579655436,74.156188318795,74.1835210114319,..
Namibia,NAM,Access to electricity (% of population),EG.ELC.ACCS.ZS,52.3,55.2,56.2,56.7,..,..
Namibia,NAM,People using at least basic drinking water services (% of population),SH.H2O.BASW.ZS,84.9689182481296,85.3713640915778,85.7619951593707,86.1410432483345,86.5087378352127,..
Namibia,NAM,People using at least basic sanitation services (% of population),SH.STA.BASS.ZS,37.3147816708838,37.6969593429633,38.0587226800855,38.4005446833098,38.7229020528394,..
Nauru,NRU,Access to electricity (% of population),EG.ELC.ACCS.ZS,100,100,100,100,..,..
Nauru,NRU,People using at least basic drinking water services (% of population),SH.H2O.BASW.ZS,97.95964456816,97.9304771849756,97.9013076123691,97.8721358503405,97.8429618988897,..
Nauru,NRU,People using at least basic sanitation services (% of population),SH.STA.BASS.ZS,69.9202204676336,70.2704718524126,70.6207080919845,70.9709291863493,71.321135135507,..
Nepal,NPL,Access to electricity (% of population),EG.ELC.ACCS.ZS,89.9,89.9,91.3,94,..,..
Nepal,NPL,People using at least basic drinking water services (% of population),SH.H2O.BASW.ZS,91.5076217588488,92.0505329995059,92.5870336093326,93.1169638221139,93.6401246842117,..
Nepal,NPL,People using at least basic sanitation services (% of population),SH.STA.BASS.ZS,72.4985122908231,75.8233419830013,79.1866571655946,82.5877911140468,86.0259805937649,..
Netherlands,NLD,Access to electricity (% of population),EG.ELC.ACCS.ZS,100,100,100,100,..,..
Netherlands,NLD,People using at least basic drinking water services (% of population),SH.H2O.BASW.ZS,99.999999064231,99.9999991132456,100,100,100,..
Netherlands,NLD,People using at least basic sanitation services (% of population),SH.STA.BASS.ZS,97.6857903463505,97.6777500278997,97.6702396117146,97.6632296431228,97.6566689550594,..
New Caledonia,NCL,Access to electricity (% of population),EG.ELC.ACCS.ZS,100,100,100,100,..,..
New Caledonia,NCL,People using at least basic drinking water services (% of population),SH.H2O.BASW.ZS,99.3053205721716,99.5386729881695,99.5386729881695,99.5386729881695,99.5386729881695,..
New Caledonia,NCL,People using at least basic sanitation services (% of population),SH.STA.BASS.ZS,100,100,100,100,100,..
New Zealand,NZL,Access to electricity (% of population),EG.ELC.ACCS.ZS,100,100,100,100,..,..
New Zealand,NZL,People using at least basic drinking water services (% of population),SH.H2O.BASW.ZS,100,99.9999956407702,100,99.999999971682,100,..
New Zealand,NZL,People using at least basic sanitation services (% of population),SH.STA.BASS.ZS,100,99.9999956407702,100,99.999999971682,100,..
Nicaragua,NIC,Access to electricity (% of population),EG.ELC.ACCS.ZS,86,86.3,86.5,88.3,..,..
Nicaragua,NIC,People using at least basic drinking water services (% of population),SH.H2O.BASW.ZS,..,..,..,..,..,..
Nicaragua,NIC,People using at least basic sanitation services (% of population),SH.STA.BASS.ZS,..,..,..,..,..,..
Niger,NER,Access to electricity (% of population),EG.ELC.ACCS.ZS,18.7,18.6,19.5,20.1,..,..
Niger,NER,People using at least basic drinking water services (% of population),SH.H2O.BASW.ZS,50.7254664539795,51.4037852396431,52.0806785975452,52.7552521305404,53.4274656286176,..
Niger,NER,People using at least basic sanitation services (% of population),SH.STA.BASS.ZS,14.5380631441061,14.973899415173,15.4185833482363,15.8722896113192,16.336047650863,..
Nigeria,NGA,Access to electricity (% of population),EG.ELC.ACCS.ZS,55.4,59.5,60.5,61.2,..,..
Nigeria,NGA,People using at least basic drinking water services (% of population),SH.H2O.BASW.ZS,76.2190366017765,77.8385518833185,79.457946920672,81.0772897042816,82.2488935172216,..
Nigeria,NGA,People using at least basic sanitation services (% of population),SH.STA.BASS.ZS,44.3511472247714,45.4491559568794,46.5706755484283,47.7155813553496,47.9019370619136,..
North Macedonia,MKD,Access to electricity (% of population),EG.ELC.ACCS.ZS,100,100,100,100,..,..
North Macedonia,MKD,People using at least basic drinking water services (% of population),SH.H2O.BASW.ZS,98.049753932852,98.1308494044727,98.1589591318874,98.1866858659348,98.1873314046173,..
North Macedonia,MKD,People using at least basic sanitation services (% of population),SH.STA.BASS.ZS,98.4277706026568,98.9748195551065,98.98180306954,98.9894017609484,98.9975865642367,..
Northern Mariana Islands,MNP,Access to electricity (% of population),EG.ELC.ACCS.ZS,100,100,100,100,..,..
Northern Mariana Islands,MNP,People using at least basic drinking water services (% of population),SH.H2O.BASW.ZS,100,100,100,100,100,..
Northern Mariana Islands,MNP,People using at least basic sanitation services (% of population),SH.STA.BASS.ZS,99.2362866028457,99.4974327439361,99.7585788850266,99.7585788850266,99.7585788850266,..
Norway,NOR,Access to electricity (% of population),EG.ELC.ACCS.ZS,100,100,100,100,..,..
Norway,NOR,People using at least basic drinking water services (% of population),SH.H2O.BASW.ZS,100,99.999996677432,99.999999346787,99.9999954349429,100,..
Norway,NOR,People using at least basic sanitation services (% of population),SH.STA.BASS.ZS,98.0510810985992,98.0500277378087,98.0490073611327,98.0480105181421,98.0470498172276,..
Oman,OMN,Access to electricity (% of population),EG.ELC.ACCS.ZS,100,100,100,100,..,..
Oman,OMN,People using at least basic drinking water services (% of population),SH.H2O.BASW.ZS,92.1680305395851,92.3097194594894,92.4399731975253,92.559888964675,92.6702187093673,..
Oman,OMN,People using at least basic sanitation services (% of population),SH.STA.BASS.ZS,99.320248468501,99.3204402699812,99.3206203708609,99.3207794038753,99.3209329311967,..
Pakistan,PAK,Access to electricity (% of population),EG.ELC.ACCS.ZS,94.5,94.9,95,95.6,..,..
Pakistan,PAK,People using at least basic drinking water services (% of population),SH.H2O.BASW.ZS,90.3763302585524,90.5243087608224,90.6704556362056,90.6815872292919,90.6932992273275,..
Pakistan,PAK,People using at least basic sanitation services (% of population),SH.STA.BASS.ZS,67.9433820948755,69.8533376726557,71.7686736729802,71.8243245387853,71.8828600416756,..
Palau,PLW,Access to electricity (% of population),EG.ELC.ACCS.ZS,100,100,100,100,..,..
Palau,PLW,People using at least basic drinking water services (% of population),SH.H2O.BASW.ZS,99.5159760034998,99.5219466683348,99.5275761001394,99.5299685485284,99.5322473497037,..
Palau,PLW,People using at least basic sanitation services (% of population),SH.STA.BASS.ZS,98.5405897338691,98.7826866864938,99.0185052265638,99.0217636084131,99.0248681264887,..
Panama,PAN,Access to electricity (% of population),EG.ELC.ACCS.ZS,95.3,95.3,95,97,..,..
Panama,PAN,People using at least basic drinking water services (% of population),SH.H2O.BASW.ZS,94.4306492571863,94.6436730326195,94.85343136421,95.0598439257546,95.2628238815705,..
Panama,PAN,People using at least basic sanitation services (% of population),SH.STA.BASS.ZS,84.3402384762944,85.5096832210543,86.6851526856535,87.8666162534578,89.0540402475148,..
Papua New Guinea,PNG,Access to electricity (% of population),EG.ELC.ACCS.ZS,20.5,20.9,19,20.5,..,..
Papua New Guinea,PNG,People using at least basic drinking water services (% of population),SH.H2O.BASW.ZS,49.3273961743901,50.3501518830702,51.3531330085785,52.3359168793014,53.298484868619,..
Papua New Guinea,PNG,People using at least basic sanitation services (% of population),SH.STA.BASS.ZS,22.169086312378,22.5229636359759,22.8753163799614,23.2257913219562,23.5743391458237,..
Paraguay,PRY,Access to electricity (% of population),EG.ELC.ACCS.ZS,99.7,100,100,99.8,..,..
Paraguay,PRY,People using at least basic drinking water services (% of population),SH.H2O.BASW.ZS,99.046227094695,99.3305060939918,99.5179999015782,99.6009612348131,99.6035956651355,..
Paraguay,PRY,People using at least basic sanitation services (% of population),SH.STA.BASS.ZS,92.4079453626308,93.3920477799252,94.2434679233291,95.2491802778514,95.9347586765151,..
Peru,PER,Access to electricity (% of population),EG.ELC.ACCS.ZS,96.2,95.6,96.2,96.2,..,..
Peru,PER,People using at least basic drinking water services (% of population),SH.H2O.BASW.ZS,93.351440846039,93.9287808522473,94.5023037650654,95.0719233240551,95.6370823826383,..
Peru,PER,People using at least basic sanitation services (% of population),SH.STA.BASS.ZS,76.6882865431078,77.2143581209312,77.7372734420618,78.2571577701354,78.7732036574365,..
Philippines,PHL,Access to electricity (% of population),EG.ELC.ACCS.ZS,96.4,97.5,94.8,98,..,..
Philippines,PHL,People using at least basic drinking water services (% of population),SH.H2O.BASW.ZS,94.2767858134665,94.6741026690457,95.070405889347,95.465506033898,95.8592214925506,..
Philippines,PHL,People using at least basic sanitation services (% of population),SH.STA.BASS.ZS,82.5280655331601,83.6784077055498,84.8329995746262,85.991294396015,87.1527398416478,..
Poland,POL,Access to electricity (% of population),EG.ELC.ACCS.ZS,100,100,100,100,..,..
Poland,POL,People using at least basic drinking water services (% of population),SH.H2O.BASW.ZS,92.2480567425882,91.710929872632,91.1776289012676,90.648484121514,90.124463310463,..
Poland,POL,People using at least basic sanitation services (% of population),SH.STA.BASS.ZS,98.9575085375078,98.9573598717452,98.9570843478037,98.9566925447355,98.9561729534462,..
Portugal,PRT,Access to electricity (% of population),EG.ELC.ACCS.ZS,100,100,100,100,..,..
Portugal,PRT,People using at least basic drinking water services (% of population),SH.H2O.BASW.ZS,99.2320711795606,99.2456792845516,99.260406703221,99.2762210572337,99.287612173499,..
Portugal,PRT,People using at least basic sanitation services (% of population),SH.STA.BASS.ZS,99.6529221881304,99.6623109186367,99.6612544387821,99.6602104639564,99.6591815840337,..
Puerto Rico (US),PRI,Access to electricity (% of population),EG.ELC.ACCS.ZS,100,100,100,100,..,..
Puerto Rico (US),PRI,People using at least basic drinking water services (% of population),SH.H2O.BASW.ZS,100,100,100,100,100,..
Puerto Rico (US),PRI,People using at least basic sanitation services (% of population),SH.STA.BASS.ZS,100,100,100,100,100,..
Qatar,QAT,Access to electricity (% of population),EG.ELC.ACCS.ZS,100,100,100,100,..,..
Qatar,QAT,People using at least basic drinking water services (% of population),SH.H2O.BASW.ZS,99.9766796628058,99.9828259022685,99.9889721417312,99.9889721417312,99.9889721417312,..
Qatar,QAT,People using at least basic sanitation services (% of population),SH.STA.BASS.ZS,99.9365456058699,99.9365453448301,99.936545083788,99.936545083788,99.936545083788,..
Romania,ROU,Access to electricity (% of population),EG.ELC.ACCS.ZS,100,100,100,100,..,..
Romania,ROU,People using at least basic drinking water services (% of population),SH.H2O.BASW.ZS,99.9999987108397,100,100,99.9999974664564,99.9999994247989,..
Romania,ROU,People using at least basic sanitation services (% of population),SH.STA.BASS.ZS,87.7922191507809,88.6956428751098,89.6004899502368,90.505532492932,90.5413612422841,..
Russian Federation,RUS,Access to electricity (% of population),EG.ELC.ACCS.ZS,99.9,100,100,100,..,..
Russian Federation,RUS,People using at least basic drinking water services (% of population),SH.H2O.BASW.ZS,96.7753426009288,96.8045794762189,96.8350937043226,96.8670125138165,96.9002616074642,..
Russian Federation,RUS,People using at least basic sanitation services (% of population),SH.STA.BASS.ZS,89.7409453652069,90.3506542509722,90.9663797021895,91.5886930920727,92.2175878296841,..
Rwanda,RWA,Access to electricity (% of population),EG.ELC.ACCS.ZS,45.2,48.7,50.6,63.9,..,..
Rwanda,RWA,People using at least basic drinking water services (% of population),SH.H2O.BASW.ZS,59.0523587439994,59.6381227763257,60.2302194003015,60.8290423575481,61.392176021167,..
Rwanda,RWA,People using at least basic sanitation services (% of population),SH.STA.BASS.ZS,75.8419280137536,77.3571126484404,78.8594683891809,80.3475631851087,81.3307323783745,..
Samoa,WSM,Access to electricity (% of population),EG.ELC.ACCS.ZS,100,98.3,98.3,100,..,..
Samoa,WSM,People using at least basic drinking water services (% of population),SH.H2O.BASW.ZS,96.3864371758172,97.3015545518519,98.1847056726277,98.9302348547362,99.4409290344985,..
Samoa,WSM,People using at least basic sanitation services (% of population),SH.STA.BASS.ZS,96.0821241161349,96.3448273060741,96.5989544610645,96.8487142072358,97.0991039585403,..
San Marino,SMR,Access to electricity (% of population),EG.ELC.ACCS.ZS,100,100,100,100,..,..
San Marino,SMR,People using at least basic drinking water services (% of population),SH.H2O.BASW.ZS,100,100,100,99.9999988818718,99.9999961845643,..
San Marino,SMR,People using at least basic sanitation services (% of population),SH.STA.BASS.ZS,100,100,100,100,100,..
Sao Tome and Principe,STP,Access to electricity (% of population),EG.ELC.ACCS.ZS,76.8,78.5,78,81.3,..,..
Sao Tome and Principe,STP,People using at least basic drinking water services (% of population),SH.H2O.BASW.ZS,76.8423036078909,77.1104795429933,77.5574116741511,77.7627440176423,77.957445837032,..
Sao Tome and Principe,STP,People using at least basic sanitation services (% of population),SH.STA.BASS.ZS,47.1080132831109,48.4573502739393,48.5350542796998,48.6086612768342,48.6785052753612,..
Saudi Arabia,SAU,Access to electricity (% of population),EG.ELC.ACCS.ZS,100,100,100,100,..,..
Saudi Arabia,SAU,People using at least basic drinking water services (% of population),SH.H2O.BASW.ZS,99.0470900170106,99.0455148837977,99.043936969943,99.042358768417,99.0407817713525,..
Saudi Arabia,SAU,People using at least basic sanitation services (% of population),SH.STA.BASS.ZS,97.5871417429561,97.5922328659359,97.5973210358859,97.6024090977173,97.6074983619299,..
Senegal,SEN,Access to electricity (% of population),EG.ELC.ACCS.ZS,64.3,68,67.9,74.2,..,..
Senegal,SEN,People using at least basic drinking water services (% of population),SH.H2O.BASW.ZS,83.4855735664121,84.636074800772,85.7796288430834,86.915566820325,88.0435670438381,..
Senegal,SEN,People using at least basic sanitation services (% of population),SH.STA.BASS.ZS,58.276399086684,59.3441523766207,60.407587055533,61.4661335345473,62.5195952667746,..
Serbia,SRB,Access to electricity (% of population),EG.ELC.ACCS.ZS,100,100,100,100,..,..
Serbia,SRB,People using at least basic drinking water services (% of population),SH.H2O.BASW.ZS,95.0575271243011,95.4256771978758,95.4163594509615,95.4072534956029,95.39838202106,..
Serbia,SRB,People using at least basic sanitation services (% of population),SH.STA.BASS.ZS,97.9188486059038,97.9231088276216,97.9283883905418,97.9347704722446,97.9422983506613,..
Seychelles,SYC,Access to electricity (% of population),EG.ELC.ACCS.ZS,100,100,100,100,..,..
Seychelles,SYC,People using at least basic drinking water services (% of population),SH.H2O.BASW.ZS,97.0338421453993,97.2072138644351,97.3805855834709,97.5539573025066,97.7273290215423,..
Seychelles,SYC,People using at least basic sanitation services (% of population),SH.STA.BASS.ZS,98.8969906145227,98.8985665517452,99.7,99.7,99.7,..
Sierra Leone,SLE,Access to electricity (% of population),EG.ELC.ACCS.ZS,26.3,27.5,29.4,35.5,..,..
Sierra Leone,SLE,People using at least basic drinking water services (% of population),SH.H2O.BASW.ZS,63.4122118828476,64.5803175608776,65.7476533121916,66.9139758718619,68.0790238061869,..
Sierra Leone,SLE,People using at least basic sanitation services (% of population),SH.STA.BASS.ZS,21.0167123808123,21.9564987659226,22.9191878036943,23.9048711595784,24.9136362418086,..
Singapore,SGP,Access to electricity (% of population),EG.ELC.ACCS.ZS,100,100,100,100,..,..
Singapore,SGP,People using at least basic drinking water services (% of population),SH.H2O.BASW.ZS,100,100,100,100,100,..
Singapore,SGP,People using at least basic sanitation services (% of population),SH.STA.BASS.ZS,100,100,100,100,100,..
Sint Maarten (Dutch part),SXM,Access to electricity (% of population),EG.ELC.ACCS.ZS,100,100,100,100,..,..
Sint Maarten (Dutch part),SXM,People using at least basic drinking water services (% of population),SH.H2O.BASW.ZS,..,..,..,..,..,..
Sint Maarten (Dutch part),SXM,People using at least basic sanitation services (% of population),SH.STA.BASS.ZS,..,..,..,..,..,..
Slovak Republic,SVK,Access to electricity (% of population),EG.ELC.ACCS.ZS,100,100,100,100,..,..
Slovak Republic,SVK,People using at least basic drinking water services (% of population),SH.H2O.BASW.ZS,99.7877016868458,99.7874622291047,99.7871105591553,99.7866473599926,99.7860717473563,..
Slovak Republic,SVK,People using at least basic sanitation services (% of population),SH.STA.BASS.ZS,97.5326284865492,97.5341310938748,97.5363631509113,97.5393256080188,97.5429596376154,..
Slovenia,SVN,Access to electricity (% of population),EG.ELC.ACCS.ZS,100,100,100,100,..,..
Slovenia,SVN,People using at least basic drinking water services (% of population),SH.H2O.BASW.ZS,99.5895466181777,99.5845624791202,99.5795783400627,99.5745942010052,99.5745942010052,..
Slovenia,SVN,People using at least basic sanitation services (% of population),SH.STA.BASS.ZS,98.3645255759469,98.3111577508786,98.3111577508786,98.3111577508786,98.3111577508786,..
Solomon Islands,SLB,Access to electricity (% of population),EG.ELC.ACCS.ZS,72.9,76.3,76,81.3,..,..
Solomon Islands,SLB,People using at least basic drinking water services (% of population),SH.H2O.BASW.ZS,71.4129793033283,71.2454871530386,71.3673843057896,71.4884718815892,71.6090318452294,..
Solomon Islands,SLB,People using at least basic sanitation services (% of population),SH.STA.BASS.ZS,33.2293129783629,33.9057348441726,34.1549727598984,34.4025678319385,34.6490737425976,..
"Somalia, Fed. Rep.",SOM,Access to electricity (% of population),EG.ELC.ACCS.ZS,49.9,49.3,48.9,50.3,..,..
"Somalia, Fed. Rep.",SOM,People using at least basic drinking water services (% of population),SH.H2O.BASW.ZS,65.5578267078208,67.9535994970856,70.3763317867306,72.8240641770805,75.2947964571377,..
"Somalia, Fed. Rep.",SOM,People using at least basic sanitation services (% of population),SH.STA.BASS.ZS,40.2756265135548,41.3196817201459,42.3649691614571,43.4108945004739,44.4568438332571,..
South Africa,ZAF,Access to electricity (% of population),EG.ELC.ACCS.ZS,90,89.3,86.5,87.7,..,..
South Africa,ZAF,People using at least basic drinking water services (% of population),SH.H2O.BASW.ZS,91.1598368082793,90.9231026021655,90.6825361107103,90.4386965804708,90.1916801364739,..
South Africa,ZAF,People using at least basic sanitation services (% of population),SH.STA.BASS.ZS,74.917857781457,75.5483071505453,76.169562634684,76.7816295496925,77.384521067613,..
South Sudan,SSD,Access to electricity (% of population),EG.ELC.ACCS.ZS,7.3,7.7,8.4,5.4,..,..
South Sudan,SSD,People using at least basic drinking water services (% of population),SH.H2O.BASW.ZS,39.7909332940047,39.6554918601002,39.5092288005932,39.6266422393655,39.7494391327564,..
South Sudan,SSD,People using at least basic sanitation services (% of population),SH.STA.BASS.ZS,13.0864589618101,13.6458281034803,14.2167630894524,14.3201319980044,14.4282401482886,..
Spain,ESP,Access to electricity (% of population),EG.ELC.ACCS.ZS,100,100,100,100,..,..
Spain,ESP,People using at least basic drinking water services (% of population),SH.H2O.BASW.ZS,99.9256069689441,99.9253882857533,99.9251513451199,99.9249297229504,99.9247001396709,..
Spain,ESP,People using at least basic sanitation services (% of population),SH.STA.BASS.ZS,99.9191055578582,99.9188670826466,99.9186101900368,99.9183686152338,99.9181189186239,..
Sri Lanka,LKA,Access to electricity (% of population),EG.ELC.ACCS.ZS,100,100,100,100,..,..
Sri Lanka,LKA,People using at least basic drinking water services (% of population),SH.H2O.BASW.ZS,89.3024800646489,89.5988356123165,89.8964005892061,90.1950284141998,90.2138440260395,..
Sri Lanka,LKA,People using at least basic sanitation services (% of population),SH.STA.BASS.ZS,93.3463184770693,94.2083491070029,94.9480533011818,95.3491933910345,95.3530207374149,..
St. Kitts and Nevis,KNA,Access to electricity (% of population),EG.ELC.ACCS.ZS,100,100,100,100,..,..
St. Kitts and Nevis,KNA,People using at least basic drinking water services (% of population),SH.H2O.BASW.ZS,..,..,..,..,..,..
St. Kitts and Nevis,KNA,People using at least basic sanitation services (% of population),SH.STA.BASS.ZS,..,..,..,..,..,..
St. Lucia,LCA,Access to electricity (% of population),EG.ELC.ACCS.ZS,100,100,100,100,..,..
St. Lucia,LCA,People using at least basic drinking water services (% of population),SH.H2O.BASW.ZS,97.2192348527324,97.6128621047241,97.8739462216036,98.0966876683617,98.0956816576068,..
St. Lucia,LCA,People using at least basic sanitation services (% of population),SH.STA.BASS.ZS,83.3681101145383,83.3633139252982,83.3579905079804,..,..,..
St. Martin (French part),MAF,Access to electricity (% of population),EG.ELC.ACCS.ZS,100,100,100,100,..,..
St. Martin (French part),MAF,People using at least basic drinking water services (% of population),SH.H2O.BASW.ZS,99.9402183869595,99.9344584021259,99.9286984172924,99.9229384324588,99.9229384324588,..
St. Martin (French part),MAF,People using at least basic sanitation services (% of population),SH.STA.BASS.ZS,99.9900736670109,100,100,100,100,..
St. Vincent and the Grenadines,VCT,Access to electricity (% of population),EG.ELC.ACCS.ZS,100,100,100,100,..,..
St. Vincent and the Grenadines,VCT,People using at least basic drinking water services (% of population),SH.H2O.BASW.ZS,..,..,..,..,..,..
St. Vincent and the Grenadines,VCT,People using at least basic sanitation services (% of population),SH.STA.BASS.ZS,..,..,..,..,..,..
Sudan,SDN,Access to electricity (% of population),EG.ELC.ACCS.ZS,59.7,61.8,63.2,66,..,..
Sudan,SDN,People using at least basic drinking water services (% of population),SH.H2O.BASW.ZS,61.0926356052486,62.0626646208018,63.032473791163,64.0016697422779,64.8917129502851,..
Sudan,SDN,People using at least basic sanitation services (% of population),SH.STA.BASS.ZS,54.1197261681039,56.9352476681987,59.8058415120202,62.7305457858252,65.7085965688426,..
Suriname,SUR,Access to electricity (% of population),EG.ELC.ACCS.ZS,98.4,98.8,99,99.6,..,..
Suriname,SUR,People using at least basic drinking water services (% of population),SH.H2O.BASW.ZS,97.9896319071823,97.9911262229976,97.9930097991992,97.9952348294942,97.9978493893275,..
Suriname,SUR,People using at least basic sanitation services (% of population),SH.STA.BASS.ZS,89.9542117560027,89.9622405684379,89.9723387364091,89.9842718946213,89.9982745800564,..
Sweden,SWE,Access to electricity (% of population),EG.ELC.ACCS.ZS,100,100,100,100,..,..
Sweden,SWE,People using at least basic drinking water services (% of population),SH.H2O.BASW.ZS,99.7286050632105,99.7393684296399,99.7499137536867,99.7602354276088,99.7607966673045,..
Sweden,SWE,People using at least basic sanitation services (% of population),SH.STA.BASS.ZS,98.8147945547194,98.7911500544417,98.767447686991,98.7436812461122,98.743188223274,..
Switzerland,CHE,Access to electricity (% of population),EG.ELC.ACCS.ZS,100,100,100,100,..,..
Switzerland,CHE,People using at least basic drinking water services (% of population),SH.H2O.BASW.ZS,100,99.9999966128277,100,100,99.9999967819997,..
Switzerland,CHE,People using at least basic sanitation services (% of population),SH.STA.BASS.ZS,99.8998740977632,99.8998704339259,99.8998753786739,99.8998744202541,99.8998709349206,..
Syrian Arab Republic,SYR,Access to electricity (% of population),EG.ELC.ACCS.ZS,89,88.8,89,88.4,..,..
Syrian Arab Republic,SYR,People using at least basic drinking water services (% of population),SH.H2O.BASW.ZS,94.0143506731298,94.0536912960994,94.077936305752,94.1020342428863,94.1259941580026,..
Syrian Arab Republic,SYR,People using at least basic sanitation services (% of population),SH.STA.BASS.ZS,94.3003801258049,94.6418305675614,94.980328483975,95.3158526472943,95.6484324566991,..
Tajikistan,TJK,Access to electricity (% of population),EG.ELC.ACCS.ZS,99.5,99.6,100,100,..,..
Tajikistan,TJK,People using at least basic drinking water services (% of population),SH.H2O.BASW.ZS,86.2958090457045,87.724619438918,89.1472350011508,89.1684391081177,89.1914749965589,..
Tajikistan,TJK,People using at least basic sanitation services (% of population),SH.STA.BASS.ZS,95.9796685499025,95.98782600032,95.9951184722517,95.9857039731115,..,..
Tanzania,TZA,Access to electricity (% of population),EG.ELC.ACCS.ZS,39.9,42.7,45.8,48.3,..,..
Tanzania,TZA,People using at least basic drinking water services (% of population),SH.H2O.BASW.ZS,58.4288709914851,59.9769893426504,61.5231007781577,63.0660884066509,64.6059619473789,..
Tanzania,TZA,People using at least basic sanitation services (% of population),SH.STA.BASS.ZS,31.1602899873696,32.6535108479798,34.1608687863697,35.6824982712263,37.2193614570345,..
Thailand,THA,Access to electricity (% of population),EG.ELC.ACCS.ZS,100,100,99.9,100,..,..
Thailand,THA,People using at least basic drinking water services (% of population),SH.H2O.BASW.ZS,99.487572734038,99.9512350608319,99.9999987802384,100,100,..
Thailand,THA,People using at least basic sanitation services (% of population),SH.STA.BASS.ZS,98.0344733663979,98.3663780543942,98.7010762721829,99.0385374392322,99.3504878190651,..
Timor-Leste,TLS,Access to electricity (% of population),EG.ELC.ACCS.ZS,96,100,99.7,100,..,..
Timor-Leste,TLS,People using at least basic drinking water services (% of population),SH.H2O.BASW.ZS,80.8664062920622,82.6385824192743,84.411254635514,85.9414631913499,87.3296506057336,..
Timor-Leste,TLS,People using at least basic sanitation services (% of population),SH.STA.BASS.ZS,63.1237035257288,65.5812259785817,68.0360936203576,70.4877207394957,72.935802279964,..
Togo,TGO,Access to electricity (% of population),EG.ELC.ACCS.ZS,54.1,55.7,57.2,59.2,..,..
Togo,TGO,People using at least basic drinking water services (% of population),SH.H2O.BASW.ZS,62.0075237539343,62.4040009740747,62.7656132616006,63.7824051013865,64.7862455498292,..
Togo,TGO,People using at least basic sanitation services (% of population),SH.STA.BASS.ZS,22.6992561746885,23.7836212231427,24.8925910881783,25.0297462105085,25.1681056691569,..
Tonga,TON,Access to electricity (% of population),EG.ELC.ACCS.ZS,99.9,100,100,100,..,..
Tonga,TON,People using at least basic drinking water services (% of population),SH.H2O.BASW.ZS,98.7700847369517,98.7654258730206,98.8114765892813,98.8577319664238,98.8583466602623,..
Tonga,TON,People using at least basic sanitation services (% of population),SH.STA.BASS.ZS,93.5041088737025,93.6491554246251,93.7917923415777,93.9318098810781,93.933454352263,..
Trinidad and Tobago,TTO,Access to electricity (% of population),EG.ELC.ACCS.ZS,100,100,100,98.7,..,..
Trinidad and Tobago,TTO,People using at least basic drinking water services (% of population),SH.H2O.BASW.ZS,98.7316957265811,98.8610651706074,98.9906054804652,99.1203415064723,99.2503077495039,..
Trinidad and Tobago,TTO,People using at least basic sanitation services (% of population),SH.STA.BASS.ZS,94.2350621411755,94.2194207686008,94.204562265161,94.1907029265778,94.1780681697959,..
Tunisia,TUN,Access to electricity (% of population),EG.ELC.ACCS.ZS,99.9,99.9,100,100,..,..
Tunisia,TUN,People using at least basic drinking water services (% of population),SH.H2O.BASW.ZS,95.120374054685,95.5312981932344,95.9372584120703,96.3377994591756,96.7327873288014,..
Tunisia,TUN,People using at least basic sanitation services (% of population),SH.STA.BASS.ZS,95.4060813673203,96.2856817943005,97.1606271679566,97.9849156132874,98.5373409254893,..
Turkiye,TUR,Access to electricity (% of population),EG.ELC.ACCS.ZS,100,100,100,100,..,..
Turkiye,TUR,People using at least basic drinking water services (% of population),SH.H2O.BASW.ZS,95.9525757495893,95.9614082696356,95.9700345956399,95.9784417716969,95.9866257794699,..
Turkiye,TUR,People using at least basic sanitation services (% of population),SH.STA.BASS.ZS,99.2307423449242,99.2429248259355,99.2548217497769,99.2664132586442,99.2777016762549,..
Turkmenistan,TKM,Access to electricity (% of population),EG.ELC.ACCS.ZS,100,100,100,100,..,..
Turkmenistan,TKM,People using at least basic drinking water services (% of population),SH.H2O.BASW.ZS,99.3966548614914,99.6108510416355,99.8205720859417,99.9281577562761,99.9219552580212,..
Turkmenistan,TKM,People using at least basic sanitation services (% of population),SH.STA.BASS.ZS,99.3549516187618,99.7409287319658,99.7391494278379,99.7373196526799,99.7354493287639,..
Turks and Caicos Islands,TCA,Access to electricity (% of population),EG.ELC.ACCS.ZS,99.4,100,99.9,100,..,..
Turks and Caicos Islands,TCA,People using at least basic drinking water services (% of population),SH.H2O.BASW.ZS,98.7705716728616,98.7876500176188,98.8035372363525,98.8184607523226,98.8323379770944,..
Turks and Caicos Islands,TCA,People using at least basic sanitation services (% of population),SH.STA.BASS.ZS,93.1389142647071,93.1426950995276,93.1462139429881,93.1495232967179,93.1525997991534,..
Tuvalu,TUV,Access to electricity (% of population),EG.ELC.ACCS.ZS,99.4,99.7,100,100,..,..
Tuvalu,TUV,People using at least basic drinking water services (% of population),SH.H2O.BASW.ZS,98.8162535576204,98.798446877674,98.7800317187717,98.7610472591254,98.7415397759091,..
Tuvalu,TUV,People using at least basic sanitation services (% of population),SH.STA.BASS.ZS,88.0017857400393,88.424780639943,88.8444072299231,89.2608901052421,89.674451389507,..
Uganda,UGA,Access to electricity (% of population),EG.ELC.ACCS.ZS,42.1,45.2,47.1,51.5,..,..
Uganda,UGA,People using at least basic drinking water services (% of population),SH.H2O.BASW.ZS,56.2751724073816,57.9452003284678,59.6243670283511,61.3115234168033,63.0058015721971,..
Uganda,UGA,People using at least basic sanitation services (% of population),SH.STA.BASS.ZS,22.4171466106688,22.789614286416,23.1603896161507,23.5293222340079,23.896386630237,..
Ukraine,UKR,Access to electricity (% of population),EG.ELC.ACCS.ZS,100,100,100,100,..,..
Ukraine,UKR,People using at least basic drinking water services (% of population),SH.H2O.BASW.ZS,93.4712072863379,93.4969374195088,93.5208948630112,93.517329658926,93.4790922597539,..
Ukraine,UKR,People using at least basic sanitation services (% of population),SH.STA.BASS.ZS,97.3954990991366,97.4790947349818,97.5620782552435,97.6443648371652,97.7258264478011,..
United Arab Emirates,ARE,Access to electricity (% of population),EG.ELC.ACCS.ZS,100,100,100,100,..,..
United Arab Emirates,ARE,People using at least basic drinking water services (% of population),SH.H2O.BASW.ZS,99.9999979225426,100,100,99.9999970727207,100,..
United Arab Emirates,ARE,People using at least basic sanitation services (% of population),SH.STA.BASS.ZS,99.0960113749665,99.0936250142386,99.0913042673601,99.0890518596042,99.0868783474854,..
United Kingdom,GBR,Access to electricity (% of population),EG.ELC.ACCS.ZS,100,100,100,100,..,..
United Kingdom,GBR,People using at least basic drinking water services (% of population),SH.H2O.BASW.ZS,100,100,100,100,99.9999991412127,..
United Kingdom,GBR,People using at least basic sanitation services (% of population),SH.STA.BASS.ZS,99.1069628063769,99.105873619579,99.1047944059839,99.1037240160958,99.1026610062551,..
United States,USA,Access to electricity (% of population),EG.ELC.ACCS.ZS,100,100,100,100,..,..
United States,USA,People using at least basic drinking water services (% of population),SH.H2O.BASW.ZS,99.8204204612721,99.894943997231,99.9641146737575,99.9804979047021,99.9804443465812,..
United States,USA,People using at least basic sanitation services (% of population),SH.STA.BASS.ZS,99.6662725669219,99.6486733885848,99.6316127279868,99.6151178147694,99.6182734760609,..
Uruguay,URY,Access to electricity (% of population),EG.ELC.ACCS.ZS,100,100,100,100,..,..
Uruguay,URY,People using at least basic drinking water services (% of population),SH.H2O.BASW.ZS,99.5703038278437,99.5860335482368,99.6016579773198,99.6172068539544,99.6326913879836,..
Uruguay,URY,People using at least basic sanitation services (% of population),SH.STA.BASS.ZS,98.0693333151527,98.3535399904896,98.6365121038307,98.8933870836172,99.1507922342621,..
Uzbekistan,UZB,Access to electricity (% of population),EG.ELC.ACCS.ZS,100,99.9,100,100,..,..
Uzbekistan,UZB,People using at least basic drinking water services (% of population),SH.H2O.BASW.ZS,95.9578060001248,96.2897455645648,96.6228091774033,96.9565254047898,97.2904869756033,..
Uzbekistan,UZB,People using at least basic sanitation services (% of population),SH.STA.BASS.ZS,96.0621184881157,96.1847033375418,96.30669347504,96.4278294703949,96.547826032469,..
Vanuatu,VUT,Access to electricity (% of population),EG.ELC.ACCS.ZS,67.3,70,71.6,61.6,..,..
Vanuatu,VUT,People using at least basic drinking water services (% of population),SH.H2O.BASW.ZS,86.8609488493879,86.9249066053473,86.9895180856083,87.0544851579831,87.1200605921327,..
Vanuatu,VUT,People using at least basic sanitation services (% of population),SH.STA.BASS.ZS,49.3338166328635,48.9569658031251,48.5782563163716,48.197355856503,47.8141509828146,..
"Venezuela, RB",VEN,Access to electricity (% of population),EG.ELC.ACCS.ZS,99.9,100,100,100,..,..
"Venezuela, RB",VEN,People using at least basic drinking water services (% of population),SH.H2O.BASW.ZS,93.6858007093452,93.5087058493878,93.3316109894304,93.3316109894304,93.3316109894304,..
"Venezuela, RB",VEN,People using at least basic sanitation services (% of population),SH.STA.BASS.ZS,96.9860648116858,97.0023571451138,98.3955859787771,98.3955859787771,98.3955859787771,..
Viet Nam,VNM,Access to electricity (% of population),EG.ELC.ACCS.ZS,99.8,100,100,99.8,..,..
Viet Nam,VNM,People using at least basic drinking water services (% of population),SH.H2O.BASW.ZS,96.2941639364055,96.9270863481492,97.5492793224641,98.160662651459,98.761246653694,..
Viet Nam,VNM,People using at least basic sanitation services (% of population),SH.STA.BASS.ZS,88.5744092568809,90.4559668368841,92.3237168322338,94.0898634431677,95.447026934425,..
Virgin Islands (U.S.),VIR,Access to electricity (% of population),EG.ELC.ACCS.ZS,100,100,100,100,..,..
Virgin Islands (U.S.),VIR,People using at least basic drinking water services (% of population),SH.H2O.BASW.ZS,99.3776550086142,99.4216676526914,99.4656802967685,99.4656802967685,99.4656802967685,..
Virgin Islands (U.S.),VIR,People using at least basic sanitation services (% of population),SH.STA.BASS.ZS,99.2389441193662,99.2489130778912,99.2588820364163,99.2588820364163,99.2588820364163,..
West Bank and Gaza,PSE,Access to electricity (% of population),EG.ELC.ACCS.ZS,100,100,100,100,..,..
West Bank and Gaza,PSE,People using at least basic drinking water services (% of population),SH.H2O.BASW.ZS,98.9584055042094,98.8663957531696,98.7809438464901,98.7763586678986,98.7717073984261,..
West Bank and Gaza,PSE,People using at least basic sanitation services (% of population),SH.STA.BASS.ZS,98.6215954059263,99.0621470403227,99.3771389277401,99.3925426491979,99.3950169288026,..
"Yemen, Rep.",YEM,Access to electricity (% of population),EG.ELC.ACCS.ZS,73.9,74.9,76,83.6,..,..
"Yemen, Rep.",YEM,People using at least basic drinking water services (% of population),SH.H2O.BASW.ZS,68.2329200343338,69.9256117406169,71.6243517846075,73.3277642149443,75.0357620960457,..
"Yemen, Rep.",YEM,People using at least basic sanitation services (% of population),SH.STA.BASS.ZS,59.8436190728003,60.6660832932611,61.480658139543,62.2859746985692,63.0827307655577,..
Zambia,ZMB,Access to electricity (% of population),EG.ELC.ACCS.ZS,44.6,46.7,47.8,51.1,..,..
Zambia,ZMB,People using at least basic drinking water services (% of population),SH.H2O.BASW.ZS,69.1403580014109,70.2228298527718,71.2958879569683,72.3590047817849,73.4120376414689,..
Zambia,ZMB,People using at least basic sanitation services (% of population),SH.STA.BASS.ZS,34.4868129715486,35.2442051458646,35.9950584575439,36.7391328457853,37.4763362189112,..
Zimbabwe,ZWE,Access to electricity (% of population),EG.ELC.ACCS.ZS,52.7,49,50.1,62,..,..
Zimbabwe,ZWE,People using at least basic drinking water services (% of population),SH.H2O.BASW.ZS,67.1664236498224,67.162605340134,67.1689083918982,67.1849190325683,67.2110209689938,..
Zimbabwe,ZWE,People using at least basic sanitation services (% of population),SH.STA.BASS.ZS,35.1923620543494,34.6099501611517,34.6178594063559,34.6283464803415,34.6414985324477,..
,,,,,,,,,
,,,,,,,,,
,,,,,,,,,
Data from database: World Development Indicators,,,,,,,,,
Last Updated: 04/08/2026,,,,,,,,,
