Country,Country Code,gdp_per_capita,inflation,unemployment_rate,life_expectancy,secondary_enrollment,electricity_access,drinking_water_access,sanitation_access,government_effectiveness,political_stability,rule_of_law,forest_area,pm25_exposure,renewable_energy,gdp_per_capita_normalised,life_expectancy_normalised,secondary_enrollment_normalised,electricity_access_normalised,drinking_water_access_normalised,sanitation_access_normalised,government_effectiveness_normalised,political_stability_normalised,rule_of_law_normalised,forest_area_normalised,renewable_energy_normalised,inflation_normalised,unemployment_rate_normalised,pm25_exposure_normalised
Afghanistan,AFG,413.757894705303,-6.60118564073725,13.687,66.289,59.6136016845703,85.3,80.8324374493852,54.4957993646086,-1.9339966,-2.2052112,-1.93548869999999,1.85278199408184,46.0870936659706,20.0,0.0006752787111666763,0.3657648609629026,0.3625399429763049,0.8446088794926003,0.7019905441594649,0.4923801576180781,0.05364419311642705,0.12586273559441322,0.06387006795174587,0.019617039686572232,0.20768431983385255,0.9754682757943789,0.607191493060586,0.4865590359672143
Albania,ALB,11377.7757431099,2.21587375089991,10.689,79.776,108.355392456055,100.0,95.1194270680062,99.2997151439025,0.3123437,0.0204668,-0.1185025,28.7919708029197,15.7070036417042,41.9,0.03877362232930439,0.7890590672274181,0.6766003712879683,1.0,0.9241188398466,0.9921880071881061,0.5581594370732343,0.6395299804780515,0.4937509583376482,0.30484602921424775,0.43509865005192105,0.9374933221846182,0.6940573117376062,0.8652348891353813
Algeria,DZA,5752.99076651465,4.04611455313434,11.655,76.475,105.164131811213,100.0,92.4200285933986,85.9064861325463,-0.2511914,-0.6935882,-0.6967772,0.830314224054683,25.5526558310447,0.1,0.01922832481342638,0.685456029125604,0.6560379613085718,1.0,0.8821496917929378,0.8427805084342025,0.4315926615696636,0.47473225837027755,0.3569369071777429,0.008791270175138947,0.001038421599169263,0.9296105002059586,0.6660678584881059,0.7425127135322965
American Samoa,ASM,18017.4589383973,3.117463837096035,5.1895,72.992,92.65956406180274,100.0,100.0,62.119697982607,0.767382,1.2530285,1.0865813,85.2,6.71514739512663,0.4,0.061845541345419724,0.5761408574477436,0.5754666519440108,1.0,1.0,0.5774281786966887,0.660358448921168,0.9239945672637832,0.7788618177011534,0.9020876641907432,0.004153686396677052,0.93361018607568,0.8534030655115464,0.9773148346858551
Andorra,AND,49303.6491674336,3.117463837096035,5.1895,84.188,101.923820495605,100.0,100.0,100.0,1.1590368,1.5437957,1.4099048,34.0425531914894,9.08028059086901,18.7,0.17056043421853662,0.9275312284225724,0.6351595006788829,1.0,1.0,1.0,0.7483218874833727,0.9911011237946605,0.8553569468676198,0.3604385832347394,0.1941848390446521,0.93361018607568,0.8534030655115464,0.94783438120337
Angola,AGO,2665.87444776753,28.2404948915772,14.02,64.805,51.4839046246776,51.1,67.9607422242112,92.9912822357176,-0.785190899999999,-0.5735964,-1.1697408,52.0912696719339,25.1452381976267,52.9,0.008501051296820198,0.3191890025735989,0.31015745763340535,0.48308668076109945,0.5018666692708303,0.9218145982760696,0.3116594136929671,0.50242532866824,0.245038416430745,0.5515362885338609,0.54932502596054,0.8254056366387785,0.5975429548286154,0.7475910138206461
Antigua and Barbuda,ATG,23542.4526945578,6.19886698842115,5.1895,77.766,108.880778588808,100.0,98.9227269324043,99.6057190215246,0.4299698,1.0731489,0.6017732,18.0134090909091,19.6982695582914,0.9,0.08104407910052722,0.7259745150963532,0.679985618142254,1.0,0.9832509971041906,0.9956016181945144,0.5845775895397985,0.8824799103624835,0.6641610358821726,0.19072387477617944,0.009345794392523366,0.9203386250566481,0.8534030655115464,0.8154853319425803
Argentina,ARG,13969.7836603737,219.883929014578,7.15,77.543,105.574584297051,100.0,97.0965711084738,92.9912822357176,0.1837479,-0.169745999999999,-0.2513801,10.3212951412107,14.9081737974407,9.2,0.0477804672339959,0.7189755821982301,0.6586826504236727,1.0,0.9548586701229961,0.9218145982760696,0.5292775524323272,0.5956305103311561,0.462313437788322,0.10928066931171392,0.09553478712357216,0.0,0.796598383217918,0.8751919884254444
Armenia,ARM,8556.21406956719,0.269511978259125,12.405,78.319512195122,90.9458714101262,100.0,99.9315721509168,93.6649426520095,-0.3640294,-0.723297299999999,-0.1423943,11.6183158247114,30.5796334750125,9.1,0.028969112006107498,0.7433466886925492,0.5644247300190792,1.0,0.9989361116722183,0.9293295834766022,0.4062498891065607,0.46787565487912913,0.4880983957276945,0.12301337305333632,0.09449636552440291,0.9458762755867413,0.6443369165242083,0.6798534177018268
Aruba,ABW,39498.5941293797,3.117463837096035,5.1895,76.5,124.379366731084,100.0,97.0965711084738,98.8400017151311,0.6567856,1.3302095,1.22006,2.33333333333333,20.0287144500145,8.8,0.1364893152911913,0.6862406628585777,0.7798484494651624,1.0,0.9548586701229961,0.9870596969443195,0.6355191270576264,0.9418072749543674,0.8104415525409407,0.024705061225881036,0.09138110072689513,0.93361018607568,0.8534030655115464,0.8113664665541512
Australia,AUS,64603.9856308464,3.16656665428797,3.942,83.0512195121951,131.931564331055,100.0,99.9696359649334,100.0,1.8090452,0.7932693,1.4704014,17.4213145571644,8.25171746070811,12.3,0.22372684493730838,0.891852975713863,0.8285099035356764,1.0,0.9995279123496573,1.0,0.894310073912639,0.8178861178052785,0.8696698416344154,0.18445484690146272,0.12772585669781933,0.9333987009169501,0.8895488656448296,0.9581620941879843
Austria,AUT,58268.8787651601,2.93791574279375,5.2,81.9951219512195,100.622657775879,100.0,99.9999971947745,99.9721024074429,1.5145106,0.4915979,1.6777399,47.2402653902084,10.9335136815146,36.0,0.20171328370786723,0.8587069848477654,0.6267756535819194,1.0,0.9999999563854963,0.9996887897965698,0.8281592794080305,0.7482629661642101,0.9187240716507348,0.5001744209108439,0.37383177570093457,0.9343834972499608,0.8530988323240519,0.9247345608552687
Azerbaijan,AZE,7283.8499076179,2.21217188919901,5.648,74.576,91.1228035886648,100.0,97.6880841665339,98.9785069136854,0.1661183,-0.1404058,-0.4853711,14.1119540229885,21.7269999756599,1.3,0.024547834357749633,0.6258552507689409,0.5655647660106673,1.0,0.9640552742342167,0.9886047847840678,0.5253180446298535,0.6024019748908698,0.40695349095862776,0.14941572349489268,0.013499480789200416,0.9375092660520821,0.8401182163242836,0.7901980065583699
"Bahamas, The",BHS,39455.4466548546,0.409162489083286,9.049,74.71,79.4858750299258,100.0,97.0965711084738,92.9912822357176,0.7092986,1.0493095,0.2509955,50.9350649350649,18.9393918728687,1.1,0.13633938418624045,0.6300608875776785,0.49058395981657277,1.0,0.9548586701229961,0.9218145982760696,0.6473132479243106,0.8769779828969295,0.5811705156440334,0.5392945276135742,0.011422637590861892,0.9452748027561105,0.7415756381653291,0.8249444433128293
Bahrain,BHR,29653.5682731534,0.919635459817651,1.084,81.423,98.8139181413527,100.0,99.9198990209829,100.0,0.6002525,-0.2758672,0.1679373,0.95,58.4950629834781,0.0,0.10227930367081269,0.8407507375557091,0.6151213106590915,1.0,0.9987546226023187,1.0,0.6228221146155958,0.5711386546234813,0.5615197703770355,0.010058489213394436,0.0,0.943076202687582,0.9723582418219222,0.33189858684943546
Bangladesh,BGD,2593.41611680774,10.4657482763412,3.635,74.93,64.2997191043961,99.5,98.7825421934741,67.6171751221237,-0.618974599999999,-1.46295089999999,-0.9600594,14.4899215263887,42.3813762359965,25.0,0.008249269292351414,0.6369656644278453,0.3927342386863065,0.9947145877378436,0.9810714618787063,0.6387550109471876,0.3489906484769835,0.2971699971513446,0.29464695331966745,0.1534175993432764,0.25960539979231567,0.9019612259976367,0.8984440645553851,0.5327493437732385
Barbados,BRB,26544.8707282621,1.44643664306159,6.448,76.332,104.371182990274,100.0,99.1626347450814,98.0924623115578,0.60457,1.2722219,0.7277751,14.6511627906977,23.7309657842996,5.5,0.09147703857897285,0.6809679241729959,0.6509287143483837,1.0,0.9869809860643937,0.978720558383098,0.6237918005379752,0.9284242380867637,0.6939718340942426,0.15512480304623025,0.057113187954309454,0.940807277232205,0.8169385448961262,0.7652193622653368
Belarus,BLR,8317.63399913792,5.78531910427998,3.458,74.3653414634147,94.7902702871216,100.0,99.8924920429612,99.7473526999237,-0.7015463,-0.3773003,-1.2305997,43.4080686559958,14.6089903841381,8.2,0.0281400814783091,0.619243659011195,0.5891955383705935,1.0,0.9983285100705395,0.9971816056352564,0.3304455147012022,0.5477287718744913,0.23063980508195947,0.4595995687901251,0.08515057113187954,0.92211977010945,0.9035725668588649,0.8789211918015909
Belgium,BEL,56614.5679499036,3.14349136500041,5.7,82.3,142.960266113281,100.0,100.0,99.486220664134,1.1947395,0.1214526,1.282799,22.604446776415,11.2160664677018,11.7,0.19596479781863504,0.8682756889084174,0.8995716915952536,1.0,1.0,0.9942685602241181,0.7563405106636704,0.6628366302532527,0.8252849768784076,0.23933324639507253,0.12149532710280374,0.9334980858707429,0.8386115376814535,0.9212126516940707
Belize,BLZ,7681.24400583113,3.28955985952768,8.698,73.739,86.4571583269413,99.6,94.8473253067341,84.3017658171591,-0.129095,0.7847219,-0.39715,54.5186321788689,28.6518070195516,30.8,0.025928720189466035,0.5995857133889901,0.5355023795850868,0.9957716701902748,0.9198883124858142,0.8248791309308172,0.45901481796878435,0.8159134517642257,0.4278257270927404,0.5772369196843912,0.31983385254413293,0.9328689708725179,0.7517457190044332,0.7038830149544587
Benin,BEN,1485.38018885134,1.16093089640415,1.637,60.961,43.5606498718262,57.0,69.5868397867067,22.248968702791,-0.1854211,-0.4030099,-0.4124793,26.4734835047889,51.0478241974862,54.5,0.004399008000532401,0.1985437197916013,0.25910515237508674,0.5454545454545455,0.5271485718843351,0.1326522452649248,0.4463642965483942,0.5417952184139008,0.4241989669483911,0.28029815607778386,0.5659397715472482,0.942036946558797,0.9563352939472084,0.42472548429378054
Bermuda,BMU,142855.374713782,3.117463837096035,5.1895,82.49,74.3967514038086,100.0,100.0,99.9416526015971,1.4756305,0.9711697,0.8001056,18.5185185185185,7.33600052500811,0.9,0.4956388712673348,0.8742389052790156,0.45779295397842823,1.0,1.0,0.9993491085049928,0.8194270302752676,0.8589439924536766,0.7110845120782897,0.19607191449111944,0.009345794392523366,0.93361018607568,0.8534030655115464,0.9695761450222563
Bhutan,BTN,3831.32535494609,2.76131569624097,3.282,73.262,86.1810001963554,100.0,99.5465791835972,86.8421082075035,0.5808357,1.3541153,0.7902665,71.60513896172,23.9456576369223,82.5,0.012550821166377653,0.5846149017638567,0.5337229960335023,1.0,0.9929503978189114,0.8532177938625158,0.6184612118668625,0.9473245269659968,0.708756678730631,0.7581468609158635,0.8566978193146417,0.9351441112231054,0.9086720945730595,0.7625433129055351
Bolivia,BOL,4421.16609889999,5.09976568317427,3.274,68.739,90.5272216796875,99.8,93.3877494672031,71.5839204142996,-0.6104172,-0.5460357,-1.267722,46.3457431920982,22.879459074231,12.8,0.014600430684881276,0.4426589667943006,0.5617272231861735,0.9978858350951374,0.8971954217988511,0.6830058403622078,0.3509125918034846,0.5087861000089571,0.22185703756442263,0.49070332419417717,0.13291796469366565,0.9250724392712564,0.9089038912873411,0.7758330579343125
Bosnia and Herzegovina,BIH,9358.78768951134,1.69212733599723,10.69,78.044,87.8663787841797,100.0,96.0873127231219,92.9912822357176,-0.6353163,-0.5010614,-0.319134,42.7326171875,26.6019532713554,36.6,0.03175793686705336,0.7346996422070177,0.5445824805288703,1.0,0.9391671318052265,0.9218145982760696,0.34532039568306383,0.5191657797162508,0.446283537913949,0.45244796741113935,0.3800623052959502,0.9397490907947369,0.694028337148321,0.7294336343353802
Botswana,BWA,7695.75319445165,2.81835131676251,23.81,69.293,70.6292572021484,76.0,91.7713640807246,72.115456599001,0.4168893,1.0322942,0.3120842,26.2908263194114,18.9057549925814,27.4,0.02597913747821255,0.46004645031699226,0.43351766938368724,0.7463002114164905,0.872064520142417,0.6889353657803197,0.5816397837013079,0.8730509987276703,0.5956234953906696,0.2783642031000275,0.284527518172378,0.9348984595894706,0.3138817257265379,0.8253637137735336
Brazil,BRA,10310.5488778166,4.36746407652336,6.801,76.023,104.144660949707,99.8,99.9999987323028,92.4012701604853,-0.224002999999999,-0.5205702,-0.446218,58.9818729765235,12.1793252040724,46.5,0.03506516650639011,0.6712698512334442,0.6494691535083639,0.9978858350951374,0.9999999802903602,0.9152327479754203,0.4376990214381108,0.5146633172994116,0.41621672558824047,0.6244931927580657,0.48286604361370716,0.9282264522256546,0.8067105148784516,0.9092060110447024
Brunei Darussalam,BRN,33153.4738913513,-0.38867416503646,5.18,75.501,91.8381544399811,100.0,100.0,100.0,0.8351988,1.2027245,0.5876078,72.1062618595825,7.59726503432135,0.0,0.1144409590709411,0.6548866988889588,0.570174022076182,1.0,1.0,1.0,0.675589716150078,0.9123848388634366,0.6608096429191043,0.7634526917187423,0.0,0.9487110742591811,0.8536783241097559,0.9663195858452516
Bulgaria,BGR,17596.0173663521,2.44651943006078,4.2,75.7609756097561,94.7816314697266,100.0,99.1852515713458,86.0765607063355,0.0428203,0.0399268,-0.0333423,36.2196020633751,17.1474236131426,20.4,0.06038109409179888,0.6630461242155578,0.5891398754446272,1.0,0.9873326232676163,0.8446777668660514,0.49762601571091075,0.6440211802766906,0.513899015929633,0.3834889228083129,0.2118380062305296,0.936499934414685,0.8820734216092487,0.8472806216803075
Burkina Faso,BFA,981.992649769081,4.19081721344523,3.441,61.292,29.9905774531085,21.7,49.9986600107497,31.7963485938203,-0.8748674,-1.9063314,-0.883858599999999,22.172514619883,58.4706762025055,71.4,0.0026498106075497447,0.20893227041616982,0.17166842326467296,0.1723044397463002,0.22259953073604974,0.23915756582373168,0.29151858228167427,0.19484161008451142,0.3126753058476716,0.23475999909255113,0.7414330218068537,0.9289872678369302,0.9040651348767133,0.3322025584664862
Burundi,BDI,219.424830882698,20.2124925027847,0.915,63.818,44.9151717353101,11.6,65.9191041847553,44.6339890793582,-1.0060869,-1.3763566,-1.3028277,10.8894080996885,29.6541345084659,83.0,0.0,0.2882116627958069,0.26783281112274476,0.06553911205073995,0.4701241125657225,0.38236722446689747,0.26204742955633237,0.3171552131186238,0.21355137757998224,0.11529578306417557,0.8618899273104881,0.8599821325828345,0.9772549474111205,0.6913893976967299
Cabo Verde,CPV,5192.48157325878,1.0481698336865,11.883,76.224,96.4315940376876,98.6,92.2800892661912,83.1279216157097,0.4151952,0.7695825,0.424201,11.5682382133995,42.3225220905558,21.8,0.01728063810395111,0.6775783064465509,0.5997711621206021,0.9852008456659619,0.8799739721289668,0.8117843704427661,0.581259298485071,0.8124194091007355,0.6221492168360049,0.12248315714469073,0.22637590861889928,0.9425226069060271,0.6594616521310811,0.5334829375091173
Cambodia,KHM,2627.87969756224,0.808042016536654,0.254,70.817,58.7893230437643,95.0,82.8497572939701,83.3359328714314,-0.293501299999999,0.1284232,-1.0562612,43.0619759800589,24.1436022803452,52.4,0.008369025148284049,0.5078777226790532,0.3572288270143707,0.9471458773784355,0.7333550114751998,0.8141048296392516,0.42209009888123755,0.6644453844832832,0.27188656282208046,0.4559351798977607,0.5441329179646937,0.9435568341139471,0.9964071509286357,0.7600760109104336
Cameroon,CMR,1830.00833684727,4.53331349711606,3.603,63.968,44.840795775403,72.0,71.410178711283,47.0729484414837,-0.800788699999999,-1.55680399999999,-1.2537215,42.6741130925938,39.8126251004519,79.2,0.005596539944056362,0.29291946519364775,0.2673535807650826,0.7040169133192389,0.5554971028616564,0.4095749140799558,0.3081562366043535,0.2755095128850722,0.225169416825117,0.45182853287687263,0.8224299065420562,0.9275121410507534,0.8993712514125113,0.5647678146550585
Canada,CAN,54340.3477224733,2.38158383281173,6.351,82.1080487804878,104.320877075195,100.0,98.2902608624259,98.5878834990178,1.7591249,0.5984769,1.4608299,39.4617117321106,6.56566994375263,23.8,0.18806221822728872,0.8622512328318312,0.6506045757193705,1.0,0.9734176722432879,0.9842472047493571,0.8830982587068588,0.7729297155618851,0.8674053197892144,0.41781600189422646,0.24714434060228455,0.9367796111395004,0.8197490800567903,0.9791780122269107
Cayman Islands,CYM,99143.5180243123,3.117463837096035,5.1895,80.54,84.7603098178773,100.0,95.4601226993865,83.2442168711656,1.1842501,1.4607897,0.8301334,52.4720833333333,20.0287144500145,0.0,0.3437466216040841,0.813037474107087,0.5245689903701707,1.0,0.9294158367624459,0.8130816963691637,0.7539846511351918,0.9719440564521198,0.7181887913514785,0.5555682991712284,0.0,0.93361018607568,0.8534030655115464,0.8113664665541512
Central African Republic,CAF,516.160999996036,1.47733600718743,6.253,57.671,92.65956406180274,17.6,36.5040268237207,14.0362838980325,-1.57655,-1.83294689999999,-1.7147975,35.6560403223217,34.4334184466457,90.9,0.0010311143862698855,0.09528592053229556,0.5754666519440108,0.12896405919661735,0.012790470130941757,0.04103604922342156,0.13392466469080574,0.2117781183899215,0.1160834141820747,0.3775219968151894,0.9439252336448599,0.9406741940956251,0.8225885898067395,0.6318175063238749
Chad,TCD,961.55975562506,8.89950732263754,1.053,55.238,23.49298947746,12.0,52.2090525523694,13.1415290614475,-1.1005006,-1.77893219999999,-1.4446512,3.16103105146125,49.1388484128027,70.0,0.0025788093165106914,0.018925365639319614,0.12980218834950627,0.06976744186046512,0.2569658137093084,0.03105465623605667,0.24084264999182703,0.22424424427705172,0.17999734593260627,0.03346862814139774,0.726895119418484,0.9087070042573384,0.9732564540897635,0.4485201153618578
Chile,CHL,16709.8893972307,4.29763891572524,8.718,81.359,105.608551025391,100.0,99.0811612150969,99.9999955987514,0.964461,0.1213566,0.6910553,25.0116461113584,23.2750668049145,24.2,0.05730193020096828,0.8387420751992968,0.6589015099502096,1.0,0.985714268803293,0.9999999509020906,0.7046212704374644,0.662814474283023,0.6852842940794684,0.26482039223193404,0.2512980269989616,0.9285271882334689,0.7511662272187293,0.7709019634307466
China,CHN,13303.1481543868,0.218128938439177,4.59,78.017,92.65956406180274,100.0,96.1224151867516,97.2718787578263,0.8957842,-0.153336399999999,-0.579319799999999,24.0319389958256,34.8105237153218,15.2,0.04546400725314721,0.7338522377754063,0.5754666519440108,1.0,0.9397128906129688,0.9695665794451094,0.6891968521041544,0.5994177041757476,0.38472616154545014,0.2544473675436473,0.15784008307372793,0.9460975816329885,0.870773331788022,0.6271170377197309
Colombia,COL,7919.20886825345,6.60908593728228,9.619,77.913,101.573776245117,98.7,97.0965711084738,96.5820151977995,-0.111099099999999,-0.9708732,-0.5597434,52.7661596214511,14.1832514905064,29.7,0.026755612960251484,0.7305881614462368,0.6329040429803404,0.9862579281183933,0.9548586701229961,0.961870840882163,0.46305659466607413,0.4107372770668007,0.38935774337174595,0.5586819446153841,0.308411214953271,0.9185718176823412,0.7250601222727668,0.8842278593803927
Comoros,COM,1662.75663312504,5.05192609588218,3.815,67.023,54.8057289123535,89.8,85.0539278589302,57.2230888156822,-1.2085975,-0.221274299999999,-1.1308597,16.9801182160129,11.9332724091044,39.3,0.005015364961743132,0.38880170736300285,0.331561134889636,0.8921775898520085,0.7676245576894842,0.5228042991688058,0.21656470159973584,0.5837382240729743,0.2542372985615963,0.17978351149255595,0.40809968847352024,0.9252784837161708,0.8932286384840495,0.912272962195423
"Congo, Dem. Rep.",COD,649.383338556725,3.117463837096035,4.421,62.074,55.4860992431641,22.1,35.6813611952254,16.3033122368932,-1.6934449,-2.1191762,-1.6266053,54.1898572594341,26.6494833206385,96.3,0.0014940423477411962,0.23347561358357918,0.33594499921063936,0.1765327695560254,0.0,0.06632577087502615,0.10767073558184276,0.14571886995597125,0.13694881286319388,0.573755889178318,1.0,0.93361018607568,0.8756700373772203,0.7288411909966993
"Congo, Rep.",COG,2482.2489948456,3.09143630919166,19.895,66.001,92.65956406180274,51.3,97.0965711084738,92.9912822357176,-1.110638,-0.2584147,-1.1785603,64.1317715959004,28.5737499496554,71.4,0.007862979952976678,0.35672588035904856,0.5754666519440108,0.48520084566596194,0.9548586701229961,0.9218145982760696,0.23856584765956784,0.5751665407738282,0.24295181031741378,0.6790197187718314,0.7414330218068537,0.9337222862806172,0.4273172427780837,0.7048559655782106
Costa Rica,CRI,18587.1532203482,-0.412853001047069,6.936,80.996,121.810760498047,100.0,99.8154123406248,98.7888406524124,0.2868975,1.1756544,0.6167412,60.3991382687035,14.3075712471404,34.2,0.06382514488229392,0.8273491933965224,0.7632980199273222,1.0,0.9971301062521634,0.98648897225889,0.5524443654072121,0.9061372937622474,0.667702316034601,0.6394990323937614,0.3551401869158879,0.948815212173542,0.8027989453249501,0.8826782625927783
Cote d'Ivoire,CIV,2727.8935220697,3.45053028131018,2.273,62.11,65.3065056618336,72.4,77.2470593822361,40.4070687976128,-0.3157177,-0.8438331,-0.578144099999999,7.85551603773585,49.4977827339493,58.2,0.008716558425348513,0.234605486159061,0.3992213170730987,0.7082452431289641,0.6462465462488167,0.3352140259221518,0.4171004219093903,0.44005703408319835,0.3850043204895449,0.08317328771706636,0.604361370716511,0.9321756734784306,0.9379074551618231,0.444046140459777
Croatia,HRV,24050.4397933135,2.97200477643618,5.0,78.9292682926829,105.025161743164,100.0,99.903181204483,92.9912822357176,0.7097625,0.5814089,0.3774835,34.785739814153,16.1208592960264,34.1,0.0828092592844314,0.7624840968138505,0.655142528489975,1.0,0.9984947008003255,0.9218145982760696,0.6474174372235328,0.7689905686881351,0.6110963202886324,0.36830735652695085,0.3541017653167186,0.9342366762506148,0.8588937501810913,0.8600763414528778
Cuba,CUB,9605.27914559614,3.117463837096035,1.755,78.264,91.7456844321038,100.0,95.1464064347704,94.7703506688301,-0.2695183,0.3155266,-0.6235716,31.233140655106,21.2367242811561,20.9,0.032614458292200464,0.741604419057184,0.5695782054305425,1.0,0.924538304052708,0.941660907517701,0.42747654415661085,0.7076272319860942,0.3742566251311508,0.33069285092612094,0.2170301142263759,0.93361018607568,0.9529162924115551,0.7963090999341811
Cyprus,CYP,38674.29296875,1.80023018624815,4.9,81.821,106.741279602051,100.0,99.7211088299984,99.477676242612,0.8696373,0.3858613,0.6891912,18.6655844155844,13.508701890821,15.6,0.13362499043357812,0.8532421065846463,0.6662000768743206,1.0,0.9956639136775249,0.9941732433556605,0.6833244072069079,0.7238598728122682,0.6848432665318909,0.19762903105879895,0.16199376947040497,0.9392834933045743,0.8617912091096109,0.8926358543850513
Czechia,CZE,31823.3078290564,2.43531202435314,2.6,79.9780487804878,97.6154174804688,100.0,98.7341483522106,99.0700543925256,1.1773279,0.9719006,1.1881307,34.7623883740408,14.1110711384133,17.2,0.10981882835105448,0.7954004387824931,0.6073989511615981,1.0,0.9803190541449172,0.9896260381217913,0.752429964420219,0.8591126778561856,0.8028873972515947,0.368060114202229,0.1786085150571132,0.9365482045570227,0.9284327644655638,0.8851275590320067
Denmark,DNK,71026.4832271897,1.37220049768925,5.358,82.2536585365854,125.628089904785,100.0,99.9999997876119,99.5972261435858,1.9128986,0.7688761,2.0043149,15.7815,9.06983927345931,39.5,0.2460440760559859,0.8668212458911997,0.7878944102016864,1.0,0.9999999966978763,0.9955068763179301,0.9176349563611014,0.8122563780864622,0.9959884734264757,0.16709268160124663,0.4101765316718588,0.9411270112899517,0.8485208472169907,0.9479645281112679
Djibouti,DJI,3552.72335079222,2.1120116728497,26.007,66.202,92.65956406180274,65.2,79.661532568521,67.0234840121481,-0.4930443,-0.5563593,-1.01039869999999,0.260724762726488,35.9243304831101,26.9,0.011582720326547254,0.3630343355721549,0.5754666519440108,0.6321353065539113,0.6837857919659642,0.6321321193578127,0.37727387699140474,0.506403502360384,0.2827371748604811,0.0027605233826833715,0.2793354101765317,0.9379406547272017,0.2502245530669603,0.6132338751708438
Dominica,DMA,10405.2787777582,2.56921890367725,5.1895,71.294,102.585807800293,100.0,96.9953113262366,92.9912822357176,0.1490422,1.2341643,0.3974621,63.8266666666667,20.6672998234563,8.9,0.035394338925551404,0.5228485343041868,0.6394249167244671,1.0,0.9532843242705512,0.9218145982760696,0.5214828497765488,0.9196408729553819,0.6158230586406703,0.6757893033616729,0.09241952232606439,0.9359714694683169,0.8534030655115464,0.8034067514606268
Dominican Republic,DOM,10875.6618443092,3.30223338951227,5.312,73.868,76.3648403372637,99.6,97.4571299883182,90.1198237574984,0.0746487,0.5893402,-0.1822626,44.9887775472934,19.8267440369685,14.8,0.03702885064829737,0.6036344234511328,0.47047404024163464,0.9957716701902748,0.9604644927359217,0.8897821863280132,0.5047744931658872,0.7708210441744119,0.47866595188075034,0.4763359301928973,0.1536863966770509,0.9328143861530711,0.8498536783241097,0.8138839481815536
Ecuador,ECU,6874.705739766,1.54732515615369,3.453,77.579,92.8118025876465,98.7,92.0708709697554,91.204340143216,-0.2196127,-0.7210909,-0.9650369,49.5450958286359,16.6570210758922,18.9,0.02312611876847349,0.7201054547737115,0.5764475780830643,0.9862579281183933,0.8767211312678467,0.9018804548195248,0.43868505782607176,0.4683848729282408,0.2934693262513409,0.5245776968093978,0.19626168224299065,0.9403727517930246,0.9037174398052908,0.853393296100982
"Egypt, Arab Rep.",EGY,3338.47371395895,28.2705899322082,6.817,71.806,84.8286031306453,100.0,97.2982426280194,97.086129419198,-0.0970579,-0.9779235,-0.751539899999999,0.0451855944547692,54.8587056496436,6.1,0.010838234464065474,0.5389178331554829,0.5250090281020484,1.0,0.9579941767707305,0.9674944619552857,0.4662101682557238,0.4091101287656524,0.34398059620744725,0.0004784198046569594,0.06334371754932502,0.8252760177124355,0.8062469214498885,0.37722434838319674
El Salvador,SLV,5579.65969165029,0.853782292567288,3.261,72.302,62.1425847697468,98.3,91.6199927341916,88.0411163426053,-0.1831795,0.0061325999999999,-0.7133592,27.5279922779923,20.0287144500145,21.9,0.01862602491377377,0.5544849664176764,0.37883506669564393,0.9820295983086681,0.8697110600980829,0.8665932693583241,0.44686774714795546,0.6362217710148628,0.35301377065398776,0.2914631719943062,0.22741433021806853,0.943359831373781,0.9092805609480487,0.8113664665541512
Equatorial Guinea,GNQ,6745.40013244916,2.92140227309103,8.293,63.906,92.65956406180274,66.9,97.0965711084738,92.9912822357176,-1.1825117,-0.1409375,-1.54035759999999,86.3935828877005,35.3790521811967,4.2,0.022676800869923575,0.29097357353587344,0.5754666519440108,0.6501057082452433,0.9548586701229961,0.9218145982760696,0.22242342378479768,0.6022792631265873,0.1573541621551922,0.914725180613088,0.04361370716510904,0.9344546205369937,0.763480427664938,0.6200305543783845
Eritrea,ERI,8074.625991382481,3.117463837096035,5.947,68.893,44.0441284179688,54.4,97.0965711084738,92.9912822357176,-1.45617889999999,-0.7086146,-1.8026292,8.63010013352237,32.3515206386852,80.7,0.027295664521912687,0.4474923105894169,0.2622203739719485,0.5179704016913319,0.9548586701229961,0.9218145982760696,0.16095932853129966,0.47126429513007856,0.09530330622082125,0.0913744937932091,0.8380062305295951,0.93361018607568,0.8314548141280098,0.6577675422852123
Estonia,EST,31428.3547816104,3.5194118998392,7.6,79.2951219512195,108.538726806641,100.0,99.9999970212441,99.0214935273124,1.2969908,0.6995763,1.4864478,57.0652937046572,6.14573290973003,38.0,0.10844642481042928,0.773966541686633,0.6777816587162293,1.0,0.9999999536875165,0.9890843198100474,0.7793055705721805,0.7962625832351913,0.8734662605172272,0.6042006749341894,0.39460020768431986,0.9318790012942003,0.7835598180395793,0.9844123619114704
Eswatini,SWZ,3909.55892378182,3.117463837096035,34.643,64.264,92.65956406180274,86.4,80.3737107191052,64.4605026249554,-0.7811414,-0.7327829,-0.8598771,29.1389534883721,18.7831211422857,64.7,0.012822671269979097,0.30220952859205313,0.5754666519440108,0.8562367864693446,0.6948584477904427,0.6035409082250391,0.3125689083409519,0.46568646038735234,0.3183490905868123,0.30851984142357153,0.671858774662513,0.93361018607568,0.0,0.8268922964028453
Ethiopia,ETH,1133.88279681719,21.037746057771,3.357,67.603,92.65956406180274,55.4,55.5960696159493,10.3577188356734,-0.645991,-1.88497389999999,-1.04892419999999,14.9308975782695,27.3053276470482,90.6,0.0031776064479487427,0.4070052099679868,0.5754666519440108,0.5285412262156448,0.3096257755262936,0.0,0.3429229188294163,0.19977073648222368,0.2736224241581576,0.1580866023550746,0.940809968847352,0.8564277768645756,0.9064990003766698,0.7206663498540192
Fiji,FJI,6425.74151715712,3.89084237884105,5.361,67.463,98.0927630329298,99.3,95.5603898762947,92.7542897592228,0.6089609,0.6984398,0.3057786,63.4953475643131,12.4187981716598,28.4,0.02156603436677835,0.4026112610633355,0.6104746557322696,0.9926004228329809,0.9309747499915108,0.9191708405155953,0.6247779716825208,0.7960002888584619,0.5941316530517363,0.6722813353435516,0.2949117341640706,0.9302792553264319,0.8484339234491352,0.906221074849996
Finland,FIN,53149.7671934051,1.56568906231615,8.4,82.3365853658537,142.395156860352,100.0,99.9999966968731,99.4479455340914,1.8171611,0.8325695,2.0212705,73.7235162521384,4.89518090216668,50.2,0.18392512663106292,0.8694239333956969,0.8959304947658258,1.0,0.9999999486443283,0.9938415839184569,0.8961328588524049,0.8269562642763206,1.0,0.7805759926269931,0.5212876427829699,0.9402936587015939,0.7603801466114218,1.0
France,FRA,46103.0840855884,1.99904942291462,7.4,82.9804878048781,103.78540802002,100.0,99.9999974759961,98.6443761623837,1.2007009,-0.241365399999999,0.97866,32.4764820484275,9.60038144780495,16.2,0.1594389429964027,0.8896330363717938,0.6471543610646745,1.0,0.9999999607578155,0.9848774058400939,0.757679407168053,0.5791013718492107,0.7533287098902055,0.3438572046032695,0.16822429906542055,0.9384271815850117,0.7893547358966188,0.9413515289281991
French Polynesia,PYF,22439.8838746025,3.117463837096035,11.613,84.192,92.65956406180274,100.0,100.0,97.5098895490704,0.0100272,1.0303397,1.0171948,43.0596369922213,20.0287144500145,7.0,0.07721281520200902,0.9276567698198479,0.5754666519440108,1.0,1.0,0.9722216969650193,0.4902608721275455,0.8725999170212756,0.7624456608801705,0.45591041496730317,0.07268951194184839,0.93361018607568,0.6672847912380843,0.8113664665541512
Gabon,GAB,8230.04311451151,1.17311998381218,20.091,68.511,92.65956406180274,94.1,88.5995009085574,57.4015026293834,-0.5671547,-0.276887,-1.155705,91.1823650405558,29.9548734558765,91.3,0.02783571608357389,0.43550310714958246,0.5754666519440108,0.9376321353065539,0.822749683399763,0.524794585575888,0.3606291030291798,0.5709032935980625,0.24835914732087422,0.9654282475918151,0.9480789200415368,0.941984448326869,0.42163822327818506,0.6876408052007683
"Gambia, The",GMB,871.340291776294,11.5610532897511,6.48,66.057,107.027125590442,66.9,87.1034800376148,48.1711442175538,-0.5358243,-0.0180453,-0.394193399999999,22.2792391304348,58.3640402179659,47.7,0.0022653099969838996,0.358483459920909,0.6680418826866292,0.6501057082452433,0.799490160207995,0.42182578232880097,0.36766573251905016,0.6306417206751137,0.4285252292906742,0.23588998576433018,0.4953271028037384,0.8972437623597904,0.8160113580389998,0.3335317340019012
Georgia,GEO,9241.49122313713,1.10971758022096,11.557,74.657,100.959315536762,100.0,97.2900166595814,90.6806864880112,0.4562672,-0.6127592,0.1489667,40.6159159591308,17.0438421058507,25.2,0.031350348960602785,0.628397464063775,0.6289448574397148,1.0,0.9578662827637854,0.8960388625663684,0.5904838358803152,0.49338689292958904,0.557031514814525,0.4300365816495285,0.2616822429906542,0.9422575216076736,0.6689073682380552,0.8485717243602163
Germany,DEU,56103.7323182554,2.2564981433876,3.4,80.7926829268293,100.243698120117,100.0,100.0,99.2269528917777,1.5462994,0.1242671,1.6257844,32.6789342643734,10.2876894329414,17.6,0.19418971940340304,0.8209680160325561,0.6243338838004308,1.0,1.0,0.9913763115108015,0.8352988629284321,0.6634861925262882,0.9064319163220674,0.34600074505623757,0.18276220145379027,0.9373183534845538,0.9052530930374063,0.932784505675373
Ghana,GHA,2390.77237652715,22.8483281157842,2.82,65.695,75.7174682617188,89.5,89.9220116872755,31.5789404731982,0.0595796,0.0114605,0.0539695,35.1921958573042,54.2427873097724,39.0,0.007545112207237037,0.3471219634674532,0.46630279523597135,0.8890063424947146,0.8433115423460055,0.23673228036916408,0.501390059087618,0.6374514042834738,0.534556120714026,0.37261086571195645,0.40498442367601245,0.8486296248270685,0.9220583548228205,0.38490152783349957
Greece,GRC,24626.1481858973,2.74101875679477,10.02,81.8390243902439,105.191741943359,100.0,100.0,99.0072631280035,0.1912731,0.1394204,0.2983017,30.2699767261443,14.4089280374361,21.5,0.08480976096800855,0.8538078083687122,0.656215863059621,1.0,1.0,0.9889255732997616,0.5309676695146872,0.6669834431896344,0.592362692765012,0.3204949835680243,0.2232606438213915,0.9352315298623196,0.7134413119694029,0.881414890133745
Greenland,GRL,58498.9707973609,3.117463837096035,5.1895,70.2734146341463,92.65956406180274,100.0,100.0,92.9912822357176,1.3528493,1.2405187,1.5744958,0.0005359970763795,6.55624754182179,11.7,0.20251281955574596,0.4908171060870726,0.5754666519440108,1.0,1.0,0.9218145982760696,0.7918510716944108,0.9211074135515007,0.8942975429104,5.675074538078057e-06,0.12149532710280374,0.93361018607568,0.8534030655115464,0.9792954587547913
Grenada,GRD,11705.0902976658,1.08615365134737,5.1895,75.367,100.731679432948,94.4,97.0965711084738,92.6192396904393,0.0201444,1.1992639,0.5408822,52.0588235294118,24.6572416056476,10.0,0.039910992091293875,0.6506810620802211,0.6274781183000266,0.9408033826638479,0.9548586701229961,0.9176642962038108,0.4925331376547943,0.9115861622949284,0.6497548299921729,0.5511927525606243,0.10384215991692627,0.9423590111254473,0.8534030655115464,0.7536736990813954
Guam,GUM,41833.1517132825,3.117463837096035,5.252,77.422,92.65956406180274,100.0,99.5293013959399,90.3765791487569,1.269394,0.9927487,1.0346735,51.8518518518518,9.57510553293178,6.7,0.1446015582898472,0.7151779549306383,0.5754666519440108,1.0,0.9926817698134315,0.8926464082992037,0.7731074863885742,0.8639242391368643,0.7665809477187762,0.5490013605751344,0.0695742471443406,0.93361018607568,0.8515921536812217,0.9416665832490242
Guatemala,GTM,6150.02571438505,2.86992752918294,2.613,72.746,49.5765804970836,100.0,93.1845373918033,71.1696950985045,-0.9093696,-0.209766899999999,-0.962274,32.5961179544606,21.6357355920496,62.1,0.020607962650715836,0.5684200615152846,0.2978679002954385,1.0,0.8940359632161439,0.6783849704957241,0.2837695845674603,0.5863940325294419,0.2941230009529139,0.3451238956247102,0.6448598130841122,0.9346763215514882,0.9280560948048562,0.7913355811442219
Guinea,GIN,1694.95375862193,8.12313914948596,5.132,60.904,92.65956406180274,51.1,74.1924841600776,32.6496371481415,-0.8881627,-1.0377627,-1.1479306,24.6988442129253,43.7674450148382,66.6,0.005127245220208355,0.196754754880422,0.5754666519440108,0.48308668076109945,0.5987552547830566,0.24867638376587,0.288532533585945,0.3952997586222439,0.25019849315311893,0.2615084822094934,0.6915887850467289,0.9120508113079623,0.8550691043954454,0.515472542520892
Guinea-Bissau,GNB,1007.74151728028,3.76555825770114,2.647,64.254,92.65956406180274,40.5,61.8077030171668,28.9416006403664,-1.3676142,-0.618439499999999,-1.23482809999999,69.5124466571835,50.2127655060307,87.4,0.0027392841213458126,0.30189567509886406,0.5754666519440108,0.3710359408033827,0.4062017217317409,0.20731156730188732,0.18085045599157645,0.4920759287869269,0.22963940763430493,0.735989678839933,0.9075804776739357,0.9308188523141578,0.9270709587691596,0.4351341618908457
Guyana,GUY,29675.2443873316,2.90395226446373,11.874,70.319,91.4304496450171,98.9,95.6442641595321,91.3087218189458,-0.0982402,0.2164983,-0.334222099999999,87.0878369802027,25.460668047299,12.1,0.10235462496795808,0.49224781871822243,0.5675470372956798,0.9883720930232559,0.932278793186392,0.9030448794010284,0.46594463040603556,0.6847723562913574,0.4427138432942369,0.9220758619823388,0.1256490134994808,0.934529777484302,0.6597224234346478,0.7436593050158349
Haiti,HTI,2142.62330526788,26.9490564091987,14.609,65.119,92.65956406180274,51.3,73.3157500565915,29.1081189443114,-2.0156868,-1.2013046,-1.6033955,12.2630624092888,21.3502554448061,76.7,0.006682830814040192,0.32904400225974517,0.5754666519440108,0.48520084566596194,0.5851241500243374,0.20916915394272423,0.035297039222655716,0.35755570166699907,0.14244002104610623,0.1298398747021202,0.7964693665628245,0.8309678444316283,0.5804769217396344,0.7948939787076806
Honduras,HND,3426.43483328923,4.60621098127107,4.91,73.044,51.7639813154374,95.6,95.7293716551666,87.6717912057898,-0.6196728,-0.5671583,-1.1768036,56.2732147645008,20.3136833896573,45.9,0.011143886369746078,0.5777728956123281,0.3119620898405502,0.9534883720930232,0.9336020098653524,0.8624732812007438,0.34883383673152757,0.5039111865009028,0.2433674280915834,0.5958142354860629,0.4766355140186916,0.9271981725884699,0.8615014632167589,0.8078144409920325
"Hong Kong SAR, China",HKG,54074.6928519479,1.72972119105914,2.988,85.3926829268293,107.160326941213,100.0,100.0,94.834373461349,1.6374532,0.6310985,0.9209804,32.4330584816998,20.0287144500145,0.4,0.18713910676568332,0.9653406228996703,0.6689001456394813,1.0,1.0,0.942375110588923,0.8557714875101083,0.7804584988790119,0.7396822893477144,0.3433974409427036,0.004153686396677052,0.9395871745777109,0.9171906238229074,0.8113664665541512
Hungary,HUN,23292.3263882478,3.70370370370369,4.5,76.7243902439025,107.350929260254,100.0,100.0,97.9736275561386,0.501908,0.4363288,0.1923364,22.4484341442034,14.1364995764273,15.3,0.0801749271073899,0.6932832290472194,0.6701282631338888,1.0,1.0,0.9773949031914216,0.6007344997473987,0.7355073355994122,0.5672923551289806,0.23768140283901606,0.15887850467289721,0.9310852590280372,0.8733810448236897,0.8848106035703213
Iceland,ISL,86040.5309851288,5.85683849970066,3.6,82.809756097561,108.911361694336,100.0,100.0,98.7780018629454,1.645973,1.2056034,1.6278886,0.528744421303184,5.10554827500189,82.4,0.2982156757824793,0.8842745620978284,0.6801826758019992,1.0,1.0,0.9863680606831668,0.8576849860906499,0.9130492640998344,0.9069297491452061,0.0055982842719163785,0.8556593977154726,0.9218117370564035,0.8994581751803669,0.9973778535770141
India,IND,2694.73780859961,4.95303550973656,4.173,72.235,78.1058073224606,99.5,95.7247373523918,83.380872478201,0.4046051,-0.785762499999999,-0.0392287,24.5390304689576,48.3948115195574,34.9,0.008601347215174152,0.5523821480133074,0.4816917002494668,0.9947145877378436,0.9335299576133003,0.8146061511829015,0.578880822309833,0.45345922663339666,0.5125063521476145,0.2598163929254394,0.3624091381100727,0.925704404111454,0.882855735519949,0.4577942421045109
Indonesia,IDN,4925.43048751861,2.18151273615189,3.301,71.288,98.836444459078,99.4,89.008759557411,88.2031685658499,0.179804,-0.609127499999999,-0.206598099999999,47.7220336902463,17.8814994983985,20.2,0.016352675000570513,0.5226602222082731,0.6152664556133722,0.9936575052854123,0.8291126701864674,0.868401034858485,0.5283917749432079,0.4942250578992048,0.4729084142571923,0.5052753274890402,0.20976116303219106,0.9376413146028476,0.9081215773766407,0.8381306549778579
"Iran, Islamic Rep.",IRN,5190.16959024821,32.455871402917,8.146,77.854,85.1469802856445,100.0,97.8520635920898,90.458288016159,-0.7061233,-1.58118839999999,-1.2348012,6.64923611710324,32.2873733599003,0.9,0.017272604304262536,0.7287364258364195,0.5270604436138928,1.0,0.966604759556094,0.8935579074973591,0.32941754655604166,0.26988180413019364,0.22964577190715804,0.07040133659073226,0.009345794392523366,0.8072500679445679,0.7677396922898618,0.6585671128428665
Iraq,IRQ,6073.61032342708,-12.2969837587007,15.293,72.424,92.65956406180274,100.0,98.4076938287767,98.5047513855653,-1.1018847,-2.0642762,-1.3581614,1.90035242899592,38.1750699787954,1.1,0.02034243044685731,0.5583139790345869,0.5754666519440108,1.0,0.9752434721752058,0.9833198286008172,0.24053178901089697,0.1583893154310632,0.20045997368030125,0.02012070990389829,0.011422637590861892,1.0,0.5606583026685598,0.585179294091356
Ireland,IRL,112894.953240805,2.11344999577317,4.3,83.009756097561,130.604965209961,100.0,97.0980337007013,89.7256064199387,1.6115533,0.7099699,1.5913219,11.5259108724053,8.17058601306707,12.7,0.39153082912402476,0.8905516319616156,0.8199621607963513,1.0,0.9548814099112546,0.885384514465591,0.8499545174068001,0.7986613362787234,0.8982784310699922,0.12203500019435196,0.13187954309449637,0.9379344598901398,0.8791759626807291,0.959173365719099
Israel,ISR,54176.6844383302,3.07480889805025,3.595,83.1975609756098,98.5473403930664,100.0,99.9999993081787,99.9200782006513,1.1726244,-1.03750149999999,0.5997177,6.46950092421442,18.5982756348314,6.2,0.18749351247332427,0.896445953662978,0.6134036568659089,1.0,0.9999999892438443,0.9991084363504518,0.751373585095167,0.39536004132457947,0.663674724995393,0.0684983213286906,0.06438213914849429,0.9337939003118604,0.8996030481267929,0.8291963228288253
Italy,ITA,40385.3413957669,0.982373023061417,6.5,83.9512195121951,100.678756713867,100.0,99.9170340740928,99.8849043408577,0.7922891,0.3087035,0.6192043,32.8944947923712,14.6586386239905,17.5,0.13957063114860574,0.9200997901009069,0.6271371186863703,1.0,0.9987100795749267,0.9987160561104942,0.6659524417960483,0.7060525194811561,0.6682850610334952,0.3482830747885528,0.181723779854621,0.9428059928650155,0.8154318662532959,0.8783023460519769
Jamaica,JAM,7753.8006955432,5.41194447981659,3.151,71.606,84.4572372436523,97.7,87.5562621347732,91.6264600288818,0.1712622,0.476823,-0.0776697,56.190757156048,17.413637041591,10.5,0.026180843976080198,0.5326407632916953,0.5226161876322314,0.9756871035940804,0.8065298318424139,0.9065893921667572,0.5264733352879027,0.7448530469501857,0.5034115933061194,0.5949411839437632,0.10903426791277258,0.9237278894849992,0.9124677657694203,0.8439623761760314
Japan,JPN,32487.0778047567,2.73853681635241,2.5,84.0363414634146,101.537071228027,100.0,99.1831679675454,99.9433104207437,2.0879101,1.1343228,1.5115753,68.3957811364628,12.835201662985,8.8,0.11212533103713983,0.9227713722746407,0.6326675397003826,1.0,0.9873002282443522,0.9993676022238616,0.956941542997929,0.8965983177294913,0.8794111774754142,0.7241665545292608,0.09138110072689513,0.9352422195456908,0.9313302233940834,0.9010307693830332
Jordan,JOR,4618.09592498567,1.55659611283953,16.693,77.981,91.7518621587381,100.0,99.2861089236717,96.4147907489487,0.2162114,-0.3501687,0.1685335,1.09804716534901,28.7737639174179,11.5,0.015284732761602544,0.7327223651999245,0.5696180106868134,1.0,0.9889007123037048,0.9600053768770217,0.5365686697319597,0.5539905106441089,0.5616608253761588,0.011625995335222478,0.11941848390446522,0.9403328219100076,0.520093877669284,0.7023628702704774
Kazakhstan,KAZ,14154.6324958076,8.69082156104494,4.833,74.531,97.198884231219,100.0,97.8336528246685,97.9447423331533,0.1467641,-0.2827558,-0.3815477,1.31214516427751,20.0278724259165,2.0,0.04842278965148431,0.6244429100495891,0.6047150815582274,1.0,0.9663185164426914,0.9770726755259705,0.5209712014847659,0.5695488252846886,0.43151707632592,0.013892839980308425,0.020768431983385256,0.9096058109641427,0.8637325065917192,0.8113769620527967
Kenya,KEN,2132.43452097647,4.48978854243448,5.487,63.834,84.3083880306996,76.2,65.5965968528709,40.8849654611543,-0.2978904,-1.3556816,-0.464532,6.21662477880402,24.3917906517518,67.7,0.0066474262925999335,0.28871382838491005,0.5216571000231416,0.7484143763213531,0.46510989992258345,0.3405451783352129,0.42110433200644515,0.32192682441548226,0.4118838150650194,0.06582089819086401,0.7030114226375909,0.9276996024323189,0.8447831251992003,0.7569824406407688
Kiribati,KIR,2288.63471423684,2.45545072159028,5.1895,66.6,90.2786712646484,95.9,79.0683447485722,45.1735078207297,-0.4343103,1.2381638,0.78601,1.45679012345679,11.2568272545112,41.9,0.007190198907378102,0.3755257046010921,0.560125725814643,0.9566596194503172,0.6745631493390069,0.38838579889811353,0.39046519904468363,0.9205639229859397,0.7077496331020359,0.015424323939968074,0.43509865005192105,0.9364614674648277,0.8534030655115464,0.9207045845452071
"Korea, Dem. People's Rep.",PRK,8074.625991382481,3.117463837096035,3.539,73.743,92.65956406180274,57.5,93.9109177513255,84.8184516885649,-1.27131019999999,0.3220654,-1.5256661,49.5507017689561,29.9291062464217,14.7,0.027295664521912687,0.5997112547862656,0.5754666519440108,0.5507399577167019,0.9053294292008169,0.8306429944190595,0.20247978617544102,0.7091363305083626,0.1608300251535464,0.5246370518517575,0.1526479750778816,0.93361018607568,0.9012256251267639,0.6879619833149959
"Korea, Rep.",KOR,36238.639908315,2.32174328643542,2.784,83.6292682926829,96.2539901733398,100.0,100.0,99.7293536055989,1.4867237,0.6393495,1.1174546,64.108606557377,25.9439899531653,3.6,0.12516145557673508,0.9099952386128584,0.5986267982221073,1.0,1.0,0.9969808176355422,0.8219184998465796,0.7823627583619804,0.7861661338776609,0.678774450045394,0.03738317757009346,0.937037343550238,0.9231014400370876,0.7376348878757739
Kuwait,KWT,32717.7186631255,2.89855072463762,2.151,84.580487804878,92.65956406180274,100.0,100.0,100.0,0.3278963,0.2939367,0.2308269,0.350729517396184,53.7151434413218,0.1,0.1129267739749398,0.9398495952820917,0.5754666519440108,1.0,1.0,1.0,0.5616524624991516,0.7026444696771199,0.57639882517889,0.003713483228998477,0.001038421599169263,0.9345530418420891,0.9414423550546173,0.3914784007754457
Kyrgyz Republic,KGZ,2420.18542283831,4.99760701207323,3.491,72.4,91.339996215143,100.0,94.9430591604871,98.5398995968815,-0.8885033,-0.5045251,-0.936093699999999,7.14337851929093,24.3817252281764,27.6,0.0076473182014914,0.5575607306509324,0.5669642141683617,1.0,0.9213767434528247,0.9837119227204634,0.2884560367648304,0.5183663876945372,0.3003169999357188,0.07563325871945403,0.28660436137071654,0.925512435263523,0.9026164054124534,0.7571079021801148
Lao PDR,LAO,2123.97909415109,23.1305695942588,1.174,69.225,51.8523602531839,96.5,95.8635794968398,88.7314131605599,-0.5819014,0.5576599,-0.742416699999999,71.4558058925477,22.3176670505669,49.2,0.006618044932492222,0.4579122465633041,0.3125315462885606,0.9630021141649049,0.9356886187265965,0.8742938411084916,0.35731707815562974,0.7635095047612142,0.34613905472472645,0.7565657397943133,0.5109034267912773,0.8474140146586727,0.9697505287862546,0.7828355741774885
Latvia,LVA,23409.0845154775,1.26579885828729,6.9,76.4292682926829,101.252647399902,100.0,98.7726032777308,92.5346142806387,0.7431802,0.6201402,1.0913835,54.9959826450265,11.6020322023647,44.0,0.08058064436477787,0.6840207235165058,0.6308348973647374,1.0,0.9809169356647193,0.9167202616622817,0.6549228624113261,0.7779294179564307,0.7799979705303884,0.5822910507526596,0.45690550363447563,0.941585281688371,0.8038420305392172,0.9164017408722
Lebanon,LBN,3477.72489842684,45.2430422716718,10.985,77.945,63.7923011779785,100.0,92.6,99.2,-1.1301199,-1.3896806,-1.0853525,14.1867057673509,19.2310172881236,6.8,0.011322111775142847,0.7315924926244427,0.3894647672782729,1.0,0.8849478139227867,0.9910756398698346,0.23419032382142005,0.31408014908383103,0.26500385014848754,0.15020718624684173,0.07061266874350987,0.7521758987718362,0.685480833309188,0.8213094474046881
Lesotho,LSO,971.90771824829,6.10544624245032,16.34,57.798,92.65956406180274,57.3,78.0789963759688,47.8913481422717,-0.6470887,-0.2588663,-0.406586499999999,1.13702239789196,23.4391013240086,34.9,0.002614766959157619,0.09927185989580076,0.5754666519440108,0.5486257928118393,0.6591811637903643,0.4187045311552704,0.3426763816581376,0.5750623153972061,0.42559314490685135,0.01203866055219385,0.3624091381100727,0.9207409869254812,0.5303219076869586,0.7688573377756753
Liberia,LBR,851.497723870206,8.21497439118964,2.914,62.324,37.7416801452637,32.5,78.8278345445612,23.3351954904068,-1.24629299999999,-0.228549,-0.868004,78.1422342192691,42.3616590279287,92.8,0.0021963600024832637,0.24132195091331365,0.22161149250475703,0.2864693446088795,0.6708237946436902,0.14476959405957002,0.20809850688357068,0.5820592861914139,0.3164263467552536,0.8273608631632209,0.9636552440290758,0.9116552781842151,0.9193347434300119,0.532995111003724
Libya,LBY,6569.16408678648,2.12615766885025,19.085,71.121,92.65956406180274,73.2,96.3545440861619,88.4991460432787,-1.41948799999999,-1.8964767,-1.6980126,0.123327687918433,32.9707065002742,3.1,0.02206440662555123,0.5174188688720104,0.5754666519440108,0.7167019027484144,0.9433219361979488,0.8717027968572257,0.16919989580621111,0.19711598966599392,0.12005455483082501,0.001305779177516246,0.032191069574247146,0.9378797281168632,0.45078666009909313,0.6500496344640178
Liechtenstein,LIE,206780.590353385,3.117463837096035,5.1895,84.2,118.726867675781,100.0,100.0,99.95,1.6931644,1.5823538,1.7275435,41.875,20.0287144500145,56.9,0.7177695595765967,0.9279078526143997,0.7434274184311879,1.0,1.0,0.9994422274918647,0.8682839058908527,1.0,0.9305071088099731,0.4433676166430442,0.5908618899273105,0.93361018607568,0.8534030655115464,0.8113664665541512
Lithuania,LTU,29384.0189598663,0.715735835228723,6.851,77.1951219512195,104.860809326172,100.0,99.9182026791093,96.3965645962382,1.2014922,0.9394441,1.3742358,35.2301501597444,9.21893860360944,33.2,0.10134265959547133,0.7080573081168635,0.6540835483077212,1.0,0.9987282485697656,0.9598020559388019,0.7578571286435317,0.8516219981920268,0.8469180156973253,0.3730127214400582,0.34475597092419524,0.9439543955680968,0.8052617854141918,0.9461060637022979
Luxembourg,LUX,137781.681659123,2.05113269954859,6.4,83.1951219512195,108.577438354492,100.0,100.0,97.6011739095936,2.0397137,1.0730532,1.7617682,34.4538272103664,8.67476189540246,20.5,0.4780085368331853,0.896369404030491,0.6780310907766083,1.0,1.0,0.9732400150994704,0.9461169059187473,0.8824578236296607,0.938604332943646,0.36479310458486963,0.21287642782969887,0.9382028596284312,0.8183293251818157,0.9528890119782881
"Macao SAR, China",MAC,72004.7437020733,0.672498598854365,2.262,83.3317073170732,94.6616766467066,100.0,100.0,100.0,1.1159269,1.053872,0.8520978,32.4330584816998,20.0287144500145,11.0,0.24944338680460726,0.900656183449664,0.5883669645092794,1.0,1.0,1.0,0.7386396493489932,0.8780309684612303,0.7233853502624885,0.3433974409427036,0.11422637590861891,0.9441406177508676,0.9382261756439603,0.8113664665541512
Madagascar,MDG,544.987501003384,7.61335784313723,3.051,63.835,34.1320359801924,39.4,55.3389608321256,15.3671469967754,-0.8631928,-0.4805584,-0.8827065,21.2962600550017,12.7535199510191,83.1,0.0011312822221737958,0.28874521373422896,0.1983532909780662,0.3594080338266385,0.30562835287243284,0.05588242619483357,0.2941406309833327,0.523897694899781,0.3129478812661384,0.22548231794618673,0.8629283489096573,0.9142464323874888,0.9153652246979399,0.902048899742167
Malawi,MWI,522.570393642547,32.1796504225025,5.051,67.561,36.644092994481,15.6,73.0535741738591,49.2322090448262,-0.7257604,-0.3802084,-0.1463001,22.4406024607552,23.6983194353464,62.9,0.001053386083097177,0.4056870252965918,0.21453935409481872,0.10782241014799154,0.581047946180407,0.4336624381288392,0.32500716568137894,0.5470576075304819,0.48717432223628915,0.23759848188797772,0.6531671858774662,0.8084397479105702,0.8574160461275462,0.7656262861432057
Malaysia,MYS,11874.4273684245,1.834100204499,3.846,76.821,80.2757406864183,100.0,97.9424657751403,96.019999368878,0.9147725,0.3847799,0.3451357,57.7190381981434,16.1938532237922,7.5,0.04049941341623659,0.6963153599899566,0.4956733408684449,1.0,0.9680102958785417,0.9556013013119767,0.6934615161921491,0.7236102950392852,0.6034431520554201,0.6111224453931862,0.07788161993769471,0.9391376156015094,0.8923304262162085,0.8591665009010317
Maldives,MDV,13379.3513577224,1.39979779674928,4.278,81.285,79.3565296847573,100.0,99.7584782998402,99.7013015304493,-0.221286999999999,-0.0544563,0.0443492,2.75167785234899,12.0123911668511,1.2,0.04572880213633914,0.8364195593496955,0.4897505424582696,1.0,0.9962449189745314,0.9966678841092503,0.43830901957712237,0.622238376591442,0.5322800532734591,0.029134444206935457,0.012461059190031152,0.9410081501022236,0.8798134036450035,0.9112867780508926
Mali,MLI,1094.61949265799,3.2063986409966,2.924,60.675,38.9389470920545,54.5,86.3633567815443,47.7561676952566,-1.2871409,-2.49096199999999,-1.0943496,10.896663634352,56.7830489222988,71.1,0.0030411722616747456,0.189567509886385,0.22932590275027664,0.5190274841437632,0.78798302526509,0.417196532415621,0.19892430107262196,0.059913920824581086,0.26287522563890625,0.11537260381907054,0.7383177570093458,0.9332271450976846,0.91904499753716,0.35323816763195237
Malta,MLT,43898.5781808597,1.65079469283109,3.1,82.9560975609756,103.027229309082,100.0,100.0,100.0,0.622496,0.8049169,0.72718,1.4375,11.7226648774147,8.6,0.15177861038587262,0.8888675400469401,0.6422691501004258,1.0,1.0,1.0,0.6278178780931746,0.8205742832099359,0.6938310393441952,0.01522008236237316,0.0893042575285566,0.9399271099207385,0.9139454698229653,0.9148981021039136
Marshall Islands,MHL,7726.33668877794,3.117463837096035,5.1895,67.075,85.7558637219654,100.0,87.4448539274847,78.9585640543577,-0.2909441,1.2772187,0.8357246,52.2222222222222,10.7256194470999,12.2,0.026085410606548974,0.39043374552758786,0.530983692837528,1.0,0.8047977024105915,0.7652733099565989,0.4226644314442272,0.9295774563372179,0.7195116137451355,0.5529227988649571,0.12668743509865005,0.93361018607568,0.8534030655115464,0.9273258805821967
Mauritania,MRT,2110.12036938187,2.49164347481972,10.257,68.713,36.0277030077074,50.3,77.2846491375388,58.676920295931,-0.741247299999999,-0.5595872,-0.863509899999999,0.287611138061512,70.8224442103687,19.6,0.006569887909613628,0.4418429477120079,0.21056773753766939,0.47463002114164904,0.6468309764544496,0.5390224437916955,0.3215288961014608,0.505658530940547,0.31748960618423755,0.0030451931893092803,0.2035306334371755,0.936305585774136,0.7065743343088113,0.17824263653153424
Mauritius,MUS,11990.7798944837,3.6045220384796,5.548,73.7890243902439,90.7246586359898,100.0,99.9265458263134,97.3737391141644,0.7653533,0.7903521,0.638614,19.4742113169755,9.15296880580014,8.6,0.04090372126942809,0.6011557463512616,0.5629993786420852,1.0,0.9988579644244407,0.9707028775737946,0.659902814449661,0.8172128532599244,0.6728772032952928,0.20619067839069674,0.0893042575285566,0.9315124330969107,0.8430156752528033,0.946928351241565
Mexico,MEX,14185.7812248529,4.72225588452932,2.678,75.264,103.093322753906,99.7,99.5413676283293,92.9912822357176,-0.2199329,-0.7154541,-1.15386449999999,33.5959176419147,14.9923440243315,13.0,0.04853102688703467,0.6474483711003702,0.6426950133127015,0.9968287526427062,0.992869370680204,0.9218145982760696,0.43861314272882895,0.4696857976468929,0.24879459134282636,0.3557096581213546,0.13499480789200416,0.9266983687851678,0.9261727465013184,0.8741428397081834
"Micronesia, Fed. Sts.",FSM,4166.00476748564,5.40874375479067,5.1895,67.357,92.65956406180274,86.9,97.0965711084738,92.9912822357176,-0.1847801,1.499468,0.9769408,92.1571428571429,12.1144203347628,2.0,0.013713782722729335,0.3992844140355282,0.5754666519440108,0.8615221987315012,0.9548586701229961,0.9218145982760696,0.4465082614994644,0.9808706737785178,0.7529219642436225,0.9757490814377073,0.020768431983385256,0.9237416749636921,0.8534030655115464,0.9100150246697757
Moldova,MDA,7576.19589413326,4.67773516007052,1.427,71.332,99.3439166347193,100.0,92.7079162757946,86.8828564200079,0.2576379,-0.3449915,-0.161332199999999,11.7370179167932,14.7583463021422,21.4,0.02556369350752896,0.5240411775783063,0.6185362765681535,1.0,0.8866256522259598,0.8536723585163281,0.5458728258091919,0.5551853636552865,0.48361787666043965,0.1242701769615596,0.2222222222222222,0.9268901189334768,0.9624199576970998,0.8770595291261102
Monaco,MCO,288001.433369041,3.117463837096035,5.1895,86.497,158.546615600586,100.0,100.0,100.0,1.7370456,1.2387076,1.3453634,0.0,9.5810695715317,21.15,1.0,1.0,1.0,1.0,1.0,1.0,0.878139373614562,0.9206894273256365,0.8400870925898312,0.0,0.21962616822429906,0.93361018607568,0.8534030655115464,0.9415922438575561
Mongolia,MNG,6750.6301157724,6.1977990165842,5.158,72.3980487804878,96.8181201904352,100.0,86.092655324442,74.2806502878222,-0.3892189,0.4203821,-0.09977,9.09172405879304,29.6547866481682,3.0,0.022694974289970946,0.5574994909449438,0.6022616854921108,1.0,0.7837742692632109,0.7130890760685719,0.4005924707992588,0.7318269750737718,0.49818288180473563,0.0962621140805563,0.03115264797507788,0.9203432247966705,0.8543157650740301,0.6913812690322673
Montenegro,MNE,13263.3281277699,3.33675009282281,13.206,77.890243902439,93.8724975585938,100.0,99.2801382117873,97.8491274525811,0.3664948,0.3318563,0.1813833,61.4869888475836,17.9824100566499,39.6,0.045325638538510835,0.7298739533751489,0.5832820072579281,1.0,0.9888078821071187,0.9760060484909342,0.5703214658749387,0.7113959856012966,0.5647009604444827,0.6510170674605512,0.4112149532710281,0.932665723186343,0.6211282705067657,0.8368728446254527
Morocco,MAR,4153.1943359375,0.985256592004507,9.103,75.493,89.9834863018408,100.0,92.2120267209653,87.7780205460508,0.1763559,-0.4408003,-0.3678036,12.9371068787811,21.3212642117301,10.9,0.013669268364054821,0.654635616094407,0.5582237457194686,1.0,0.878915763396775,0.8636583173118426,0.5276173513117183,0.5330735207329915,0.434768793892929,0.13697657893973753,0.11318795430944964,0.9427935733732121,0.7400110103439284,0.795255343006163
Mozambique,MOZ,656.776824637306,4.07856834812022,6.668,63.797,92.65956406180274,36.0,66.6252441342671,38.5900804802051,-0.7157933,-1.7581974,-1.1949508,45.8130349195046,20.0802484321177,76.9,0.0015197336205144236,0.2875525704601092,0.5754666519440108,0.3234672304439747,0.48110288889920716,0.3149447033010897,0.32724571960308074,0.22902965689703006,0.23907398079186748,0.48506307112705227,0.7985462097611631,0.9294707221570302,0.8105641352533829,0.8107241157703158
Myanmar,MMR,1359.05001560107,3.117463837096035,2.887,67.095,92.65956406180274,76.8,85.6871417640541,74.1835210114319,-1.5583075,-2.0903985,-1.811602,42.4023779245254,32.3150340028667,62.9,0.003960029296158255,0.39106145251396646,0.5754666519440108,0.7547568710359408,0.7774695095866457,0.7120055552664603,0.13802182634431034,0.1523605143776207,0.09318043084991605,0.4489514326064349,0.6531671858774662,0.93361018607568,0.9201170573407123,0.6582223338258815
Namibia,NAM,4413.12752211572,4.23903922877036,19.157,67.516,81.9566828199727,56.7,86.5087378352127,38.7229020528394,0.0993430999999999,0.5467327,0.3278567,7.80511120018463,19.9945355710926,30.0,0.014572497817134945,0.40427468457723953,0.5065042397352149,0.5422832980972516,0.790243350675733,0.316426387735144,0.5103207148315747,0.760987601449822,0.5993551122535888,0.08263960717515915,0.31152647975077885,0.9287795762797338,0.448700489670559,0.8117924928143021
Nauru,NRU,13609.158837552,3.117463837096035,5.1895,62.279,91.5133521769495,100.0,97.8429618988897,71.321135135507,0.0100272,1.1047052,0.2518105,0.0,6.06435493209495,1.9,0.04652734920673089,0.23990961019396162,0.5680812073430807,1.0,0.9664632501372188,0.680074352281144,0.4902608721275455,0.8897628316474678,0.5813633365502485,0.0,0.01973001038421599,0.93361018607568,0.8534030655115464,0.9854267063418343
Nepal,NPL,1447.31004458428,4.6850965426577,10.5,70.636,90.3878462155916,94.0,93.6401246842117,86.0259805937649,-0.8845295,-0.414613399999999,-0.303653399999999,41.5907220090687,45.7207706412594,73.7,0.004266719868760562,0.5021969744523256,0.5608291782588685,0.9365750528541226,0.9011192488837905,0.844113522941046,0.2893485296237421,0.539117230908068,0.4499460941357345,0.4403577144268464,0.7653167185877466,0.9268584135598555,0.6995335091125083,0.4911251081482662
Netherlands,NLD,67520.4218956281,3.34754304219953,3.7,81.9658536585366,137.514724731445,100.0,100.0,97.6566689550594,1.7519974,0.4281196,1.7069218,11.0574428274428,10.8892498470498,12.2,0.23386103046056703,0.8577883892579438,0.8644841613322328,1.0,1.0,0.9738590873134414,0.8814974627805683,0.7336127231951476,0.9256282193845768,0.11707491516585167,0.12668743509865005,0.932619238101726,0.8965607162518472,0.9252862921130453
New Caledonia,NCL,29213.1923192946,3.117463837096035,10.991,78.921,92.65956406180274,100.0,99.5386729881695,100.0,0.0100272,1.0976197,1.0851316,45.8271334792123,20.0287144500145,9.6,0.1007490622353047,0.7622245935597265,0.5754666519440108,1.0,0.992827475512491,1.0,0.4902608721275455,0.8881275594905688,0.7785188330781592,0.4852123450330989,0.09968847352024922,0.93361018607568,0.6853069857734767,0.8113664665541512
New Zealand,NZL,49205.1792146792,2.92279782301957,4.724,82.009756097561,114.231056213379,100.0,100.0,100.0,1.8491848,1.1506563,1.6674536,37.7892841137822,6.48591499675774,28.9,0.17021826566792223,0.8591662826426777,0.7144593306539023,1.0,1.0,1.0,0.9033251995756246,0.9003679483518485,0.9162904352242299,0.40010853330565893,0.3001038421599169,0.9344486099226332,0.8668907368238056,0.9801721262197772
Nicaragua,NIC,2847.53966339498,4.62473841057141,4.98,75.1,70.1749572753906,88.3,97.0965711084738,92.9912822357176,-1.0529768,-0.0694255,-1.6197013,25.8229183978727,16.809772538789,50.4,0.009132311105417169,0.6423011738120644,0.43059045585047045,0.876321353065539,0.9548586701229961,0.9218145982760696,0.25151622493982334,0.6187836146168383,0.13858223069940215,0.2734100485930182,0.5233644859813084,0.9271183752051319,0.8594732419667952,0.8514893092961724
Niger,NER,735.270255787226,9.07151997725013,0.376,61.433,19.8664761204349,20.1,53.4274656286176,16.336047650863,-0.7696662,-1.7634214,-0.9457241,0.822957290597616,85.1223455605238,79.6,0.00179248670729925,0.21335760467014003,0.10643529271112145,0.1553911205073996,0.2759092039751756,0.06669094915412187,0.3151461729377065,0.2278240028503656,0.2980385429354549,0.008713375821642558,0.8265835929387331,0.907966148118227,0.9928722510358418,0.0
Nigeria,NGA,1084.16041805436,33.2420966545406,3.045,54.635,46.8931503295898,61.2,82.2488935172216,47.9019370619136,-1.0065889,-2.0025617,-1.0069453,23.2078900271199,56.5313287289257,80.3,0.0030048285212972334,0.0,0.2805776199342053,0.5898520084566597,0.7240130261982369,0.4188226553206126,0.26193468321399666,0.1726324886054269,0.2835542150046795,0.24572243316150505,0.833852544132918,0.8038638065924499,0.9155390722336512,0.3563757606709815
North Macedonia,MKD,9291.85661671864,3.48974086026954,12.265,76.6165853658537,90.0724868774414,100.0,98.1873314046173,98.9975865642367,-0.0323427,0.1558087,-0.224929699999999,39.7101506740682,26.118651401474,19.5,0.031525361268833416,0.689899735291372,0.5587972075978833,1.0,0.9718173669550958,0.9888176268749147,0.4807448337806728,0.6707657211783312,0.46857133974875725,0.4204464444393503,0.20249221183800623,0.9320067940538,0.6483933590241359,0.735457801734783
Norway,NOR,86785.4334489176,3.14530134431081,4.0,83.1609756097561,116.254272460938,100.0,100.0,98.0470498172276,1.843057,0.9032646,1.9494549,33.5009745518434,6.05589724673443,61.4,0.3008041018886583,0.8952977091756982,0.7274956215085918,1.0,1.0,0.9782139615658333,0.9019489305784836,0.8432720823073985,0.9830091422424686,0.3547044117557035,0.6375908618899273,0.9334902903147312,0.8878683394662882,0.9855321280577396
Oman,OMN,20285.2272897377,0.593589236248469,3.203,80.246,95.1220397949219,100.0,92.6702187093673,99.3209329311967,0.5675096,0.6272361,0.4493583,0.0076226171243941,39.5835768902765,0.1,0.06972570161971883,0.803810181407319,0.591333245501811,1.0,0.8860395458168717,0.9924247011568293,0.615468245666464,0.7795670903434382,0.6281011841782475,8.070738118268818e-05,0.001038421599169263,0.9444804792910061,0.9109610871265901,0.5676228103557143
Pakistan,PAK,1478.77277977996,12.6325318530452,5.492,67.799,48.2805022055997,95.6,90.6932992273275,71.8828600416756,-0.6003273,-2.0634311,-1.017096,4.67242631797426,42.9981734249878,41.6,0.004376048229332861,0.413156738434499,0.28951681395030954,0.9534883720930232,0.8553032068834513,0.686340646477059,0.3531787259061403,0.1585843572064913,0.28115266019152774,0.049471104968130925,0.4319833852544133,0.8926289189150995,0.8446382522527743,0.5250612098148978
Palau,PLW,15610.8231931032,2.23172772921704,5.1895,69.383,95.7270847691247,100.0,99.5322473497037,99.0248681264887,0.0100272,1.2387076,1.1710347,90.5434782608696,7.32770979431049,0.9,0.05348283737542852,0.46287113175569633,0.5952317621697114,1.0,0.9927275723027028,0.9891219649829777,0.4902608721275455,0.9206894273256365,0.7988426534323861,0.9586637888738637,0.009345794392523366,0.9374250393179184,0.8534030655115464,0.9696794857140646
Panama,PAN,19161.2188501596,0.693225551004538,8.451,79.775,92.65956406180274,97.0,95.2628238815705,89.0540402475148,0.2451472,0.264681,-0.2634275,56.3439727689404,11.4700607490209,28.0,0.06581993820772616,0.7890276818780995,0.5754666519440108,0.9682875264270613,0.9263483151002593,0.8778928914981564,0.5430674856932303,0.6958925069870352,0.45946314259134413,0.5965634129854492,0.29075804776739356,0.9440513470528477,0.7589024425578768,0.9180467130447277
Papua New Guinea,PNG,3006.70564478923,0.602403921107917,2.625,66.256,52.0929750873194,20.5,53.298484868619,23.5743391458237,-0.900446699999999,-0.653875,-0.571332899999999,78.9541359360509,17.3105425567239,54.6,0.009685389396178856,0.36472914443537763,0.3140819119331266,0.15961945031712474,0.27390386365088654,0.14743734918930076,0.2857736171133318,0.48389772167157835,0.38661578276735226,0.8359571838585748,0.5669781931464175,0.9444425145644738,0.9277083997334339,0.8452474083132897
Paraguay,PRY,6416.09708970845,3.83540271728533,5.686,73.982,79.1305613911018,99.8,99.6035956651355,95.9347586765151,-0.3545101,-0.0738359,-0.5835849,38.5449252640128,10.0891599097852,58.8,0.02153252140501378,0.607212353273492,0.48829454960353397,0.9978858350951374,0.993836866851805,0.9546504030164878,0.40838786969739016,0.6177657324178701,0.38371708124226167,0.4081091736833341,0.6105919003115264,0.9305180331867372,0.8390171819314461,0.9352590979659224
Peru,PER,8452.37167056621,2.00770739412712,5.199,77.941,108.289047241211,96.2,95.6370823826383,78.7732036574365,-0.2004128,-0.6544223,-0.5057749,56.103020234375,27.0356284968814,30.6,0.028608274997816166,0.7314669512271672,0.6761728858332787,0.959830866807611,0.9321671338442905,0.7632055312866048,0.442997246069521,0.4837714095621336,0.40212615450926126,0.5940122356487482,0.31775700934579443,0.9383898918220028,0.8531278069133371,0.7240280435062292
Philippines,PHL,3984.8315387656,3.21260487006347,2.202,69.946,85.2945085684493,98.0,95.8592214925506,87.1527398416478,0.1445214,-0.7741477,-0.5739681,24.4600731126539,20.2887417122616,28.0,0.013084232496013138,0.4805410834222585,0.528011020007423,0.9788583509513742,0.9356208622508658,0.8566830295761728,0.5204675038314666,0.4561398220815585,0.3859923206175872,0.2589804016447037,0.29075804776739356,0.9332004149543979,0.9399646510010722,0.8081253291743822
Poland,POL,25103.565661423,3.79060897630197,2.807,78.409756097561,107.881309509277,100.0,90.124463310463,98.9561729534462,0.6734027,0.498655,0.5769112,31.0804192379273,17.9583314936851,15.2,0.08646871622358838,0.7461790250945013,0.6735456888283436,1.0,0.8464591777274382,0.9883556394036835,0.6392512331238153,0.7498916838465829,0.6582789335872987,0.3290758543710196,0.15784008307372793,0.9307109592134649,0.9224350244835281,0.8371729744264662
Portugal,PRT,29292.242104753,2.41613187791884,6.5,82.3829268292683,120.347076416016,100.0,99.287612173499,99.6591815840337,0.9474847,0.536927,1.0721547,36.154994891142,8.45242266236737,32.3,0.10102374857118772,0.8708783764129151,0.7538669907747259,1.0,0.9889240842197657,0.9961980171461553,0.7008084900960423,0.7587245306448109,0.7754486274120684,0.3828048696030345,0.3354101765316718,0.9366308131840851,0.8154318662532959,0.9556603829220565
Puerto Rico (US),PRI,39343.7154660139,3.117463837096035,5.639,81.902,81.4824139700154,100.0,100.0,100.0,-0.2552121,0.4382506,0.546037,56.1217587373168,7.18841521712249,2.5,0.13595113479772497,0.8557843198794803,0.5034483594362988,1.0,1.0,1.0,0.43068963523773285,0.7359508704284473,0.650974404479729,0.594210636732659,0.02596053997923157,0.93361018607568,0.8403789876278505,0.9714157377401854
Qatar,QAT,76688.6941743178,1.26734310292375,0.13,82.522,99.578857421875,100.0,99.9889721417312,99.936545083788,1.1342702,0.9511752,0.589593,0.0,75.6630329481338,0.0,0.2657194232949962,0.8752432364572219,0.6200500823408615,1.0,0.9998285433511387,0.9992921318446184,0.7427594501086879,0.8543294346749566,0.6612793215240348,0.0,0.0,0.9415786306479473,1.0,0.11790660498438336
Romania,ROU,20080.2096215595,5.72140574354439,5.4,76.4585365853659,81.6316070556641,100.0,99.9999994247989,90.5413612422841,0.4181246,0.1588848,0.3710995,30.1158292767733,14.8501731264834,23.6,0.06901329548557714,0.6849393191063307,0.5044096627376002,1.0,0.9999999910570078,0.8944846267312528,0.5819172250492906,0.6714756584702425,0.6095859292882915,0.3188628883503712,0.245067497403946,0.9223950440756524,0.8473039144670126,0.8759149439381351
Russian Federation,RUS,14889.0185546875,8.43486410496723,2.43,73.4404878048781,92.4840470838527,100.0,96.9002616074642,92.2175878296841,-0.3215539,-0.903284699999999,-1.15651859999999,49.7843605035639,11.2727775886895,3.5,0.050974672802937555,0.5902168038691263,0.574335734585447,1.0,0.9518065299555798,0.9131836888883978,0.4157896446122992,0.42633611866959237,0.24816665764075793,0.5271110032850921,0.036344755970924195,0.9107082162093476,0.9333584446440473,0.9205057699137011
Rwanda,RWA,999.65456165547,1.77029240198635,11.331,68.017,48.790277194547,63.9,61.392176021167,81.3307323783745,0.3489076,-0.0436888999999999,0.1002757,11.3092825293879,31.2882654917538,79.9,0.0027111831442698333,0.41999874458602715,0.2928014727377135,0.6183932346723044,0.3997412772366228,0.7917359154727203,0.5663714808711007,0.624723399444056,0.5455117077660289,0.1197413645611351,0.829698857736241,0.9394124349298966,0.6754556254165098,0.6710205987961735
Samoa,WSM,5392.87761915762,2.17245530514377,4.855,71.826,92.65956406180274,100.0,99.4409290344985,97.0991039585403,0.4344899,1.2384523,1.0529651,57.636690647482,12.5518952802963,35.9,0.01797698478287238,0.5395455401418616,0.5754666519440108,1.0,0.9913077923306425,0.9676391987823028,0.5855927782688657,0.9206305062923071,0.7709085586244522,0.610250559129947,0.37279335410176534,0.9376803248337057,0.8630950656274448,0.9045620718277245
San Marino,SMR,59879.7173015651,1.24216507945569,5.1895,85.817,60.3746397694525,100.0,99.9999961845643,100.0,0.8976214,1.3727102,1.1578037,16.6666666666667,10.6908983278922,21.15,0.2073107098450589,0.978657962463122,0.36744357788828724,1.0,0.9999999406791599,1.0,0.6896094767657862,0.9516160691620767,0.7957123302297686,0.176464723042008,0.21962616822429906,0.9416870720489536,0.8534030655115464,0.9277586656538811
Sao Tome and Principe,STP,3490.56883486557,14.3519273571008,9.057,69.905,92.65956406180274,81.3,77.957445837032,48.6785052753612,-0.718673799999999,0.4890127,-0.3531666,52.125,27.3357522767854,42.5,0.011366742558366486,0.4792542841001821,0.5754666519440108,0.8023255813953488,0.6572913455169126,0.42748562332366963,0.3265987757004953,0.7476663243492336,0.4382317627325264,0.551893421313879,0.4413291796469367,0.8852235061121334,0.7413438414510475,0.7202871188308769
Saudi Arabia,SAU,35121.6628687742,1.68792112375809,3.518,78.982,110.66346516974,100.0,99.0407817713525,97.6074983619299,0.7833016,-0.048171,0.2103549,0.454484134921779,53.1486013629285,0.1,0.12128012524196297,0.7641390998681815,0.6914720921164621,1.0,0.9850864656579721,0.9733105672123145,0.6639339004579163,0.6236889695048227,0.5715553532868193,0.00481202501975749,0.001038421599169263,0.9397672068930367,0.901834091501753,0.3985401245794201
Senegal,SEN,1773.21829923448,0.804503298792438,2.788,68.924,44.0673682244069,74.2,88.0435670438381,62.5195952667746,0.2344127,-0.228555999999999,-0.2046739,41.2827091881785,63.7402211262202,35.4,0.005399202946162486,0.4484652564183042,0.26237011618388417,0.7272727272727273,0.814106250095667,0.5818892129204223,0.5406565780999978,0.5820576706519183,0.47336366086791515,0.43709651059893984,0.367601246105919,0.943572075322632,0.9229855416799467,0.26651975705932246
Serbia,SRB,13679.2065983557,4.6705297488997,7.24,75.9682926829268,89.8402786254883,100.0,95.39838202106,97.9422983506613,0.1019486,-0.168638999999999,-0.2000778,32.3896349149721,22.5075355689004,27.2,0.046770754835732925,0.6695528429768001,0.5573010085064753,1.0,0.9284559178419927,0.9770454118010825,0.5109058952996139,0.595885996362867,0.4744510524839344,0.34293767728213753,0.2824506749740395,0.9269211525403515,0.7939906701822502,0.7804689378998381
Seychelles,SYC,17858.8226383978,0.311726050919668,5.1895,76.2951219512195,70.824577331543,100.0,97.7273290215423,99.7,0.6267672,0.9164443,0.5968987,73.2608695652174,8.49983857722866,1.9,0.061294303619318216,0.6798104937298193,0.43477618538247664,1.0,0.9646654372559734,0.996653364951188,0.6287771652991194,0.8463138431494398,0.6630077775909506,0.7756775434585642,0.01973001038421599,0.9456944601560224,0.8534030655115464,0.9550693622239773
Sierra Leone,SLE,806.654650417726,28.6337500014115,3.103,61.964,86.9079513549805,35.5,68.0790238061869,24.9136362418086,-0.9671017,-0.4501536,-0.8385756,34.2988362427265,43.2210935036927,71.6,0.002040536941548118,0.23002322515849602,0.538406996941672,0.31818181818181823,0.5037056631328539,0.16237781119661834,0.27080328355080724,0.5309148599376877,0.32338881394109825,0.36315207829415436,0.7435098650051921,0.8237118922859931,0.9138585460551097,0.5222825988586938
Singapore,SGP,90674.066632628,2.38951123595017,2.737,83.3463414634146,103.082801906213,100.0,100.0,100.0,2.2796267,1.2318778,1.4311756,20.933147632312,13.8691955865476,1.1,0.31431652819864003,0.9011154812445736,0.6426272238063998,1.0,1.0,1.0,1.0,0.9191131685186096,0.8603894069067882,0.22163772596000372,0.011422637590861892,0.9367454679231448,0.9244632457334917,0.8881424424931847
Slovak Republic,SVK,25992.6748502048,2.75760909424272,5.3,78.3707317073171,93.1929931640625,100.0,99.7860717473563,97.5429596376154,0.6575804,0.6343713,0.5609435,40.05615640599,15.3916194257365,17.9,0.0895582394126793,0.7449542309747381,0.5789037224676407,1.0,0.996673930658063,0.9725906086896594,0.635697634613181,0.7812138328307582,0.6545011343429153,0.424109912778622,0.18587746625129803,0.9351600755069647,0.8502013733955321,0.8691660291340431
Slovenia,SVN,34301.0318686594,1.96562656432512,3.7,82.2853658536585,107.626876831055,100.0,99.5745942010052,98.3111577508786,1.0893351,0.7209146,0.9786636,61.1748938389332,14.2911527506818,23.4,0.11842855365038452,0.8678163911135053,0.671906289975037,1.0,0.9933859638994224,0.9811602044572526,0.7326672824443659,0.8011872784388553,0.7533295616144539,0.647712641904694,0.24299065420560748,0.9385711333775614,0.8965607162518472,0.8828829126826638
Solomon Islands,SLB,1933.55538435227,4.32183948388033,1.444,70.694,92.65956406180274,81.3,71.6090318452294,34.6490737425976,-0.868619199999999,0.7499116,0.1533565,90.0600214362272,13.9542830081778,50.1,0.005956350649496171,0.5040173247128241,0.5754666519440108,0.8023255813953488,0.5585887903979859,0.27098099904881734,0.2929218924334315,0.8078795354049981,0.5580700978993145,0.9535450043940663,0.5202492211838007,0.9284229567190605,0.9619273896792513,0.8870818613048487
"Somalia, Fed. Rep.",SOM,629.538899449007,3.117463837096035,18.949,58.967,3.34785008430481,50.3,75.2947964571377,44.4568438332571,-1.95005229999999,-2.2630781,-2.2054496,9.16528517231485,24.525108218562,95.4,0.0014250858510911051,0.13596133324963908,0.0,0.47463002114164904,0.6158935574204295,0.38039108950245615,0.05003817429443808,0.11250755524354618,0.0,0.09704097057201355,0.9906542056074767,0.93361018607568,0.45472720424187985,0.755320689694217
South Africa,ZAF,6267.186814093,4.36115246518962,32.279,66.312,104.133480684239,87.7,90.1916801364739,77.384521067613,-0.2259135,-0.6171348,0.017703,13.965072665672,23.753069242361,9.7,0.02101508017798271,0.36648672399723803,0.6493971151423962,0.8699788583509513,0.8475042375617255,0.7477141518640101,0.4372699340137433,0.4923770422698293,0.5259758269775187,0.14786056081255927,0.10072689511941849,0.9282536362489161,0.06849592907020535,0.7649438513688028
South Sudan,SSD,8074.625991382481,91.4408220769046,12.374,57.738,122.120628356934,5.4,39.7494391327564,14.4282401482886,-2.1728459,-1.4896464,-1.9725304,11.3256215087114,30.7373478613476,32.4,0.027295664521912687,0.0973887389366644,0.7652946070641863,0.0,0.06324881889803012,0.04540849763911492,0.0,0.29100890649232014,0.05510636959376616,0.11991435976880173,0.3364485981308411,0.5532026961367674,0.6452351287920494,0.6778875700116247
Spain,ESP,35326.7683069278,2.77417826534772,11.4,83.8878048780488,118.537803649902,100.0,99.9247001396709,99.9181189186239,1.110811,-0.002992,0.9317736,37.1925889548355,9.58105460690675,19.0,0.1219928363638134,0.9181094996562927,0.7422092126983648,1.0,0.9988292684402471,0.9990865796774404,0.7374906473315523,0.6341158922028041,0.742235853280183,0.39379079454781674,0.19730010384215993,0.9350887123147578,0.6734563787558312,0.9415924303857105
Sri Lanka,LKA,4515.56787322732,-0.42936004906973,4.239,77.672,87.9534065332114,100.0,90.2138440260395,95.3530207374149,-0.2745215,-0.350302399999999,-0.2577461,34.0048496605238,19.9644408635608,48.8,0.014928462915967788,0.7230242922603728,0.5451432307947773,1.0,0.8478488326896303,0.9481608544290997,0.4263528539176187,0.5539596538397372,0.4608073054092227,0.36003938264576646,0.5067497403946002,0.9488863078024872,0.880943412627126,0.8121676114871352
St. Kitts and Nevis,KNA,23960.6534357084,3.55711230848243,5.1895,72.281,137.513208876365,100.0,97.0965711084738,92.9912822357176,0.6913852,0.9121334,0.5904494,42.3076923076923,8.5943079884613,1.5,0.08249726494517028,0.5538258740819787,0.8644743941470691,1.0,0.9548586701229961,0.9218145982760696,0.643290000257385,0.8453189246904494,0.6614819372591056,0.44794891233740397,0.01557632398753894,0.9317166261523642,0.8534030655115464,0.9538918382315126
St. Lucia,LCA,14181.6303351598,-0.110283575834694,10.199,72.846,87.8672424011515,100.0,98.0956816576068,92.9912822357176,0.2682296,1.0382485,0.5032686,34.0491803278688,23.7585855502375,9.7,0.0485166031580664,0.5715585964471785,0.5445880451154759,1.0,0.9703924340163147,0.9218145982760696,0.5482516613353219,0.8744251997020299,0.6408558257737483,0.36050875058188453,0.10072689511941849,0.9475120498179532,0.7082548604873528,0.7648750927644076
St. Vincent and the Grenadines,VCT,11501.2265187188,3.62770736940927,18.093,71.382,124.871794871795,100.0,97.0965711084738,92.9912822357176,0.2682296,1.0382485,0.5017878,73.1794871794872,23.9262758481858,5.1,0.03920259555190434,0.5256104450442536,0.7830213364341592,1.0,0.9548586701229961,0.9218145982760696,0.5482516613353219,0.8744251997020299,0.6405054831996092,0.7748158762490615,0.0529595015576324,0.9314125741952777,0.47952945267000846,0.7627848992662029
Sudan,SDN,984.607666015625,138.80846024176,7.53,66.521,92.65956406180274,66.0,64.8917129502851,65.7085965688426,-1.79393619999999,-2.0243381,-1.7733122,9.55196466809422,45.8349025581217,61.0,0.0026588974030024117,0.37304626200489616,0.5754666519440108,0.6405919661733616,0.45415065209513283,0.6174639580144491,0.08510096165443216,0.1676066837084543,0.10223941727298201,0.10113508797973735,0.6334371754932503,0.34919092962644616,0.7855880392895431,0.4897024987696558
Suriname,SUR,6961.78955961526,16.2296159130279,7.621,73.757,76.1109237670898,99.6,97.9978493893275,89.9982745800564,-0.454291699999999,0.4782277,-0.2085757,94.44758351333,27.3059698425997,14.5,0.02342872218795624,0.600150649676731,0.4688379668532335,0.9957716701902748,0.9688713777549056,0.888426250536741,0.38597749034996887,0.7451772395687443,0.47244053373678574,1.0,0.1505711318795431,0.8771363273104865,0.7829513516645902,0.7206583451394786
Sweden,SWE,57117.4877440616,2.83581658224034,8.4,84.0634146341463,131.96354675293,100.0,99.7607966673045,98.743188223274,1.7746948,0.6035115,1.7267013,68.7013529108454,5.63670790600148,57.9,0.19771236986705,0.9236210731952262,0.8287159774807147,1.0,0.9962809640076254,0.9859796988608301,0.8865951696142947,0.7740916577256172,0.9303078526538817,0.7274019128414135,0.6012461059190031,0.9348232369311168,0.7603801466114218,0.9907571580400162
Switzerland,CHE,103998.186685604,1.06234041976594,4.343,84.4073170731707,101.4287109375,100.0,99.9999967819997,99.8998709349206,1.8402935,0.9806678,1.7636516,32.3827380818297,9.06104968621636,27.7,0.36061587860160066,0.9344145713756419,0.6319693363985294,1.0,0.9999999499678419,0.9988830152046683,0.9013282642098684,0.86113607183741,0.9390499266795548,0.3428646544171171,0.28764278296988577,0.9424615743865569,0.8779300553414656,0.9480740868533769
Syrian Arab Republic,SYR,1051.67149587463,3.117463837096035,13.359,72.56,38.736930847168,88.4,94.1259941580026,95.6484324566991,-1.6726478,-2.3680716,-1.813556,2.84310842454937,24.7058382627422,1.1,0.0028919343124314202,0.5625823865419624,0.2280242413342565,0.8773784355179705,0.9086733495740376,0.9514563051410542,0.11234164585313787,0.08827596294866333,0.09271813385513751,0.030102500442990194,0.011422637590861892,0.93361018607568,0.6166951583461304,0.7530679608965605
Tajikistan,TJK,1341.20229027672,3.117463837096035,7.041,71.927,86.9035257819264,100.0,89.1914749965589,95.9857039731115,-0.6009336,-0.2756522,-1.18373399999999,3.07514950644859,37.0534062306267,34.9,0.003898011085169282,0.5427154604230747,0.5383784814245585,1.0,0.8319534554167408,0.9552187207336932,0.35304255437753845,0.5711882747651416,0.24172776427755652,0.032559324358093014,0.3624091381100727,0.93361018607568,0.7997566134500044,0.599160390805234
Tanzania,TZA,1186.71691894531,3.05694676312373,1.557,67.212,28.231330871582,48.3,64.6059619473789,37.2193614570345,-0.2924507,-0.3895961,-0.5194228,50.0541883043576,25.081431153535,78.3,0.0033611972234683825,0.3947335383842824,0.16033298141580113,0.4534883720930233,0.4497079118845769,0.29965371555103587,0.4223260576606355,0.5448910075125125,0.39889719690688774,0.5299679085732578,0.8130841121495327,0.9338708322814747,0.958653261090024,0.7483863434868934
Thailand,THA,7346.62022142185,1.36580540798037,0.781,76.564,92.507325535959,100.0,100.0,99.3504878190651,0.2536395,-0.6833311,-0.2155096,38.6873886746658,31.0072016277159,19.0,0.02476595193265574,0.6882493252149895,0.5744857258049574,1.0,1.0,0.9927543992355097,0.5449748079303172,0.4770995083936393,0.47080004185751506,0.4096175596616042,0.19730010384215993,0.9411545548534277,0.9811375423753369,0.6745239491293779
Timor-Leste,TLS,1331.9705130185,2.06284153005468,1.523,67.904,84.7410404382553,100.0,87.3296506057336,72.935802279964,-0.898562299999999,0.5260108,-0.6256762,61.6610625420309,17.4104661970888,11.4,0.003865932021904992,0.41645220011298717,0.5244448310087357,1.0,0.803006568084805,0.6980866911404942,0.28619684262627487,0.7562051660383411,0.37375869767198455,0.6528601394373237,0.11838006230529596,0.9381524298563787,0.9596383971257207,0.8440018995035191
Togo,TGO,1119.38160509429,2.86262074089801,1.948,62.935,63.4192515229188,59.2,64.7862455498292,25.1681056691569,-0.8014589,-0.8094466,-0.632861,22.0700496414782,51.6661369398223,75.1,0.003127216947241032,0.26049839934718483,0.3870610777011121,0.5687103594080339,0.4525108879083313,0.16521653221133487,0.30800571349950584,0.4479931410655162,0.37205884534440786,0.23367511185040865,0.7798546209761162,0.9347077917881998,0.9473241966795122,0.4170184595600865
Tonga,TON,5651.59373063157,3.230563002681,1.965,73.07,92.4258049730721,100.0,98.8583466602623,93.933454352263,-0.0372776,1.254781,0.6942664,12.4305555555556,12.4784129504796,2.3,0.018875985081008274,0.5785889146946204,0.5739604602681104,1.0,0.9822500388541658,0.9323249523668837,0.4796364833328789,0.9243990291161528,0.6860440084499564,0.13161327260216452,0.02388369678089304,0.9331230695240477,0.9468316286616637,0.9054780001187169
Trinidad and Tobago,TTO,18733.4110406494,0.526884625776839,3.318,73.617,95.6815649255588,98.7,99.2503077495039,94.1780681697959,0.1112932,0.3600136,-0.371533,44.2358674463938,25.6022583642289,0.5,0.06433336921863846,0.5957567007720798,0.594938461875637,0.9862579281183933,0.9883440902290918,0.9350537296174816,0.5130046392649333,0.7178944470653367,0.433886454889691,0.46836420584705063,0.005192107995846314,0.944767775131456,0.9076290093587923,0.7418944374982944
Tunisia,TUN,4181.13789301228,7.20661657168794,15.341,76.711,92.65956406180274,100.0,96.7327873288014,98.5373409254893,-0.2393469,-0.9248175,-0.3644942,4.55278063851699,24.1829826735327,11.6,0.013766368100124927,0.6928629715648735,0.5754666519440108,1.0,0.949202708081004,0.983683379589265,0.43425286884415637,0.4213665345470774,0.4355517650671972,0.04820431046681492,0.12045690550363447,0.9159982614529834,0.5592675223828703,0.7595851498242268
Turkiye,TUR,15892.7157287241,58.5064507300342,8.8,77.421,118.411979675293,100.0,95.9866257794699,99.2777016762549,-0.0707153,-0.970710499999999,-0.8434149,29.4795681041539,21.6120469179783,12.0,0.05446237232638958,0.7151465695813196,0.7413984847638324,1.0,0.9376016922137947,0.9919424370468549,0.4721265662589367,0.41077482682051303,0.32224388362030415,0.3121262292538512,0.12461059190031153,0.6950505808465254,0.748790310897343,0.7916308511337842
Turkmenistan,TKM,6856.65802730208,3.117463837096035,4.02,70.201,94.6464126735365,100.0,99.9219552580212,99.7354493287639,-1.0591384,0.2455892,-1.4131747,8.78215904496414,19.5997611438189,0.1,0.02306340563169473,0.4885443474985875,0.5882686133843892,1.0,0.9987865921383118,0.9970488181715151,0.25013236465509076,0.6914862845658811,0.1874443732387201,0.09298447581482755,0.001038421599169263,0.93361018607568,0.8872888476805842,0.8167132005191653
Tuvalu,TUV,6344.7750188689,3.117463837096035,5.1895,67.259,90.6571654790182,100.0,98.7415397759091,89.674451389507,-0.6909856,1.4687654,1.2213564,33.3333333333333,5.91780105591262,5.2,0.02128468773673881,0.39620864980227233,0.5625644965942347,1.0,0.9804339729901518,0.8848138570730384,0.33281738780380143,0.9737847790746279,0.8107482679063609,0.35292944608401494,0.053997923156801665,0.93361018607568,0.8534030655115464,0.9872534426699398
Uganda,UGA,1077.91278452817,3.3233806708656,2.74,68.487,92.65956406180274,51.5,63.0058015721971,23.896386630237,-0.3501362,-1.0222248,-0.738524299999999,11.0419703770197,33.8077192571642,90.9,0.002983118917010551,0.4347498587659279,0.5754666519440108,0.48731501057082455,0.4248292700955499,0.15102993385169844,0.4093702227387092,0.39888577164132283,0.34705995790920746,0.11691109466513006,0.9439252336448599,0.9327233051029508,0.9243763219656361,0.6396166002111636
Ukraine,UKR,5389.47314453125,6.50198464669254,9.834,74.692,86.1695022583008,100.0,93.4790922597539,97.7258264478011,-0.5988431,-0.432315,-0.720198999999999,16.7552640662755,14.90010098879,8.9,0.01796515473608223,0.6294959512899376,0.5336489107918037,1.0,0.8986155823347116,0.9746305702770991,0.3535120687772453,0.535031854630802,0.35139554190020794,0.17740278197706055,0.09241952232606439,0.9190331014688096,0.7188305855764495,0.8752926128047936
United Arab Emirates,ARE,50273.5060469837,1.66336510224894,2.16,83.069,102.129724902444,100.0,100.0,99.0868783474854,1.2599659,0.7886704,0.4968448,4.46775556181357,36.3055030826594,1.0,0.17393054371383365,0.8924110225346809,0.6364862148840768,1.0,1.0,0.9898137169128848,0.7709899887985835,0.8168247314355991,0.6393360184886622,0.04730407487008926,0.010384215991692628,0.9398729693401554,0.9411815837510505,0.6084827088897905
United Kingdom,GBR,53246.3676145108,3.2715729463592,4.361,81.3868536585366,112.120048522949,100.0,99.9999991412127,99.1026610062551,1.1849099,0.2577085,1.269914,13.2907130161617,9.91288560282114,12.2,0.18426079883516072,0.8396162720022784,0.700857368786438,1.0,0.9999999866479248,0.9899897795762254,0.7541328384592417,0.6942833142534273,0.8222365138396556,0.14072051948566683,0.12668743509865005,0.9329464402603053,0.8774085127343321,0.937456287754627
United States,USA,84534.0407841548,2.94952520485207,4.022,78.890243902439,97.4734878540039,100.0,99.9804443465812,99.6182734760609,1.3599787,-0.0951125,0.9617896,33.8669264120375,7.81485752365112,10.9,0.2929808447079917,0.7612593026940869,0.6064844488716298,1.0,0.9996959566654053,0.9957416687864141,0.7934522943498855,0.6128552770409059,0.7493373407905577,0.35857906737505507,0.11318795430944964,0.9343334954564471,0.8872308985020139,0.9636073811916736
Uruguay,URY,23906.5133029408,4.84914366613156,8.209,78.287,119.105005958635,100.0,99.6326913879836,99.1507922342621,0.6904799,1.2779376,0.9505638,11.9643469317792,10.5717923259135,57.8,0.08230913597545944,0.7423262820915199,0.7458638958193687,1.0,0.9942892353003414,0.9905267050915272,0.6430866750308581,0.9297433722434482,0.7466814279942503,0.12667711006169463,0.6002076843198338,0.9261518648538728,0.7659142931648945,0.9292432750438042
Uzbekistan,UZB,3161.70010632875,9.62825465956682,4.439,72.528,96.8399222342106,100.0,97.2904869756033,96.547826032469,-0.1435922,-0.0267335,-0.6562072,8.54914331101781,31.9604294559849,1.0,0.010223972271205835,0.5615780553637564,0.6024021636956769,1.0,0.9578735950457403,0.961489445352214,0.455758829374941,0.6286365592110572,0.3665353662760873,0.0905173323975114,0.010384215991692628,0.905568299493778,0.8751484947700867,0.6626423397975728
Vanuatu,VUT,3410.77023167097,11.1825017088175,4.988,71.654,134.670675170038,61.6,87.1200605921327,47.8141509828146,-0.8168523,0.960216,0.4215614,36.2838392124692,14.0824115364695,25.0,0.011089454191383604,0.5341472600590044,0.8461589539638235,0.5940803382663848,0.7997479479165973,0.4178433620902442,0.30454844348733334,0.8564159731713357,0.6215247136899366,0.3841690582517469,0.25960539979231567,0.8988741788156998,0.8592414452525137,0.8854847896790805
"Venezuela, RB",VEN,4217.59102643391,3.117463837096035,5.321,72.673,97.7908172607422,100.0,93.3316109894304,98.3955859787771,-1.46624969999999,-1.74042419999999,-2.20427409999999,52.2338793719177,15.2565796212874,33.7,0.013893037357896808,0.5661289310150023,0.6085291133744863,1.0,0.8963226036109058,0.9821020393458999,0.15869748417991608,0.23313155783542772,0.0002781116260833572,0.5530462234065057,0.3499480789200416,0.93361018607568,0.8495929070205431,0.870849247094246
Viet Nam,VNM,4717.29028732449,3.62109273885843,1.602,74.736,93.4123434096522,99.8,98.761246653694,95.447026934425,-0.0922968,0.0056736,-0.3139343,47.4454820708996,20.8010641731194,24.2,0.015629418528592277,0.6308769066599713,0.5803170729209127,0.9978858350951374,0.980740367499599,0.9492095358748315,0.4672794842128843,0.6361158377822022,0.44751373529560196,0.5023472311941503,0.2512980269989616,0.9314410633181424,0.9573494045721903,0.8017394315418347
Virgin Islands (U.S.),VIR,44320.909185774,3.117463837096035,11.423,80.7707317073171,92.65956406180274,100.0,99.4656802967685,99.2588820364163,0.3747914,0.9711697,0.5793123,58.1714285714286,8.63342756669479,5.9,0.1532461482874239,0.8202790693401889,0.5754666519440108,1.0,0.9916926148755525,0.9917324954925552,0.5721848350060593,0.8589439924536766,0.6588470100019163,0.6159123019089047,0.0612668743509865,0.93361018607568,0.6727899632022716,0.9534042281009528
West Bank and Gaza,PSE,2592.30591217647,53.6691458303782,24.42,69.213,89.1210984011759,100.0,98.7717073984261,99.3950169288026,-1.0985907,-1.8763518,-0.989397099999999,1.68298755186722,26.3636264444046,15.4,0.008245411495135704,0.4575356223714768,0.5526670784496222,1.0,0.9809030068981698,0.9932511414999762,0.24127160265960987,0.2017606426376092,0.28770594485307915,0.01781927593340373,0.15991692627206647,0.7158847865608408,0.29620722626256774,0.7324042843386016
"Yemen, Rep.",YEM,8074.625991382481,3.117463837096035,16.97,69.439,92.65956406180274,83.6,75.0357620960457,63.0827307655577,-1.87279819999999,-2.7505641,-1.90158959999999,1.03983180862549,34.8323598356099,3.7,0.027295664521912687,0.4646287113175568,0.5754666519440108,0.8266384778012684,0.6118661966754634,0.5881712429119482,0.0673890053809674,0.0,0.0718902583589602,0.01100961792716202,0.03842159916926272,0.93361018607568,0.5120679164372846,0.6268448590832169
Zambia,ZMB,1187.10943350064,14.9856262747939,5.898,66.528,56.7889289855957,51.1,73.4120376414689,37.4763362189112,-0.5330555,-0.1007849,-0.5611771,59.523784150984,24.3085919008655,83.0,0.003362561153608852,0.3732659594501289,0.34433958751872057,0.48308668076109945,0.5866211901773428,0.3025203847002248,0.36828758923749466,0.6115461361499603,0.38901854418985543,0.6302308850769381,0.8618899273104881,0.8824941735837878,0.8328745690029845,0.7580194802923705
Zimbabwe,ZWE,2497.20332208763,104.705170628667,9.435,63.064,92.65956406180274,62.0,67.2110209689938,34.6414985324477,-0.9876299,-1.0172382,-1.2109412,44.7366421093447,19.4941796611344,82.4,0.007914944032725767,0.2645471094093278,0.5754666519440108,0.5983086680761099,0.49021030854632824,0.27089649416951805,0.2661927666887832,0.4000366358199402,0.23529081095291837,0.47366634957929576,0.8556593977154726,0.49607332924210434,0.730391446701243,0.8180292321044035
