Country_slqi,Country Code,slqi_rank,slqi_score,economic_score,health_education_score,infrastructure_score,governance_score,environment_score,Country_for_merge,Country_hdi,hdi_rank,hdi_2023
Finland,FIN,2,0.8782549198055773,0.6281996439813596,0.8826772140807613,0.9979471775209284,0.907696374376242,0.7672878784699876,Finland,Finland,12.0,0.948
Sweden,SWE,3,0.8696938085082676,0.6309719178031962,0.8761685253379705,0.9940868876228184,0.8636648933312645,0.7731350589334776,Sweden,Sweden,5.0,0.959
Liechtenstein,LIE,4,0.8663566231694185,0.8349276037212744,0.8356676355227937,0.9998140758306217,0.9329303382336086,0.6151986577081686,Liechtenstein,Liechtenstein,17.0,0.938
Norway,NOR,5,0.8472820313231353,0.7073875772232259,0.8113966653421449,0.9927379871886112,0.9094100517094502,0.6592758005677901,Norway,Norway,2.0,0.97
Iceland,ISL,6,0.8307698880989371,0.7064951960064166,0.7822286189499138,0.9954560202277222,0.8925546664452302,0.6195451785214677,Iceland,Iceland,1.0,0.972
Denmark,DNK,7,0.8281701109971984,0.6785639781876428,0.8273578280464431,0.9985022910052688,0.9086266026246798,0.5084112471281245,Denmark,Denmark,4.0,0.962
Luxembourg,LUX,8,0.8228556467967052,0.7448469072144773,0.7872002474035497,0.9910800050331569,0.9223930208306846,0.5101861814642855,Luxembourg,Luxembourg,25.0,0.922
New Zealand,NZL,9,0.8217808333168185,0.6571858708047871,0.78681280664829,1.0,0.906661194383901,0.5601281672284509,New Zealand,New Zealand,17.0,0.938
Switzerland,CHE,10,0.8215509223093913,0.727002502776541,0.7831919538870857,0.9996276550575036,0.9005047542422777,0.5261938414134599,Switzerland,Switzerland,2.0,0.97
Japan,JPN,11,0.8204156854510731,0.6595659246589713,0.7777194559875117,0.9955559434894048,0.9109836794009448,0.5721928082130631,Japan,Japan,23.0,0.925
Australia,AUS,12,0.8188401450626797,0.6822248038330292,0.8601814396247698,0.9998426374498858,0.8606220111174444,0.4234475992624221,Australia,Australia,7.0,0.958
Netherlands,NLD,13,0.8099841765339005,0.6876803282713801,0.8611362752950883,0.9912863624378138,0.8469128017867642,0.3896828807925156,Netherlands,Netherlands,8.0,0.955
Belgium,BEL,14,0.8065316109596874,0.6560248071236104,0.8839236902518355,0.998089520074706,0.7481540392651101,0.4273470750639823,Belgium,Belgium,10.0,0.951
Andorra,AND,15,0.8045179536401644,0.6525245619352543,0.7813453645507277,1.0,0.8649266527152176,0.5008192678275872,Andorra,Andorra,32.0,0.913
Austria,AUT,16,0.8037921445598899,0.6630652044272933,0.7427413192148424,0.9998962487273554,0.831715439074325,0.5995802524890158,Austria,Austria,22.0,0.93
Ireland,IRL,17,0.8022241460960491,0.7362137505649645,0.8552568963789835,0.9467553081256151,0.8489647615851719,0.4043626363359824,Ireland,Ireland,11.0,0.949
Portugal,PRT,18,0.7994364166755082,0.6176954760028562,0.8123726835938205,0.995040700455307,0.7449938827176407,0.5579584763522543,Portugal,Portugal,40.0,0.89
Singapore,SGP,19,0.7991141828929611,0.7251750806184255,0.7718713525254868,1.0,0.9265008584751326,0.37373426868135,Singapore,Singapore,13.0,0.946
Estonia,EST,20,0.7990792151577216,0.6079617480480696,0.7258741002014312,0.996361424499188,0.8163448047748663,0.6610710815099933,Estonia,Estonia,36.0,0.905
Costa Rica,CRI,21,0.7976537061176991,0.6051464341269287,0.7953236066619223,0.9945396928370176,0.7087613250680201,0.6257724939674759,Costa Rica,Costa Rica,62.0,0.833
Slovenia,SVN,22,0.7965702156728073,0.6511868010932643,0.7698613405442711,0.991515389452225,0.762394707499225,0.5911954029309884,Slovenia,Slovenia,21.0,0.931
Canada,CAN,23,0.7958931384017998,0.6481969698078598,0.7564279042756008,0.9858882923308818,0.8411444313526527,0.5480461182411406,Canada,Canada,16.0,0.939
Spain,ESP,24,0.7888502753256255,0.5768459758114675,0.8301593561773288,0.9993052827058958,0.7046141309381798,0.510894442925229,Spain,Spain,28.0,0.918
"Korea, Rep.",KOR,25,0.7843800573064752,0.6617667463880202,0.7543110184174828,0.998993605878514,0.7968157973620738,0.4845975051637538,Korea (Republic of),Korea (Republic of),20.0,0.937
"Hong Kong SAR, China",HKG,26,0.7842456833268268,0.6813056350554337,0.8171203842695758,0.9807917035296412,0.7919707585789449,0.3863058646311772,"Hong Kong, China (SAR)","Hong Kong, China (SAR)",8.0,0.955
Uruguay,URY,27,0.7796379410936555,0.591458431331409,0.7440950889554443,0.9949386467972896,0.7731704917561856,0.5520426898084442,Uruguay,Uruguay,48.0,0.862
Germany,DEU,28,0.7771631761883164,0.6789203886417877,0.7226509499164935,0.9971254371702672,0.8017389905922626,0.4871824840618002,Germany,Germany,5.0,0.959
United Kingdom,GBR,30,0.7703330599129458,0.6648719172765993,0.7702368203943581,0.99666325540805,0.7568842221841082,0.4016214141129812,United Kingdom,United Kingdom,13.0,0.946
France,FRA,31,0.7690903343664135,0.6290736201593443,0.7683936987182342,0.9949591221993032,0.6967031629691564,0.4844776775322965,France,France,26.0,0.92
Lithuania,LTU,32,0.7678730485304415,0.6168529468592533,0.6810704282122924,0.9861767681695224,0.8187990475109612,0.5546249186888504,Lithuania,Lithuania,39.0,0.895
Italy,ITA,33,0.7675183940458234,0.6326028300889724,0.7736184543936386,0.9991420452284736,0.6800966741035666,0.4694364002317168,Italy,Italy,29.0,0.915
Czechia,CZE,34,0.7655523890217066,0.658266599124547,0.7013996949720456,0.989981697422236,0.8048100131759998,0.4772653960971163,Czechia,Czechia,29.0,0.915
Cyprus,CYP,35,0.7586043430570217,0.6448998976159211,0.7597210917294834,0.9966123856777284,0.6973425155170223,0.417419551638085,Cyprus,Cyprus,32.0,0.913
San Marino,SMR,36,0.7567012916880371,0.6674669491351862,0.6730507701757046,0.9999999802263868,0.8123126253858771,0.4412831856400627,San Marino,San Marino,29.0,0.915
Latvia,LVA,37,0.7562814220591728,0.608669318864122,0.6574278104406216,0.9658790657756668,0.7376167502993818,0.6518660984197784,Latvia,Latvia,41.0,0.889
United States,USA,38,0.7547411323217975,0.7048484128888175,0.6838718757828584,0.9984792084839396,0.7185483040604498,0.4784581342920593,United States,United States,17.0,0.938
Malta,MLT,39,0.7546078253251982,0.6685503967098588,0.765568345073683,1.0,0.7140744002157686,0.3398074806649477,Malta,Malta,24.0,0.924
Chile,CHL,43,0.7481048256711497,0.5789984485510554,0.7488217925747531,0.995238073235128,0.6842400129333187,0.4290067942205473,Chile,Chile,45.0,0.878
Croatia,HRV,44,0.7477057360352604,0.6253132285720459,0.7088133126519127,0.9734364330254652,0.6758347754001001,0.5274951544321824,Croatia,Croatia,41.0,0.889
Bhutan,BTN,45,0.7468429252714744,0.6187890089875142,0.5591689488986795,0.9487227305604756,0.7581808058544968,0.7924626643786802,Bhutan,Bhutan,125.0,0.698
Brunei Darussalam,BRN,46,0.7465812771675977,0.6389434524799594,0.6125303604825704,1.0,0.7495947326442063,0.576590759187998,Brunei Darussalam,Brunei Darussalam,60.0,0.837
Greece,GRC,49,0.7439530776205086,0.577827534266577,0.7550118357141666,0.9963085244332538,0.5967712684897779,0.4750568391743869,Greece,Greece,34.0,0.908
United Arab Emirates,ARE,50,0.7414815474546577,0.6849950322683465,0.7644486187093789,0.996604572304295,0.7423835795742816,0.2220569999171907,United Arab Emirates,United Arab Emirates,15.0,0.94
St. Kitts and Nevis,KNA,51,0.7410416624660695,0.6225389855363602,0.7091501341145239,0.9588910894663552,0.71669695406898,0.4724723581854851,Saint Kitts and Nevis,Saint Kitts and Nevis,58.0,0.84
Slovak Republic,SVK,54,0.7355307703925091,0.6249732294383921,0.6619289767211893,0.9897548464492408,0.6904708672622849,0.4930511360546544,Slovakia,Slovakia,44.0,0.88
Montenegro,MNE,56,0.7340349387597085,0.5330398774105398,0.6565779803165386,0.9882713101993512,0.6154728039735726,0.6330349551190108,Montenegro,Montenegro,48.0,0.862
Israel,ISR,57,0.7323755562385527,0.6736301536373258,0.7549248052644435,0.999702808531432,0.6034694504717132,0.3206922611020034,Israel,Israel,27.0,0.919
Samoa,WSM,58,0.7320084985112293,0.6062507917480076,0.5575060960429362,0.986315663704315,0.7590439477285417,0.6292019950198123,Samoa,Samoa,122.0,0.708
Albania,ALB,59,0.7319880729036871,0.556774752083843,0.7328297192576932,0.972102282344902,0.5638134586296447,0.53505985613385,Albania,Albania,71.0,0.81
Poland,POL,60,0.7296695502536704,0.6465382333068603,0.7098623569614224,0.9449382723770404,0.6824739501858991,0.4413629706237378,Poland,Poland,35.0,0.906
Antigua and Barbuda,ATG,61,0.7279441506827391,0.6182619232229073,0.7029800666193036,0.9929508717662352,0.7104061785948182,0.338518333703761,Antigua and Barbuda,Antigua and Barbuda,53.0,0.851
Palau,PLW,62,0.72575152031751,0.6147703140682977,0.5290514469627039,0.9939498457618936,0.736597650961856,0.6458963563268172,Palau,Palau,84.0,0.786
Hungary,HUN,63,0.7243178235895136,0.628213743653039,0.6817057460905541,0.992464967730474,0.6345113968252638,0.4271235036940781,Hungary,Hungary,46.0,0.87
Seychelles,SYC,64,0.7197617281691034,0.6201306097622957,0.5572933395561479,0.9871062674023872,0.7126995953465033,0.5834923053555857,Seychelles,Seychelles,54.0,0.848
Barbados,BRB,65,0.7191776735457758,0.616407620235768,0.6659483192606899,0.9885671814824972,0.7487292909063271,0.3258191177552921,Barbados,Barbados,69.0,0.811
Brazil,BRA,66,0.7176799937548247,0.5900007112034987,0.660369502370904,0.971039521120306,0.456193021441921,0.6721884158054917,Brazil,Brazil,84.0,0.786
Qatar,QAT,67,0.7165964077019894,0.7357660179809811,0.7476466593990416,0.9997068917319192,0.7527894021025597,0.039302201661461,Qatar,Qatar,43.0,0.886
Panama,PAN,68,0.7160757130899382,0.5895912426061501,0.6822471669110551,0.9241762443418255,0.5661410450905365,0.6017893912658567,Panama,Panama,59.0,0.839
St. Vincent and the Grenadines,VCT,69,0.7149873792077343,0.4833815408057301,0.6543158907392064,0.9588910894663552,0.687727448078987,0.5301867590242989,Saint Vincent and the Grenadines,Saint Vincent and the Grenadines,76.0,0.798
Malaysia,MYS,70,0.7119926564982156,0.6239891517446515,0.5959943504292008,0.9745371990635062,0.6735049877622848,0.5160568554106375,Malaysia,Malaysia,67.0,0.819
Grenada,GRD,71,0.7073747513220876,0.6118910229094291,0.6390795901901238,0.9377754496635516,0.684624709980632,0.4695695371863153,Grenada,Grenada,80.0,0.791
Kuwait,KWT,72,0.7054411459275757,0.6629740569572155,0.7576581236130512,1.0,0.6135652524517204,0.1320767685345378,Kuwait,Kuwait,52.0,0.852
Dominica,DMA,74,0.7041046569651889,0.6082562913018049,0.5811367255143269,0.9583663075155404,0.6856489271242004,0.5238718590494545,Dominica,Dominica,98.0,0.761
Mauritius,MUS,76,0.7017145551777485,0.6051439432063807,0.5820775624966734,0.989853613999412,0.7166642903349594,0.4141410957202727,Mauritius,Mauritius,73.0,0.806
Colombia,COL,77,0.7012257913762039,0.5567958509717865,0.6817461022132887,0.9676624797078508,0.4210505383682069,0.583773672983016,Colombia,Colombia,83.0,0.788
Romania,ROU,78,0.6942824246480377,0.6129040846760807,0.5946744909219654,0.9648282059294204,0.6209929376026081,0.4799484432308174,Romania,Romania,55.0,0.845
Viet Nam,VNM,79,0.693258021016002,0.6348066288063083,0.6055969897904421,0.9759452461565228,0.5169696857635628,0.5184615632449822,Viet Nam,Viet Nam,93.0,0.766
Saudi Arabia,SAU,80,0.6927892025950122,0.6542938078789176,0.7278055959923218,0.9861323442900956,0.6197260744165195,0.1347968570661155,Saudi Arabia,Saudi Arabia,37.0,0.9
Thailand,THA,81,0.6923034310893209,0.6490193497204734,0.6313675255099734,0.99758479974517,0.4976247860604905,0.4271472042110473,Thailand,Thailand,76.0,0.798
Oman,OMN,82,0.6908841039778608,0.6417224226791048,0.6975717134545649,0.9594880823245672,0.6743788400627165,0.1895806464453554,Oman,Oman,50.0,0.858
Fiji,FJI,83,0.6906629988556112,0.6000930710474485,0.5065429583978025,0.9475820044466956,0.6716366378642397,0.6244713814525394,Fiji,Fiji,111.0,0.731
"Bahamas, The",BHS,84,0.6905932158684271,0.60772994170256,0.5603224236971256,0.9588910894663552,0.7018205821550912,0.4585538695057551,Bahamas,Bahamas,66.0,0.82
Bahrain,BHR,85,0.6903852752157429,0.6725712493934389,0.7279360241074002,0.999584874200773,0.5851601798720375,0.1139856920209432,Bahrain,Bahrain,38.0,0.899
Cuba,CUB,86,0.6899383027075411,0.6397136455931453,0.6555913122438632,0.9553997371901364,0.503120133757952,0.4480106883622259,Cuba,Cuba,97.0,0.762
Bulgaria,BGR,87,0.6885684420980716,0.6263181500385775,0.6260929998300925,0.9440034633778892,0.5518487373057448,0.48086918357305,Bulgaria,Bulgaria,55.0,0.845
Georgia,GEO,88,0.6878020103499912,0.5475050796021105,0.6286711607517449,0.9513017151100512,0.5469674145414763,0.513430183000133,Georgia,Georgia,57.0,0.844
Maldives,MDV,89,0.6877206273201859,0.6221834519611887,0.6630850509039825,0.9976376010279274,0.5309424831473412,0.3176274271492864,Maldives,Maldives,93.0,0.766
Sri Lanka,LKA,90,0.6873218639997021,0.6149193944485271,0.6340837615275751,0.9320032290395766,0.4803732710555262,0.5596522448425006,Sri Lanka,Sri Lanka,89.0,0.776
Paraguay,PRY,91,0.6868571465779186,0.5970225788410657,0.547753451438513,0.9821243683211436,0.4699568944525072,0.651320057320261,Paraguay,Paraguay,99.0,0.756
North Macedonia,MKD,92,0.68602280893061,0.5373085047822564,0.6243484714446277,0.98687833127667,0.5400272982359204,0.4527988193373798,North Macedonia,North Macedonia,68.0,0.815
Peru,PER,93,0.6855717994761069,0.606708657911052,0.703819918530223,0.885067843979502,0.4429649367136385,0.5452657628335905,Peru,Peru,79.0,0.794
Tonga,TON,94,0.6851869859954434,0.6329435610889065,0.5762746874813653,0.9715249970736832,0.6966931736329961,0.3536583231672581,Tonga,Tonga,92.0,0.769
China,CHN,95,0.6850408714609818,0.6207783068913858,0.6546594448597085,0.9697598233526928,0.5577802392751173,0.3464681627790353,China,China,78.0,0.797
"Micronesia, Fed. Sts.",FSM,96,0.6840691625972101,0.5969528410659892,0.4873755329897695,0.9127318223768556,0.7267669665072015,0.6355108460302893,Micronesia (Federated States of),Micronesia (Federated States of),149.0,0.615
Turkiye,TUR,97,0.6830552606628979,0.4994344213567527,0.7282725271725761,0.9765147097535496,0.4017150922332512,0.4094558907626489,Türkiye,Türkiye,51.0,0.853
Serbia,SRB,98,0.6828559749871981,0.5892275258527783,0.6134269257416377,0.9685004432143584,0.5270809813821384,0.4686190967186716,Serbia,Serbia,62.0,0.833
St. Lucia,LCA,99,0.6779343211762562,0.5680945044877909,0.5580733207813272,0.964069010764128,0.6878442289370333,0.4087035794885702,Saint Lucia,Saint Lucia,103.0,0.748
Trinidad and Tobago,TTO,100,0.6774726689453412,0.6389100512362956,0.5953475813238585,0.9698852493216554,0.554928513739987,0.4051502504470638,Trinidad and Tobago,Trinidad and Tobago,72.0,0.807
Bosnia and Herzegovina,BIH,101,0.6771440179299697,0.5551784549367037,0.639641061367944,0.9536605766937654,0.4369232377710878,0.5206479690141566,Bosnia and Herzegovina,Bosnia and Herzegovina,74.0,0.804
Suriname,SUR,102,0.6755136727335139,0.561172133721011,0.5344943082649822,0.9510230994939738,0.5345317545518329,0.6237431590063406,Suriname,Suriname,114.0,0.722
Mexico,MEX,103,0.6741498930996472,0.6338007140578402,0.6450716922065358,0.9705042405329932,0.3856978439061826,0.4549491019071807,Mexico,Mexico,81.0,0.789
Ecuador,ECU,104,0.671948046635937,0.6224054367889296,0.6482765164283879,0.9216198380685882,0.4001797523352178,0.5247442250511235,Ecuador,Ecuador,88.0,0.777
Belarus,BLR,105,0.669235576295131,0.6179441394822079,0.6042195986908943,0.998503371901932,0.3696046972192177,0.4745571105745318,Belarus,Belarus,65.0,0.824
Guyana,GUY,106,0.6671331163505141,0.5655356086289692,0.529897428006951,0.9412319218702256,0.5311436099972099,0.5971280601658848,Guyana,Guyana,89.0,0.776
Belize,BLZ,107,0.6665206281761193,0.5701811366888058,0.5675440464870385,0.9135130378689688,0.5675846656085834,0.5336512623943276,Belize,Belize,115.0,0.721
Dominican Republic,DOM,108,0.6662830565304796,0.6065656383751594,0.5370542318463837,0.9486727830847363,0.5847538297403497,0.481302091683834,Dominican Republic,Dominican Republic,89.0,0.776
Tuvalu,TUV,109,0.666193915278038,0.6027659797746551,0.4793865731982535,0.9550826100210632,0.7057834782615968,0.4647269373035854,Tuvalu,Tuvalu,129.0,0.689
Jordan,JOR,110,0.6637134141422327,0.491903810780298,0.6511701879433689,0.9829686963935754,0.5507400019174091,0.2778024498367216,Jordan,Jordan,100.0,0.754
Azerbaijan,AZE,111,0.6584408550426643,0.6007251055780384,0.5957100083898041,0.9842200196727614,0.5115578368264503,0.3177044036141543,Azerbaijan,Azerbaijan,81.0,0.789
Cabo Verde,CPV,112,0.658182332064937,0.5397549657136865,0.6386747342835766,0.892319729412565,0.6719426414739371,0.2941140010909024,Cabo Verde,Cabo Verde,135.0,0.668
Kazakhstan,KAZ,113,0.6578419550338768,0.6072537024024488,0.6145789958039083,0.9811303973228872,0.5073457010317916,0.2820127446721635,Kazakhstan,Kazakhstan,60.0,0.837
Armenia,ARM,114,0.6559443805918425,0.5397274347056856,0.6538857093558141,0.976088565049607,0.454074646571128,0.2991210520931887,Armenia,Armenia,69.0,0.811
Argentina,ARG,115,0.6558234706855492,0.2814596168173046,0.6888291163109515,0.9588910894663552,0.5290738335172684,0.3600024816202434,Argentina,Argentina,47.0,0.865
Jamaica,JAM,116,0.6553821822187694,0.6207921664101665,0.5276284754619633,0.8962687758677506,0.5915793251814027,0.5159792760108557,Jamaica,Jamaica,117.0,0.72
Indonesia,IDN,117,0.6543112612355533,0.6207051889933529,0.5689633389108226,0.8970570701101216,0.4985084156998683,0.5177223818330298,Indonesia,Indonesia,113.0,0.728
Russian Federation,RUS,118,0.6530626446124131,0.6316804445521108,0.5822762692272867,0.9549967396146593,0.3634308069742165,0.4946538430565725,Russian Federation,Russian Federation,64.0,0.832
Moldova,MDA,119,0.6496569445892084,0.6382912567127018,0.5712887270732299,0.9134326702474294,0.5282253553749726,0.407850642769964,Moldova (Republic of),Moldova (Republic of),86.0,0.785
Tunisia,TUN,120,0.6441433340705476,0.4963440506453261,0.6341648117544422,0.9776286958900896,0.4303903894861436,0.309415455264892,Tunisia,Tunisia,105.0,0.746
Morocco,MAR,121,0.6397794178552991,0.565491284027065,0.6064296809069378,0.914191360236206,0.4984865553125463,0.3484732920851166,Morocco,Morocco,120.0,0.71
Marshall Islands,MHL,122,0.6395908198682314,0.6043662207312585,0.4607087191825579,0.8566903374557301,0.6905845005088603,0.5356453715152679,Marshall Islands,Marshall Islands,108.0,0.733
Uzbekistan,UZB,123,0.6369550946023226,0.5969802555116902,0.5819901095297166,0.9731210134659848,0.4836435849540285,0.2545146293955923,Uzbekistan,Uzbekistan,107.0,0.74
Ukraine,UKR,124,0.6362433584202957,0.551942947260447,0.5815724310408706,0.9577487175372702,0.4133131551027517,0.3817049723693062,Ukraine,Ukraine,87.0,0.779
"Venezuela, RB",VEN,125,0.6322419104556856,0.5990320434847066,0.5873290221947443,0.959474880985602,0.1307023845471423,0.5912811831402643,Venezuela (Bolivarian Republic of),Venezuela (Bolivarian Republic of),121.0,0.709
Kyrgyz Republic,KGZ,126,0.6317043943027405,0.6119253862924893,0.562262472409647,0.9683628887244294,0.3690464747983621,0.3731151740900951,Kyrgyzstan,Kyrgyzstan,117.0,0.72
Nepal,NPL,127,0.6307505632507994,0.5435528808470415,0.5315130763555971,0.893935941559653,0.4261372848891815,0.5655998470542865,Nepal,Nepal,145.0,0.622
Lao PDR,LAO,128,0.6295212981939253,0.6079275294591399,0.3852218964259323,0.9243281913333308,0.4889885458805234,0.683434913587693,Lao People's Democratic Republic,Lao People's Democratic Republic,147.0,0.617
Nicaragua,NIC,129,0.6289479665780803,0.5985746427591148,0.5364458148312674,0.9176648738215348,0.3362940234186879,0.5494212812901663,Nicaragua,Nicaragua,123.0,0.706
Algeria,DZA,130,0.6283275529926379,0.5383022278358303,0.6707469952170879,0.90831006674238,0.4210872757058946,0.2507808017688682,Algeria,Algeria,96.0,0.763
Philippines,PHL,131,0.6272971876631974,0.6287497661504945,0.5042760517148407,0.9237207475928044,0.4541998821768707,0.4526212595288264,Philippines,Philippines,117.0,0.72
Turkmenistan,TKM,132,0.6245608558293372,0.614654146462653,0.5384064804414883,0.998611803436609,0.3763543408198972,0.303578699311054,Turkmenistan,Turkmenistan,95.0,0.764
India,IND,133,0.6212115051659166,0.6057204956155258,0.5170369241313871,0.9142835655113484,0.5149488003636147,0.3600065910466743,India,India,130.0,0.685
Honduras,HND,134,0.6172302302973829,0.5999478407249916,0.4448674927264391,0.9165212210530398,0.3653708171080045,0.6267547301655957,Honduras,Honduras,139.0,0.645
Gabon,GAB,135,0.6155970263876589,0.463819462562876,0.5054848795467966,0.7617254680940683,0.3932971813160388,0.8670493242780402,Gabon,Gabon,108.0,0.733
Vanuatu,VUT,136,0.6127740184429874,0.5897350260865323,0.690153107011414,0.6038905494244088,0.5941630434495352,0.509753082574381,Vanuatu,Vanuatu,146.0,0.621
El Salvador,SLV,137,0.6125243078638589,0.6237554724118678,0.4666600165566601,0.9061113092550248,0.4787010962722686,0.4434146562555086,El Salvador,El Salvador,132.0,0.678
Tajikistan,TJK,138,0.6067945082472319,0.5790882702036179,0.5405469709238166,0.9290573920501446,0.3886528644734121,0.3313762844244665,Tajikistan,Tajikistan,128.0,0.691
Timor-Leste,TLS,139,0.6062025796033921,0.6338855863346682,0.4704485155608614,0.8336977530750996,0.4720535687788668,0.5384140337487129,Timor-Leste,Timor-Leste,142.0,0.634
Mongolia,MNG,140,0.6060322277423755,0.5991179880535572,0.5798805882185273,0.832287781777261,0.543534109225922,0.2729320103626337,Mongolia,Mongolia,104.0,0.747
"Iran, Islamic Rep.",IRN,141,0.6058241775951577,0.5307541215128974,0.6278984347251562,0.9533875556844844,0.2763150408644644,0.2461047479420406,Iran (Islamic Republic of),Iran (Islamic Republic of),75.0,0.799
Cambodia,KHM,142,0.6000992957243055,0.6494443367302889,0.4325532748467119,0.831535239497629,0.452807348728867,0.586714702924296,Cambodia,Cambodia,151.0,0.606
Guatemala,GTM,143,0.597243595671507,0.6277801263356867,0.4331439809053615,0.8574736445706227,0.3880955393499387,0.5937730966176814,Guatemala,Guatemala,137.0,0.662
Lebanon,LBN,144,0.596830410432314,0.4829929479520556,0.5605286299513578,0.9586744845975405,0.2710914410179128,0.3473764341316799,Lebanon,Lebanon,102.0,0.752
Nauru,NRU,145,0.5952975907514234,0.6111802002646525,0.4039954087685211,0.8821792008061209,0.6537956801084207,0.3350522389086834,Nauru,Nauru,124.0,0.703
Bolivia,BOL,146,0.5941363674074244,0.6161922537478263,0.5021930949902371,0.8593623657520655,0.3605185764589547,0.4664847822740517,Bolivia (Plurinational State of),Bolivia (Plurinational State of),108.0,0.733
"Egypt, Arab Rep.",EGY,147,0.5899006344637443,0.5474537245421298,0.5319634306287657,0.9751628795753384,0.4064336310762744,0.1470154952457261,Egypt,Egypt,100.0,0.754
Solomon Islands,SLB,148,0.5893097374486903,0.6321022323492692,0.5397419883284175,0.5439651236140507,0.5529571752459147,0.7869586956275719,Solomon Islands,Solomon Islands,156.0,0.584
"Congo, Rep.",COG,150,0.5807460201310696,0.4563008363372258,0.4660962661515296,0.7872913713550092,0.3522280662502699,0.708436235385632,Congo,Congo,138.0,0.649
Iraq,IRQ,151,0.5794286351469914,0.5270002443718057,0.5668903154892988,0.986187766925341,0.1997936927074204,0.2055742138620387,Iraq,Iraq,126.0,0.695
Botswana,BWA,152,0.579185090758778,0.4249197742647403,0.4467820598503397,0.769100032446409,0.6834380926065493,0.4627518116819797,Botswana,Botswana,111.0,0.731
Kiribati,KIR,153,0.5717107114107168,0.5990182439612507,0.4678257152078675,0.6732028558958124,0.6729262517108863,0.4570758528456987,Kiribati,Kiribati,140.0,0.644
Bangladesh,BGD,154,0.5705265739445169,0.6028848532817911,0.5148499515570759,0.8715136868545792,0.3136025329826652,0.3152574476362768,Bangladesh,Bangladesh,130.0,0.685
Equatorial Guinea,GNQ,155,0.5680189743499666,0.5735372830239517,0.4332201127399421,0.8422596588814363,0.3273522830221924,0.5261231473855272,Equatorial Guinea,Equatorial Guinea,133.0,0.674
West Bank and Gaza,PSE,156,0.5650010012749827,0.340112474772848,0.5051013504105495,0.9913847161327152,0.243579396716766,0.3033801621813572,"Palestine, State of","Palestine, State of",133.0,0.674
Sao Tome and Principe,STP,157,0.5628165275629711,0.5459780300405158,0.5273604680220965,0.629034183411977,0.5041656209274185,0.5711699065972309,Sao Tome and Principe,Sao Tome and Principe,141.0,0.637
South Africa,ZAF,158,0.5562854943599442,0.3392548818323679,0.507941919569817,0.8217324159255623,0.4852076010870305,0.3378437691002601,South Africa,South Africa,106.0,0.741
Myanmar,MMR,159,0.5385205045421011,0.6192290909041835,0.4832640522289886,0.7480773119630156,0.1278542571906156,0.5867803174365941,Myanmar,Myanmar,150.0,0.609
Eswatini,SWZ,160,0.5238565718306165,0.3154776191152197,0.4388380902680319,0.7182120474949422,0.3655348197717055,0.6024236374963099,Eswatini (Kingdom of),Eswatini (Kingdom of),126.0,0.695
"Gambia, The",GMB,161,0.5228840560686008,0.571840143465258,0.5132626713037691,0.6238072169273464,0.4756108941616127,0.3549162741899899,Gambia,Gambia,170.0,0.524
Libya,LBY,162,0.5226256977067529,0.4702435982805024,0.5464427604080107,0.8439088786011965,0.16212348010101,0.2278488277385937,Libya,Libya,115.0,0.721
Eritrea,ERI,163,0.5214003850086087,0.5974535549085341,0.3548563422806827,0.7982145566967991,0.2425089766273997,0.5290494222026721,Eritrea,Eritrea,178.0,0.503
Ghana,GHA,164,0.519987886787069,0.5927443639523753,0.4067123793517122,0.6563500550699614,0.5577991946950394,0.3874989390738227,Ghana,Ghana,143.0,0.628
Comoros,COM,165,0.5148339732341147,0.6078408290539878,0.3601814211263194,0.7275354822367662,0.3515134080781021,0.500052054053833,Comoros,Comoros,152.0,0.603
Senegal,SEN,166,0.5147154567533686,0.6239856066495805,0.3554176863010941,0.7077560634296054,0.5320259698732771,0.3570725045880604,Senegal,Senegal,169.0,0.53
Rwanda,RWA,167,0.5096797539118184,0.5391930811635587,0.3564001086618703,0.6032901424605491,0.5788688626937285,0.5401536070311832,Rwanda,Rwanda,159.0,0.578
Pakistan,PAK,168,0.5029406015500616,0.5805477397990689,0.3513367761924042,0.8317107418178445,0.2643052477680531,0.335505233345814,Pakistan,Pakistan,168.0,0.544
Namibia,NAM,169,0.5017449948370232,0.4640175212558092,0.4553894621562271,0.5496510121693762,0.6235544761783286,0.4019861932467466,Namibia,Namibia,136.0,0.665
Syrian Arab Republic,SYR,170,0.4985114879085812,0.5177324262447472,0.3953033139381094,0.912502696744354,0.0977785808856462,0.2648643663101375,Syrian Arab Republic,Syrian Arab Republic,162.0,0.564
Zambia,ZMB,171,0.4831043291800621,0.572910434580127,0.3588027734844247,0.4574094185462223,0.4562840898591034,0.750046764226599,Zambia,Zambia,154.0,0.595
Djibouti,DJI,172,0.4786592856663337,0.3999159760402364,0.4692504937580828,0.6493510726258961,0.38880485140409,0.2984432695766862,Djibouti,Djibouti,175.0,0.513
Angola,AGO,173,0.478172526309341,0.4771498809214047,0.3146732301035021,0.6355893161026664,0.3530410529306507,0.6161507761050157,Angola,Angola,148.0,0.616
Kenya,KEN,174,0.4703034098310684,0.593043384641373,0.4051854642040258,0.5180231515263831,0.3849716571623156,0.5086049204897413,Kenya,Kenya,143.0,0.628
Uganda,UGA,175,0.4626411002983376,0.6200275819951991,0.5051082553549694,0.3543914048393576,0.3851053174297464,0.5668176428403845,Uganda,Uganda,157.0,0.582
Zimbabwe,ZWE,176,0.4555333615911062,0.411459906658691,0.4200068806766693,0.4531384902639854,0.3005067378205472,0.7157849931330573,Zimbabwe,Zimbabwe,153.0,0.598
"Yemen, Rep.",YEM,177,0.4485587887919108,0.4909912556782923,0.5200476816307837,0.67555863912956,0.0464264212466425,0.2254253587265472,Yemen,Yemen,184.0,0.47
Cote d'Ivoire,CIV,178,0.4453583870191117,0.6262665623552007,0.3169134016160798,0.5632352717666442,0.4140539254940445,0.377193599631118,Côte d'Ivoire,Côte d'Ivoire,157.0,0.582
Cameroon,CMR,179,0.4444255853528985,0.6108266441357736,0.2801365229793651,0.556362976753617,0.2696117221048476,0.6130087513579957,Cameroon,Cameroon,155.0,0.588
Mozambique,MOZ,180,0.4439403230236015,0.5805181970103092,0.43150961120206,0.3731716075480905,0.2651164524306593,0.6981111322195104,Mozambique,Mozambique,182.0,0.493
Guinea-Bissau,GNB,181,0.4411437474211638,0.6202096984015544,0.4386811635214374,0.328183076612337,0.3008552641376027,0.6929014394682381,Guinea-Bissau,Guinea-Bissau,174.0,0.514
Tanzania,TZA,182,0.4396187855905277,0.6319617635316557,0.2775332599000417,0.4009499998428786,0.4553714206933452,0.697146121403228,Tanzania (United Republic of),Tanzania (United Republic of),165.0,0.555
Lesotho,LSO,183,0.4366496965241125,0.4845592205238658,0.3373692559199057,0.542170495919158,0.4477772806540649,0.3811017121459806,Lesotho,Lesotho,167.0,0.55
Sudan,SDN,184,0.4303732815085223,0.3791459554396639,0.4742564569744534,0.5707355254276477,0.1183156875452894,0.4080915874142145,Sudan,Sudan,176.0,0.511
Guinea,GIN,185,0.4280899780757092,0.5907490536412053,0.3861107034122164,0.4435061064366754,0.3113435951204359,0.4895232699257048,Guinea,Guinea,179.0,0.5
Haiti,HTI,186,0.4237217320887951,0.4727091989951009,0.452255327101878,0.4264980498776745,0.1784309206452536,0.5737344066575418,Haiti,Haiti,166.0,0.554
Ethiopia,ETH,187,0.4218515756102788,0.5887014612297313,0.4912359309559988,0.2793890005806461,0.2721053598232658,0.6065209736854819,Ethiopia,Ethiopia,180.0,0.497
Afghanistan,AFG,188,0.4137833832442777,0.5277783491887105,0.3641524019696037,0.6796598604233811,0.0811256655541953,0.2379534651625463,Afghanistan,Afghanistan,181.0,0.496
Liberia,LBR,189,0.4122822704657946,0.6110621272055702,0.2314667217090353,0.3673542444373799,0.3688613799434126,0.7746704060653403,Liberia,Liberia,177.0,0.51
Malawi,MWI,190,0.411632428159649,0.5556363933737378,0.3101131896957052,0.3741775981524126,0.4530796984827166,0.5521306513028832,Malawi,Malawi,172.0,0.517
Sierra Leone,SLE,191,0.4093806700549576,0.579870325094217,0.384215111050084,0.3280884308370968,0.375035652476531,0.54298151405268,Sierra Leone,Sierra Leone,185.0,0.467
Togo,TGO,192,0.406546634305315,0.6283864018049844,0.3237797385241484,0.3954792598425667,0.3760192333031433,0.4768493974622038,Togo,Togo,161.0,0.571
Mauritania,MRT,193,0.3953663820118628,0.549816602664187,0.3262053426248386,0.553494480462598,0.3815590110754152,0.128272821052673,Mauritania,Mauritania,163.0,0.563
Papua New Guinea,PNG,194,0.3928690969043369,0.6272787678980288,0.339405528184252,0.1936535543857706,0.3854290405174208,0.7493942617727608,Papua New Guinea,Papua New Guinea,160.0,0.576
Benin,BEN,195,0.3867646700604099,0.6342570828355126,0.228824436083344,0.4017517875346018,0.4707861606368954,0.4236544706396041,Benin,Benin,173.0,0.515
Mali,MLI,196,0.3835305920409879,0.6184377716321731,0.2094467063183308,0.5747356806081582,0.1739044825120363,0.4023095094867895,Mali,Mali,188.0,0.419
Nigeria,NGA,197,0.3804726084720704,0.5741359024491328,0.1402888099671026,0.5775625633251696,0.2393737956080343,0.4786502459884681,Nigeria,Nigeria,164.0,0.56
Madagascar,MDG,198,0.3622537103271846,0.6102476464358676,0.2435492523561475,0.2403062709646349,0.376995402383084,0.663486522199337,Madagascar,Madagascar,183.0,0.487
Burundi,BDI,199,0.3595174084122338,0.612412359997985,0.2780222369592758,0.3060101496944533,0.2642513400849794,0.5561917026904645,Burundi,Burundi,187.0,0.439
"Somalia, Fed. Rep.",SOM,200,0.3140891624367722,0.4632541587228836,0.0679806666248195,0.4903048893548448,0.0541819098459947,0.6143386219579025,Somalia,Somalia,192.0,0.404
"Congo, Dem. Rep.",COD,201,0.3047048630843939,0.6035914219335471,0.2847103063971092,0.0809528468103504,0.1301128061336692,0.7675323600583391,Congo (Democratic Republic of the),Congo (Democratic Republic of the),171.0,0.522
Central African Republic,CAF,202,0.2984542870385014,0.5880979660962115,0.3353762862381531,0.0609301928503268,0.1539287324209339,0.6510882455946415,Central African Republic,Central African Republic,191.0,0.414
Burkina Faso,BFA,203,0.287057885339095,0.611900737773731,0.1903003468404213,0.2113538454353605,0.2663451660712857,0.4361318597886303,Burkina Faso,Burkina Faso,186.0,0.459
South Sudan,SSD,204,0.2551443067354008,0.4085778298169097,0.4313416730004253,0.0362191055123816,0.115371758695362,0.3780835093037558,South Sudan,South Sudan,193.0,0.388
Niger,NER,205,0.2450043758737663,0.6342102952871226,0.1598964486906307,0.1659970912122323,0.280336239574509,0.2784323229201251,Niger,Niger,188.0,0.419
Chad,TCD,206,0.2136044050238552,0.6281807558878708,0.0743637769944128,0.11926263726861,0.2150280800671616,0.4029612876405798,Chad,Chad,190.0,0.416
