Country,Country Code,gdp_per_capita,inflation,unemployment_rate,life_expectancy,secondary_enrollment,electricity_access,drinking_water_access,sanitation_access,government_effectiveness,political_stability,rule_of_law,forest_area,pm25_exposure,renewable_energy,cluster
Afghanistan,AFG,413.757894705303,-6.60118564073725,13.687,66.289,59.6136016845703,85.3,80.8324374493852,54.4957993646086,-1.9339966,-2.2052112,-1.93548869999999,1.85278199408184,46.0870936659706,20.0,3
Albania,ALB,11377.7757431099,2.21587375089991,10.689,79.776,108.355392456055,100.0,95.1194270680062,99.2997151439025,0.3123437,0.0204668,-0.1185025,28.7919708029197,15.7070036417042,41.9,2
Algeria,DZA,5752.99076651465,4.04611455313434,11.655,76.475,105.164131811213,100.0,92.4200285933986,85.9064861325463,-0.2511914,-0.6935882,-0.6967772,0.830314224054683,25.5526558310447,0.1,3
American Samoa,ASM,18017.4589383973,3.117463837096035,5.1895,72.992,92.65956406180274,100.0,100.0,62.119697982607,0.767382,1.2530285,1.0865813,85.2,6.71514739512663,0.4,2
Andorra,AND,49303.6491674336,3.117463837096035,5.1895,84.188,101.923820495605,100.0,100.0,100.0,1.1590368,1.5437957,1.4099048,34.0425531914894,9.08028059086901,18.7,1
Angola,AGO,2665.87444776753,28.2404948915772,14.02,64.805,51.4839046246776,51.1,67.9607422242112,92.9912822357176,-0.785190899999999,-0.5735964,-1.1697408,52.0912696719339,25.1452381976267,52.9,0
Antigua and Barbuda,ATG,23542.4526945578,6.19886698842115,5.1895,77.766,108.880778588808,100.0,98.9227269324043,99.6057190215246,0.4299698,1.0731489,0.6017732,18.0134090909091,19.6982695582914,0.9,1
Argentina,ARG,13969.7836603737,219.883929014578,7.15,77.543,105.574584297051,100.0,97.0965711084738,92.9912822357176,0.1837479,-0.169745999999999,-0.2513801,10.3212951412107,14.9081737974407,9.2,2
Armenia,ARM,8556.21406956719,0.269511978259125,12.405,78.319512195122,90.9458714101262,100.0,99.9315721509168,93.6649426520095,-0.3640294,-0.723297299999999,-0.1423943,11.6183158247114,30.5796334750125,9.1,3
Aruba,ABW,39498.5941293797,3.117463837096035,5.1895,76.5,124.379366731084,100.0,97.0965711084738,98.8400017151311,0.6567856,1.3302095,1.22006,2.33333333333333,20.0287144500145,8.8,1
Australia,AUS,64603.9856308464,3.16656665428797,3.942,83.0512195121951,131.931564331055,100.0,99.9696359649334,100.0,1.8090452,0.7932693,1.4704014,17.4213145571644,8.25171746070811,12.3,1
Austria,AUT,58268.8787651601,2.93791574279375,5.2,81.9951219512195,100.622657775879,100.0,99.9999971947745,99.9721024074429,1.5145106,0.4915979,1.6777399,47.2402653902084,10.9335136815146,36.0,1
Azerbaijan,AZE,7283.8499076179,2.21217188919901,5.648,74.576,91.1228035886648,100.0,97.6880841665339,98.9785069136854,0.1661183,-0.1404058,-0.4853711,14.1119540229885,21.7269999756599,1.3,2
"Bahamas, The",BHS,39455.4466548546,0.409162489083286,9.049,74.71,79.4858750299258,100.0,97.0965711084738,92.9912822357176,0.7092986,1.0493095,0.2509955,50.9350649350649,18.9393918728687,1.1,2
Bahrain,BHR,29653.5682731534,0.919635459817651,1.084,81.423,98.8139181413527,100.0,99.9198990209829,100.0,0.6002525,-0.2758672,0.1679373,0.95,58.4950629834781,0.0,1
Bangladesh,BGD,2593.41611680774,10.4657482763412,3.635,74.93,64.2997191043961,99.5,98.7825421934741,67.6171751221237,-0.618974599999999,-1.46295089999999,-0.9600594,14.4899215263887,42.3813762359965,25.0,3
Barbados,BRB,26544.8707282621,1.44643664306159,6.448,76.332,104.371182990274,100.0,99.1626347450814,98.0924623115578,0.60457,1.2722219,0.7277751,14.6511627906977,23.7309657842996,5.5,1
Belarus,BLR,8317.63399913792,5.78531910427998,3.458,74.3653414634147,94.7902702871216,100.0,99.8924920429612,99.7473526999237,-0.7015463,-0.3773003,-1.2305997,43.4080686559958,14.6089903841381,8.2,2
Belgium,BEL,56614.5679499036,3.14349136500041,5.7,82.3,142.960266113281,100.0,100.0,99.486220664134,1.1947395,0.1214526,1.282799,22.604446776415,11.2160664677018,11.7,1
Belize,BLZ,7681.24400583113,3.28955985952768,8.698,73.739,86.4571583269413,99.6,94.8473253067341,84.3017658171591,-0.129095,0.7847219,-0.39715,54.5186321788689,28.6518070195516,30.8,2
Benin,BEN,1485.38018885134,1.16093089640415,1.637,60.961,43.5606498718262,57.0,69.5868397867067,22.248968702791,-0.1854211,-0.4030099,-0.4124793,26.4734835047889,51.0478241974862,54.5,0
Bermuda,BMU,142855.374713782,3.117463837096035,5.1895,82.49,74.3967514038086,100.0,100.0,99.9416526015971,1.4756305,0.9711697,0.8001056,18.5185185185185,7.33600052500811,0.9,1
Bhutan,BTN,3831.32535494609,2.76131569624097,3.282,73.262,86.1810001963554,100.0,99.5465791835972,86.8421082075035,0.5808357,1.3541153,0.7902665,71.60513896172,23.9456576369223,82.5,2
Bolivia,BOL,4421.16609889999,5.09976568317427,3.274,68.739,90.5272216796875,99.8,93.3877494672031,71.5839204142996,-0.6104172,-0.5460357,-1.267722,46.3457431920982,22.879459074231,12.8,2
Bosnia and Herzegovina,BIH,9358.78768951134,1.69212733599723,10.69,78.044,87.8663787841797,100.0,96.0873127231219,92.9912822357176,-0.6353163,-0.5010614,-0.319134,42.7326171875,26.6019532713554,36.6,2
Botswana,BWA,7695.75319445165,2.81835131676251,23.81,69.293,70.6292572021484,76.0,91.7713640807246,72.115456599001,0.4168893,1.0322942,0.3120842,26.2908263194114,18.9057549925814,27.4,3
Brazil,BRA,10310.5488778166,4.36746407652336,6.801,76.023,104.144660949707,99.8,99.9999987323028,92.4012701604853,-0.224002999999999,-0.5205702,-0.446218,58.9818729765235,12.1793252040724,46.5,2
Brunei Darussalam,BRN,33153.4738913513,-0.38867416503646,5.18,75.501,91.8381544399811,100.0,100.0,100.0,0.8351988,1.2027245,0.5876078,72.1062618595825,7.59726503432135,0.0,1
Bulgaria,BGR,17596.0173663521,2.44651943006078,4.2,75.7609756097561,94.7816314697266,100.0,99.1852515713458,86.0765607063355,0.0428203,0.0399268,-0.0333423,36.2196020633751,17.1474236131426,20.4,2
Burkina Faso,BFA,981.992649769081,4.19081721344523,3.441,61.292,29.9905774531085,21.7,49.9986600107497,31.7963485938203,-0.8748674,-1.9063314,-0.883858599999999,22.172514619883,58.4706762025055,71.4,0
Burundi,BDI,219.424830882698,20.2124925027847,0.915,63.818,44.9151717353101,11.6,65.9191041847553,44.6339890793582,-1.0060869,-1.3763566,-1.3028277,10.8894080996885,29.6541345084659,83.0,0
Cabo Verde,CPV,5192.48157325878,1.0481698336865,11.883,76.224,96.4315940376876,98.6,92.2800892661912,83.1279216157097,0.4151952,0.7695825,0.424201,11.5682382133995,42.3225220905558,21.8,2
Cambodia,KHM,2627.87969756224,0.808042016536654,0.254,70.817,58.7893230437643,95.0,82.8497572939701,83.3359328714314,-0.293501299999999,0.1284232,-1.0562612,43.0619759800589,24.1436022803452,52.4,2
Cameroon,CMR,1830.00833684727,4.53331349711606,3.603,63.968,44.840795775403,72.0,71.410178711283,47.0729484414837,-0.800788699999999,-1.55680399999999,-1.2537215,42.6741130925938,39.8126251004519,79.2,0
Canada,CAN,54340.3477224733,2.38158383281173,6.351,82.1080487804878,104.320877075195,100.0,98.2902608624259,98.5878834990178,1.7591249,0.5984769,1.4608299,39.4617117321106,6.56566994375263,23.8,1
Cayman Islands,CYM,99143.5180243123,3.117463837096035,5.1895,80.54,84.7603098178773,100.0,95.4601226993865,83.2442168711656,1.1842501,1.4607897,0.8301334,52.4720833333333,20.0287144500145,0.0,1
Central African Republic,CAF,516.160999996036,1.47733600718743,6.253,57.671,92.65956406180274,17.6,36.5040268237207,14.0362838980325,-1.57655,-1.83294689999999,-1.7147975,35.6560403223217,34.4334184466457,90.9,0
Chad,TCD,961.55975562506,8.89950732263754,1.053,55.238,23.49298947746,12.0,52.2090525523694,13.1415290614475,-1.1005006,-1.77893219999999,-1.4446512,3.16103105146125,49.1388484128027,70.0,0
Chile,CHL,16709.8893972307,4.29763891572524,8.718,81.359,105.608551025391,100.0,99.0811612150969,99.9999955987514,0.964461,0.1213566,0.6910553,25.0116461113584,23.2750668049145,24.2,1
China,CHN,13303.1481543868,0.218128938439177,4.59,78.017,92.65956406180274,100.0,96.1224151867516,97.2718787578263,0.8957842,-0.153336399999999,-0.579319799999999,24.0319389958256,34.8105237153218,15.2,2
Colombia,COL,7919.20886825345,6.60908593728228,9.619,77.913,101.573776245117,98.7,97.0965711084738,96.5820151977995,-0.111099099999999,-0.9708732,-0.5597434,52.7661596214511,14.1832514905064,29.7,2
Comoros,COM,1662.75663312504,5.05192609588218,3.815,67.023,54.8057289123535,89.8,85.0539278589302,57.2230888156822,-1.2085975,-0.221274299999999,-1.1308597,16.9801182160129,11.9332724091044,39.3,2
"Congo, Dem. Rep.",COD,649.383338556725,3.117463837096035,4.421,62.074,55.4860992431641,22.1,35.6813611952254,16.3033122368932,-1.6934449,-2.1191762,-1.6266053,54.1898572594341,26.6494833206385,96.3,0
"Congo, Rep.",COG,2482.2489948456,3.09143630919166,19.895,66.001,92.65956406180274,51.3,97.0965711084738,92.9912822357176,-1.110638,-0.2584147,-1.1785603,64.1317715959004,28.5737499496554,71.4,3
Costa Rica,CRI,18587.1532203482,-0.412853001047069,6.936,80.996,121.810760498047,100.0,99.8154123406248,98.7888406524124,0.2868975,1.1756544,0.6167412,60.3991382687035,14.3075712471404,34.2,1
Cote d'Ivoire,CIV,2727.8935220697,3.45053028131018,2.273,62.11,65.3065056618336,72.4,77.2470593822361,40.4070687976128,-0.3157177,-0.8438331,-0.578144099999999,7.85551603773585,49.4977827339493,58.2,0
Croatia,HRV,24050.4397933135,2.97200477643618,5.0,78.9292682926829,105.025161743164,100.0,99.903181204483,92.9912822357176,0.7097625,0.5814089,0.3774835,34.785739814153,16.1208592960264,34.1,1
Cuba,CUB,9605.27914559614,3.117463837096035,1.755,78.264,91.7456844321038,100.0,95.1464064347704,94.7703506688301,-0.2695183,0.3155266,-0.6235716,31.233140655106,21.2367242811561,20.9,2
Cyprus,CYP,38674.29296875,1.80023018624815,4.9,81.821,106.741279602051,100.0,99.7211088299984,99.477676242612,0.8696373,0.3858613,0.6891912,18.6655844155844,13.508701890821,15.6,1
Czechia,CZE,31823.3078290564,2.43531202435314,2.6,79.9780487804878,97.6154174804688,100.0,98.7341483522106,99.0700543925256,1.1773279,0.9719006,1.1881307,34.7623883740408,14.1110711384133,17.2,1
Denmark,DNK,71026.4832271897,1.37220049768925,5.358,82.2536585365854,125.628089904785,100.0,99.9999997876119,99.5972261435858,1.9128986,0.7688761,2.0043149,15.7815,9.06983927345931,39.5,1
Djibouti,DJI,3552.72335079222,2.1120116728497,26.007,66.202,92.65956406180274,65.2,79.661532568521,67.0234840121481,-0.4930443,-0.5563593,-1.01039869999999,0.260724762726488,35.9243304831101,26.9,3
Dominica,DMA,10405.2787777582,2.56921890367725,5.1895,71.294,102.585807800293,100.0,96.9953113262366,92.9912822357176,0.1490422,1.2341643,0.3974621,63.8266666666667,20.6672998234563,8.9,2
Dominican Republic,DOM,10875.6618443092,3.30223338951227,5.312,73.868,76.3648403372637,99.6,97.4571299883182,90.1198237574984,0.0746487,0.5893402,-0.1822626,44.9887775472934,19.8267440369685,14.8,2
Ecuador,ECU,6874.705739766,1.54732515615369,3.453,77.579,92.8118025876465,98.7,92.0708709697554,91.204340143216,-0.2196127,-0.7210909,-0.9650369,49.5450958286359,16.6570210758922,18.9,2
"Egypt, Arab Rep.",EGY,3338.47371395895,28.2705899322082,6.817,71.806,84.8286031306453,100.0,97.2982426280194,97.086129419198,-0.0970579,-0.9779235,-0.751539899999999,0.0451855944547692,54.8587056496436,6.1,3
El Salvador,SLV,5579.65969165029,0.853782292567288,3.261,72.302,62.1425847697468,98.3,91.6199927341916,88.0411163426053,-0.1831795,0.0061325999999999,-0.7133592,27.5279922779923,20.0287144500145,21.9,2
Equatorial Guinea,GNQ,6745.40013244916,2.92140227309103,8.293,63.906,92.65956406180274,66.9,97.0965711084738,92.9912822357176,-1.1825117,-0.1409375,-1.54035759999999,86.3935828877005,35.3790521811967,4.2,2
Eritrea,ERI,8074.625991382481,3.117463837096035,5.947,68.893,44.0441284179688,54.4,97.0965711084738,92.9912822357176,-1.45617889999999,-0.7086146,-1.8026292,8.63010013352237,32.3515206386852,80.7,0
Estonia,EST,31428.3547816104,3.5194118998392,7.6,79.2951219512195,108.538726806641,100.0,99.9999970212441,99.0214935273124,1.2969908,0.6995763,1.4864478,57.0652937046572,6.14573290973003,38.0,1
Eswatini,SWZ,3909.55892378182,3.117463837096035,34.643,64.264,92.65956406180274,86.4,80.3737107191052,64.4605026249554,-0.7811414,-0.7327829,-0.8598771,29.1389534883721,18.7831211422857,64.7,3
Ethiopia,ETH,1133.88279681719,21.037746057771,3.357,67.603,92.65956406180274,55.4,55.5960696159493,10.3577188356734,-0.645991,-1.88497389999999,-1.04892419999999,14.9308975782695,27.3053276470482,90.6,0
Fiji,FJI,6425.74151715712,3.89084237884105,5.361,67.463,98.0927630329298,99.3,95.5603898762947,92.7542897592228,0.6089609,0.6984398,0.3057786,63.4953475643131,12.4187981716598,28.4,2
Finland,FIN,53149.7671934051,1.56568906231615,8.4,82.3365853658537,142.395156860352,100.0,99.9999966968731,99.4479455340914,1.8171611,0.8325695,2.0212705,73.7235162521384,4.89518090216668,50.2,1
France,FRA,46103.0840855884,1.99904942291462,7.4,82.9804878048781,103.78540802002,100.0,99.9999974759961,98.6443761623837,1.2007009,-0.241365399999999,0.97866,32.4764820484275,9.60038144780495,16.2,1
French Polynesia,PYF,22439.8838746025,3.117463837096035,11.613,84.192,92.65956406180274,100.0,100.0,97.5098895490704,0.0100272,1.0303397,1.0171948,43.0596369922213,20.0287144500145,7.0,1
Gabon,GAB,8230.04311451151,1.17311998381218,20.091,68.511,92.65956406180274,94.1,88.5995009085574,57.4015026293834,-0.5671547,-0.276887,-1.155705,91.1823650405558,29.9548734558765,91.3,3
"Gambia, The",GMB,871.340291776294,11.5610532897511,6.48,66.057,107.027125590442,66.9,87.1034800376148,48.1711442175538,-0.5358243,-0.0180453,-0.394193399999999,22.2792391304348,58.3640402179659,47.7,0
Georgia,GEO,9241.49122313713,1.10971758022096,11.557,74.657,100.959315536762,100.0,97.2900166595814,90.6806864880112,0.4562672,-0.6127592,0.1489667,40.6159159591308,17.0438421058507,25.2,2
Germany,DEU,56103.7323182554,2.2564981433876,3.4,80.7926829268293,100.243698120117,100.0,100.0,99.2269528917777,1.5462994,0.1242671,1.6257844,32.6789342643734,10.2876894329414,17.6,1
Ghana,GHA,2390.77237652715,22.8483281157842,2.82,65.695,75.7174682617188,89.5,89.9220116872755,31.5789404731982,0.0595796,0.0114605,0.0539695,35.1921958573042,54.2427873097724,39.0,0
Greece,GRC,24626.1481858973,2.74101875679477,10.02,81.8390243902439,105.191741943359,100.0,100.0,99.0072631280035,0.1912731,0.1394204,0.2983017,30.2699767261443,14.4089280374361,21.5,2
Greenland,GRL,58498.9707973609,3.117463837096035,5.1895,70.2734146341463,92.65956406180274,100.0,100.0,92.9912822357176,1.3528493,1.2405187,1.5744958,0.0005359970763795,6.55624754182179,11.7,1
Grenada,GRD,11705.0902976658,1.08615365134737,5.1895,75.367,100.731679432948,94.4,97.0965711084738,92.6192396904393,0.0201444,1.1992639,0.5408822,52.0588235294118,24.6572416056476,10.0,2
Guam,GUM,41833.1517132825,3.117463837096035,5.252,77.422,92.65956406180274,100.0,99.5293013959399,90.3765791487569,1.269394,0.9927487,1.0346735,51.8518518518518,9.57510553293178,6.7,1
Guatemala,GTM,6150.02571438505,2.86992752918294,2.613,72.746,49.5765804970836,100.0,93.1845373918033,71.1696950985045,-0.9093696,-0.209766899999999,-0.962274,32.5961179544606,21.6357355920496,62.1,2
Guinea,GIN,1694.95375862193,8.12313914948596,5.132,60.904,92.65956406180274,51.1,74.1924841600776,32.6496371481415,-0.8881627,-1.0377627,-1.1479306,24.6988442129253,43.7674450148382,66.6,0
Guinea-Bissau,GNB,1007.74151728028,3.76555825770114,2.647,64.254,92.65956406180274,40.5,61.8077030171668,28.9416006403664,-1.3676142,-0.618439499999999,-1.23482809999999,69.5124466571835,50.2127655060307,87.4,0
Guyana,GUY,29675.2443873316,2.90395226446373,11.874,70.319,91.4304496450171,98.9,95.6442641595321,91.3087218189458,-0.0982402,0.2164983,-0.334222099999999,87.0878369802027,25.460668047299,12.1,2
Haiti,HTI,2142.62330526788,26.9490564091987,14.609,65.119,92.65956406180274,51.3,73.3157500565915,29.1081189443114,-2.0156868,-1.2013046,-1.6033955,12.2630624092888,21.3502554448061,76.7,0
Honduras,HND,3426.43483328923,4.60621098127107,4.91,73.044,51.7639813154374,95.6,95.7293716551666,87.6717912057898,-0.6196728,-0.5671583,-1.1768036,56.2732147645008,20.3136833896573,45.9,2
"Hong Kong SAR, China",HKG,54074.6928519479,1.72972119105914,2.988,85.3926829268293,107.160326941213,100.0,100.0,94.834373461349,1.6374532,0.6310985,0.9209804,32.4330584816998,20.0287144500145,0.4,1
Hungary,HUN,23292.3263882478,3.70370370370369,4.5,76.7243902439025,107.350929260254,100.0,100.0,97.9736275561386,0.501908,0.4363288,0.1923364,22.4484341442034,14.1364995764273,15.3,1
Iceland,ISL,86040.5309851288,5.85683849970066,3.6,82.809756097561,108.911361694336,100.0,100.0,98.7780018629454,1.645973,1.2056034,1.6278886,0.528744421303184,5.10554827500189,82.4,1
India,IND,2694.73780859961,4.95303550973656,4.173,72.235,78.1058073224606,99.5,95.7247373523918,83.380872478201,0.4046051,-0.785762499999999,-0.0392287,24.5390304689576,48.3948115195574,34.9,2
Indonesia,IDN,4925.43048751861,2.18151273615189,3.301,71.288,98.836444459078,99.4,89.008759557411,88.2031685658499,0.179804,-0.609127499999999,-0.206598099999999,47.7220336902463,17.8814994983985,20.2,2
"Iran, Islamic Rep.",IRN,5190.16959024821,32.455871402917,8.146,77.854,85.1469802856445,100.0,97.8520635920898,90.458288016159,-0.7061233,-1.58118839999999,-1.2348012,6.64923611710324,32.2873733599003,0.9,3
Iraq,IRQ,6073.61032342708,-12.2969837587007,15.293,72.424,92.65956406180274,100.0,98.4076938287767,98.5047513855653,-1.1018847,-2.0642762,-1.3581614,1.90035242899592,38.1750699787954,1.1,3
Ireland,IRL,112894.953240805,2.11344999577317,4.3,83.009756097561,130.604965209961,100.0,97.0980337007013,89.7256064199387,1.6115533,0.7099699,1.5913219,11.5259108724053,8.17058601306707,12.7,1
Israel,ISR,54176.6844383302,3.07480889805025,3.595,83.1975609756098,98.5473403930664,100.0,99.9999993081787,99.9200782006513,1.1726244,-1.03750149999999,0.5997177,6.46950092421442,18.5982756348314,6.2,1
Italy,ITA,40385.3413957669,0.982373023061417,6.5,83.9512195121951,100.678756713867,100.0,99.9170340740928,99.8849043408577,0.7922891,0.3087035,0.6192043,32.8944947923712,14.6586386239905,17.5,1
Jamaica,JAM,7753.8006955432,5.41194447981659,3.151,71.606,84.4572372436523,97.7,87.5562621347732,91.6264600288818,0.1712622,0.476823,-0.0776697,56.190757156048,17.413637041591,10.5,2
Japan,JPN,32487.0778047567,2.73853681635241,2.5,84.0363414634146,101.537071228027,100.0,99.1831679675454,99.9433104207437,2.0879101,1.1343228,1.5115753,68.3957811364628,12.835201662985,8.8,1
Jordan,JOR,4618.09592498567,1.55659611283953,16.693,77.981,91.7518621587381,100.0,99.2861089236717,96.4147907489487,0.2162114,-0.3501687,0.1685335,1.09804716534901,28.7737639174179,11.5,3
Kazakhstan,KAZ,14154.6324958076,8.69082156104494,4.833,74.531,97.198884231219,100.0,97.8336528246685,97.9447423331533,0.1467641,-0.2827558,-0.3815477,1.31214516427751,20.0278724259165,2.0,2
Kenya,KEN,2132.43452097647,4.48978854243448,5.487,63.834,84.3083880306996,76.2,65.5965968528709,40.8849654611543,-0.2978904,-1.3556816,-0.464532,6.21662477880402,24.3917906517518,67.7,0
Kiribati,KIR,2288.63471423684,2.45545072159028,5.1895,66.6,90.2786712646484,95.9,79.0683447485722,45.1735078207297,-0.4343103,1.2381638,0.78601,1.45679012345679,11.2568272545112,41.9,2
"Korea, Dem. People's Rep.",PRK,8074.625991382481,3.117463837096035,3.539,73.743,92.65956406180274,57.5,93.9109177513255,84.8184516885649,-1.27131019999999,0.3220654,-1.5256661,49.5507017689561,29.9291062464217,14.7,2
"Korea, Rep.",KOR,36238.639908315,2.32174328643542,2.784,83.6292682926829,96.2539901733398,100.0,100.0,99.7293536055989,1.4867237,0.6393495,1.1174546,64.108606557377,25.9439899531653,3.6,1
Kuwait,KWT,32717.7186631255,2.89855072463762,2.151,84.580487804878,92.65956406180274,100.0,100.0,100.0,0.3278963,0.2939367,0.2308269,0.350729517396184,53.7151434413218,0.1,1
Kyrgyz Republic,KGZ,2420.18542283831,4.99760701207323,3.491,72.4,91.339996215143,100.0,94.9430591604871,98.5398995968815,-0.8885033,-0.5045251,-0.936093699999999,7.14337851929093,24.3817252281764,27.6,2
Lao PDR,LAO,2123.97909415109,23.1305695942588,1.174,69.225,51.8523602531839,96.5,95.8635794968398,88.7314131605599,-0.5819014,0.5576599,-0.742416699999999,71.4558058925477,22.3176670505669,49.2,2
Latvia,LVA,23409.0845154775,1.26579885828729,6.9,76.4292682926829,101.252647399902,100.0,98.7726032777308,92.5346142806387,0.7431802,0.6201402,1.0913835,54.9959826450265,11.6020322023647,44.0,1
Lebanon,LBN,3477.72489842684,45.2430422716718,10.985,77.945,63.7923011779785,100.0,92.6,99.2,-1.1301199,-1.3896806,-1.0853525,14.1867057673509,19.2310172881236,6.8,3
Lesotho,LSO,971.90771824829,6.10544624245032,16.34,57.798,92.65956406180274,57.3,78.0789963759688,47.8913481422717,-0.6470887,-0.2588663,-0.406586499999999,1.13702239789196,23.4391013240086,34.9,3
Liberia,LBR,851.497723870206,8.21497439118964,2.914,62.324,37.7416801452637,32.5,78.8278345445612,23.3351954904068,-1.24629299999999,-0.228549,-0.868004,78.1422342192691,42.3616590279287,92.8,0
Libya,LBY,6569.16408678648,2.12615766885025,19.085,71.121,92.65956406180274,73.2,96.3545440861619,88.4991460432787,-1.41948799999999,-1.8964767,-1.6980126,0.123327687918433,32.9707065002742,3.1,3
Liechtenstein,LIE,206780.590353385,3.117463837096035,5.1895,84.2,118.726867675781,100.0,100.0,99.95,1.6931644,1.5823538,1.7275435,41.875,20.0287144500145,56.9,1
Lithuania,LTU,29384.0189598663,0.715735835228723,6.851,77.1951219512195,104.860809326172,100.0,99.9182026791093,96.3965645962382,1.2014922,0.9394441,1.3742358,35.2301501597444,9.21893860360944,33.2,1
Luxembourg,LUX,137781.681659123,2.05113269954859,6.4,83.1951219512195,108.577438354492,100.0,100.0,97.6011739095936,2.0397137,1.0730532,1.7617682,34.4538272103664,8.67476189540246,20.5,1
"Macao SAR, China",MAC,72004.7437020733,0.672498598854365,2.262,83.3317073170732,94.6616766467066,100.0,100.0,100.0,1.1159269,1.053872,0.8520978,32.4330584816998,20.0287144500145,11.0,1
Madagascar,MDG,544.987501003384,7.61335784313723,3.051,63.835,34.1320359801924,39.4,55.3389608321256,15.3671469967754,-0.8631928,-0.4805584,-0.8827065,21.2962600550017,12.7535199510191,83.1,0
Malawi,MWI,522.570393642547,32.1796504225025,5.051,67.561,36.644092994481,15.6,73.0535741738591,49.2322090448262,-0.7257604,-0.3802084,-0.1463001,22.4406024607552,23.6983194353464,62.9,0
Malaysia,MYS,11874.4273684245,1.834100204499,3.846,76.821,80.2757406864183,100.0,97.9424657751403,96.019999368878,0.9147725,0.3847799,0.3451357,57.7190381981434,16.1938532237922,7.5,2
Maldives,MDV,13379.3513577224,1.39979779674928,4.278,81.285,79.3565296847573,100.0,99.7584782998402,99.7013015304493,-0.221286999999999,-0.0544563,0.0443492,2.75167785234899,12.0123911668511,1.2,2
Mali,MLI,1094.61949265799,3.2063986409966,2.924,60.675,38.9389470920545,54.5,86.3633567815443,47.7561676952566,-1.2871409,-2.49096199999999,-1.0943496,10.896663634352,56.7830489222988,71.1,0
Malta,MLT,43898.5781808597,1.65079469283109,3.1,82.9560975609756,103.027229309082,100.0,100.0,100.0,0.622496,0.8049169,0.72718,1.4375,11.7226648774147,8.6,1
Marshall Islands,MHL,7726.33668877794,3.117463837096035,5.1895,67.075,85.7558637219654,100.0,87.4448539274847,78.9585640543577,-0.2909441,1.2772187,0.8357246,52.2222222222222,10.7256194470999,12.2,2
Mauritania,MRT,2110.12036938187,2.49164347481972,10.257,68.713,36.0277030077074,50.3,77.2846491375388,58.676920295931,-0.741247299999999,-0.5595872,-0.863509899999999,0.287611138061512,70.8224442103687,19.6,0
Mauritius,MUS,11990.7798944837,3.6045220384796,5.548,73.7890243902439,90.7246586359898,100.0,99.9265458263134,97.3737391141644,0.7653533,0.7903521,0.638614,19.4742113169755,9.15296880580014,8.6,1
Mexico,MEX,14185.7812248529,4.72225588452932,2.678,75.264,103.093322753906,99.7,99.5413676283293,92.9912822357176,-0.2199329,-0.7154541,-1.15386449999999,33.5959176419147,14.9923440243315,13.0,2
"Micronesia, Fed. Sts.",FSM,4166.00476748564,5.40874375479067,5.1895,67.357,92.65956406180274,86.9,97.0965711084738,92.9912822357176,-0.1847801,1.499468,0.9769408,92.1571428571429,12.1144203347628,2.0,2
Moldova,MDA,7576.19589413326,4.67773516007052,1.427,71.332,99.3439166347193,100.0,92.7079162757946,86.8828564200079,0.2576379,-0.3449915,-0.161332199999999,11.7370179167932,14.7583463021422,21.4,2
Monaco,MCO,288001.433369041,3.117463837096035,5.1895,86.497,158.546615600586,100.0,100.0,100.0,1.7370456,1.2387076,1.3453634,0.0,9.5810695715317,21.15,1
Mongolia,MNG,6750.6301157724,6.1977990165842,5.158,72.3980487804878,96.8181201904352,100.0,86.092655324442,74.2806502878222,-0.3892189,0.4203821,-0.09977,9.09172405879304,29.6547866481682,3.0,2
Montenegro,MNE,13263.3281277699,3.33675009282281,13.206,77.890243902439,93.8724975585938,100.0,99.2801382117873,97.8491274525811,0.3664948,0.3318563,0.1813833,61.4869888475836,17.9824100566499,39.6,2
Morocco,MAR,4153.1943359375,0.985256592004507,9.103,75.493,89.9834863018408,100.0,92.2120267209653,87.7780205460508,0.1763559,-0.4408003,-0.3678036,12.9371068787811,21.3212642117301,10.9,2
Mozambique,MOZ,656.776824637306,4.07856834812022,6.668,63.797,92.65956406180274,36.0,66.6252441342671,38.5900804802051,-0.7157933,-1.7581974,-1.1949508,45.8130349195046,20.0802484321177,76.9,0
Myanmar,MMR,1359.05001560107,3.117463837096035,2.887,67.095,92.65956406180274,76.8,85.6871417640541,74.1835210114319,-1.5583075,-2.0903985,-1.811602,42.4023779245254,32.3150340028667,62.9,0
Namibia,NAM,4413.12752211572,4.23903922877036,19.157,67.516,81.9566828199727,56.7,86.5087378352127,38.7229020528394,0.0993430999999999,0.5467327,0.3278567,7.80511120018463,19.9945355710926,30.0,3
Nauru,NRU,13609.158837552,3.117463837096035,5.1895,62.279,91.5133521769495,100.0,97.8429618988897,71.321135135507,0.0100272,1.1047052,0.2518105,0.0,6.06435493209495,1.9,2
Nepal,NPL,1447.31004458428,4.6850965426577,10.5,70.636,90.3878462155916,94.0,93.6401246842117,86.0259805937649,-0.8845295,-0.414613399999999,-0.303653399999999,41.5907220090687,45.7207706412594,73.7,3
Netherlands,NLD,67520.4218956281,3.34754304219953,3.7,81.9658536585366,137.514724731445,100.0,100.0,97.6566689550594,1.7519974,0.4281196,1.7069218,11.0574428274428,10.8892498470498,12.2,1
New Caledonia,NCL,29213.1923192946,3.117463837096035,10.991,78.921,92.65956406180274,100.0,99.5386729881695,100.0,0.0100272,1.0976197,1.0851316,45.8271334792123,20.0287144500145,9.6,1
New Zealand,NZL,49205.1792146792,2.92279782301957,4.724,82.009756097561,114.231056213379,100.0,100.0,100.0,1.8491848,1.1506563,1.6674536,37.7892841137822,6.48591499675774,28.9,1
Nicaragua,NIC,2847.53966339498,4.62473841057141,4.98,75.1,70.1749572753906,88.3,97.0965711084738,92.9912822357176,-1.0529768,-0.0694255,-1.6197013,25.8229183978727,16.809772538789,50.4,2
Niger,NER,735.270255787226,9.07151997725013,0.376,61.433,19.8664761204349,20.1,53.4274656286176,16.336047650863,-0.7696662,-1.7634214,-0.9457241,0.822957290597616,85.1223455605238,79.6,0
Nigeria,NGA,1084.16041805436,33.2420966545406,3.045,54.635,46.8931503295898,61.2,82.2488935172216,47.9019370619136,-1.0065889,-2.0025617,-1.0069453,23.2078900271199,56.5313287289257,80.3,0
North Macedonia,MKD,9291.85661671864,3.48974086026954,12.265,76.6165853658537,90.0724868774414,100.0,98.1873314046173,98.9975865642367,-0.0323427,0.1558087,-0.224929699999999,39.7101506740682,26.118651401474,19.5,2
Norway,NOR,86785.4334489176,3.14530134431081,4.0,83.1609756097561,116.254272460938,100.0,100.0,98.0470498172276,1.843057,0.9032646,1.9494549,33.5009745518434,6.05589724673443,61.4,1
Oman,OMN,20285.2272897377,0.593589236248469,3.203,80.246,95.1220397949219,100.0,92.6702187093673,99.3209329311967,0.5675096,0.6272361,0.4493583,0.0076226171243941,39.5835768902765,0.1,1
Pakistan,PAK,1478.77277977996,12.6325318530452,5.492,67.799,48.2805022055997,95.6,90.6932992273275,71.8828600416756,-0.6003273,-2.0634311,-1.017096,4.67242631797426,42.9981734249878,41.6,3
Palau,PLW,15610.8231931032,2.23172772921704,5.1895,69.383,95.7270847691247,100.0,99.5322473497037,99.0248681264887,0.0100272,1.2387076,1.1710347,90.5434782608696,7.32770979431049,0.9,2
Panama,PAN,19161.2188501596,0.693225551004538,8.451,79.775,92.65956406180274,97.0,95.2628238815705,89.0540402475148,0.2451472,0.264681,-0.2634275,56.3439727689404,11.4700607490209,28.0,2
Papua New Guinea,PNG,3006.70564478923,0.602403921107917,2.625,66.256,52.0929750873194,20.5,53.298484868619,23.5743391458237,-0.900446699999999,-0.653875,-0.571332899999999,78.9541359360509,17.3105425567239,54.6,0
Paraguay,PRY,6416.09708970845,3.83540271728533,5.686,73.982,79.1305613911018,99.8,99.6035956651355,95.9347586765151,-0.3545101,-0.0738359,-0.5835849,38.5449252640128,10.0891599097852,58.8,2
Peru,PER,8452.37167056621,2.00770739412712,5.199,77.941,108.289047241211,96.2,95.6370823826383,78.7732036574365,-0.2004128,-0.6544223,-0.5057749,56.103020234375,27.0356284968814,30.6,2
Philippines,PHL,3984.8315387656,3.21260487006347,2.202,69.946,85.2945085684493,98.0,95.8592214925506,87.1527398416478,0.1445214,-0.7741477,-0.5739681,24.4600731126539,20.2887417122616,28.0,2
Poland,POL,25103.565661423,3.79060897630197,2.807,78.409756097561,107.881309509277,100.0,90.124463310463,98.9561729534462,0.6734027,0.498655,0.5769112,31.0804192379273,17.9583314936851,15.2,1
Portugal,PRT,29292.242104753,2.41613187791884,6.5,82.3829268292683,120.347076416016,100.0,99.287612173499,99.6591815840337,0.9474847,0.536927,1.0721547,36.154994891142,8.45242266236737,32.3,1
Puerto Rico (US),PRI,39343.7154660139,3.117463837096035,5.639,81.902,81.4824139700154,100.0,100.0,100.0,-0.2552121,0.4382506,0.546037,56.1217587373168,7.18841521712249,2.5,2
Qatar,QAT,76688.6941743178,1.26734310292375,0.13,82.522,99.578857421875,100.0,99.9889721417312,99.936545083788,1.1342702,0.9511752,0.589593,0.0,75.6630329481338,0.0,1
Romania,ROU,20080.2096215595,5.72140574354439,5.4,76.4585365853659,81.6316070556641,100.0,99.9999994247989,90.5413612422841,0.4181246,0.1588848,0.3710995,30.1158292767733,14.8501731264834,23.6,2
Russian Federation,RUS,14889.0185546875,8.43486410496723,2.43,73.4404878048781,92.4840470838527,100.0,96.9002616074642,92.2175878296841,-0.3215539,-0.903284699999999,-1.15651859999999,49.7843605035639,11.2727775886895,3.5,2
Rwanda,RWA,999.65456165547,1.77029240198635,11.331,68.017,48.790277194547,63.9,61.392176021167,81.3307323783745,0.3489076,-0.0436888999999999,0.1002757,11.3092825293879,31.2882654917538,79.9,0
Samoa,WSM,5392.87761915762,2.17245530514377,4.855,71.826,92.65956406180274,100.0,99.4409290344985,97.0991039585403,0.4344899,1.2384523,1.0529651,57.636690647482,12.5518952802963,35.9,2
San Marino,SMR,59879.7173015651,1.24216507945569,5.1895,85.817,60.3746397694525,100.0,99.9999961845643,100.0,0.8976214,1.3727102,1.1578037,16.6666666666667,10.6908983278922,21.15,1
Sao Tome and Principe,STP,3490.56883486557,14.3519273571008,9.057,69.905,92.65956406180274,81.3,77.957445837032,48.6785052753612,-0.718673799999999,0.4890127,-0.3531666,52.125,27.3357522767854,42.5,2
Saudi Arabia,SAU,35121.6628687742,1.68792112375809,3.518,78.982,110.66346516974,100.0,99.0407817713525,97.6074983619299,0.7833016,-0.048171,0.2103549,0.454484134921779,53.1486013629285,0.1,1
Senegal,SEN,1773.21829923448,0.804503298792438,2.788,68.924,44.0673682244069,74.2,88.0435670438381,62.5195952667746,0.2344127,-0.228555999999999,-0.2046739,41.2827091881785,63.7402211262202,35.4,0
Serbia,SRB,13679.2065983557,4.6705297488997,7.24,75.9682926829268,89.8402786254883,100.0,95.39838202106,97.9422983506613,0.1019486,-0.168638999999999,-0.2000778,32.3896349149721,22.5075355689004,27.2,2
Seychelles,SYC,17858.8226383978,0.311726050919668,5.1895,76.2951219512195,70.824577331543,100.0,97.7273290215423,99.7,0.6267672,0.9164443,0.5968987,73.2608695652174,8.49983857722866,1.9,2
Sierra Leone,SLE,806.654650417726,28.6337500014115,3.103,61.964,86.9079513549805,35.5,68.0790238061869,24.9136362418086,-0.9671017,-0.4501536,-0.8385756,34.2988362427265,43.2210935036927,71.6,0
Singapore,SGP,90674.066632628,2.38951123595017,2.737,83.3463414634146,103.082801906213,100.0,100.0,100.0,2.2796267,1.2318778,1.4311756,20.933147632312,13.8691955865476,1.1,1
Slovak Republic,SVK,25992.6748502048,2.75760909424272,5.3,78.3707317073171,93.1929931640625,100.0,99.7860717473563,97.5429596376154,0.6575804,0.6343713,0.5609435,40.05615640599,15.3916194257365,17.9,1
Slovenia,SVN,34301.0318686594,1.96562656432512,3.7,82.2853658536585,107.626876831055,100.0,99.5745942010052,98.3111577508786,1.0893351,0.7209146,0.9786636,61.1748938389332,14.2911527506818,23.4,1
Solomon Islands,SLB,1933.55538435227,4.32183948388033,1.444,70.694,92.65956406180274,81.3,71.6090318452294,34.6490737425976,-0.868619199999999,0.7499116,0.1533565,90.0600214362272,13.9542830081778,50.1,2
"Somalia, Fed. Rep.",SOM,629.538899449007,3.117463837096035,18.949,58.967,3.34785008430481,50.3,75.2947964571377,44.4568438332571,-1.95005229999999,-2.2630781,-2.2054496,9.16528517231485,24.525108218562,95.4,0
South Africa,ZAF,6267.186814093,4.36115246518962,32.279,66.312,104.133480684239,87.7,90.1916801364739,77.384521067613,-0.2259135,-0.6171348,0.017703,13.965072665672,23.753069242361,9.7,3
South Sudan,SSD,8074.625991382481,91.4408220769046,12.374,57.738,122.120628356934,5.4,39.7494391327564,14.4282401482886,-2.1728459,-1.4896464,-1.9725304,11.3256215087114,30.7373478613476,32.4,0
Spain,ESP,35326.7683069278,2.77417826534772,11.4,83.8878048780488,118.537803649902,100.0,99.9247001396709,99.9181189186239,1.110811,-0.002992,0.9317736,37.1925889548355,9.58105460690675,19.0,1
Sri Lanka,LKA,4515.56787322732,-0.42936004906973,4.239,77.672,87.9534065332114,100.0,90.2138440260395,95.3530207374149,-0.2745215,-0.350302399999999,-0.2577461,34.0048496605238,19.9644408635608,48.8,2
St. Kitts and Nevis,KNA,23960.6534357084,3.55711230848243,5.1895,72.281,137.513208876365,100.0,97.0965711084738,92.9912822357176,0.6913852,0.9121334,0.5904494,42.3076923076923,8.5943079884613,1.5,1
St. Lucia,LCA,14181.6303351598,-0.110283575834694,10.199,72.846,87.8672424011515,100.0,98.0956816576068,92.9912822357176,0.2682296,1.0382485,0.5032686,34.0491803278688,23.7585855502375,9.7,2
St. Vincent and the Grenadines,VCT,11501.2265187188,3.62770736940927,18.093,71.382,124.871794871795,100.0,97.0965711084738,92.9912822357176,0.2682296,1.0382485,0.5017878,73.1794871794872,23.9262758481858,5.1,2
Sudan,SDN,984.607666015625,138.80846024176,7.53,66.521,92.65956406180274,66.0,64.8917129502851,65.7085965688426,-1.79393619999999,-2.0243381,-1.7733122,9.55196466809422,45.8349025581217,61.0,0
Suriname,SUR,6961.78955961526,16.2296159130279,7.621,73.757,76.1109237670898,99.6,97.9978493893275,89.9982745800564,-0.454291699999999,0.4782277,-0.2085757,94.44758351333,27.3059698425997,14.5,2
Sweden,SWE,57117.4877440616,2.83581658224034,8.4,84.0634146341463,131.96354675293,100.0,99.7607966673045,98.743188223274,1.7746948,0.6035115,1.7267013,68.7013529108454,5.63670790600148,57.9,1
Switzerland,CHE,103998.186685604,1.06234041976594,4.343,84.4073170731707,101.4287109375,100.0,99.9999967819997,99.8998709349206,1.8402935,0.9806678,1.7636516,32.3827380818297,9.06104968621636,27.7,1
Syrian Arab Republic,SYR,1051.67149587463,3.117463837096035,13.359,72.56,38.736930847168,88.4,94.1259941580026,95.6484324566991,-1.6726478,-2.3680716,-1.813556,2.84310842454937,24.7058382627422,1.1,3
Tajikistan,TJK,1341.20229027672,3.117463837096035,7.041,71.927,86.9035257819264,100.0,89.1914749965589,95.9857039731115,-0.6009336,-0.2756522,-1.18373399999999,3.07514950644859,37.0534062306267,34.9,3
Tanzania,TZA,1186.71691894531,3.05694676312373,1.557,67.212,28.231330871582,48.3,64.6059619473789,37.2193614570345,-0.2924507,-0.3895961,-0.5194228,50.0541883043576,25.081431153535,78.3,0
Thailand,THA,7346.62022142185,1.36580540798037,0.781,76.564,92.507325535959,100.0,100.0,99.3504878190651,0.2536395,-0.6833311,-0.2155096,38.6873886746658,31.0072016277159,19.0,2
Timor-Leste,TLS,1331.9705130185,2.06284153005468,1.523,67.904,84.7410404382553,100.0,87.3296506057336,72.935802279964,-0.898562299999999,0.5260108,-0.6256762,61.6610625420309,17.4104661970888,11.4,2
Togo,TGO,1119.38160509429,2.86262074089801,1.948,62.935,63.4192515229188,59.2,64.7862455498292,25.1681056691569,-0.8014589,-0.8094466,-0.632861,22.0700496414782,51.6661369398223,75.1,0
Tonga,TON,5651.59373063157,3.230563002681,1.965,73.07,92.4258049730721,100.0,98.8583466602623,93.933454352263,-0.0372776,1.254781,0.6942664,12.4305555555556,12.4784129504796,2.3,2
Trinidad and Tobago,TTO,18733.4110406494,0.526884625776839,3.318,73.617,95.6815649255588,98.7,99.2503077495039,94.1780681697959,0.1112932,0.3600136,-0.371533,44.2358674463938,25.6022583642289,0.5,2
Tunisia,TUN,4181.13789301228,7.20661657168794,15.341,76.711,92.65956406180274,100.0,96.7327873288014,98.5373409254893,-0.2393469,-0.9248175,-0.3644942,4.55278063851699,24.1829826735327,11.6,3
Turkiye,TUR,15892.7157287241,58.5064507300342,8.8,77.421,118.411979675293,100.0,95.9866257794699,99.2777016762549,-0.0707153,-0.970710499999999,-0.8434149,29.4795681041539,21.6120469179783,12.0,2
Turkmenistan,TKM,6856.65802730208,3.117463837096035,4.02,70.201,94.6464126735365,100.0,99.9219552580212,99.7354493287639,-1.0591384,0.2455892,-1.4131747,8.78215904496414,19.5997611438189,0.1,2
Tuvalu,TUV,6344.7750188689,3.117463837096035,5.1895,67.259,90.6571654790182,100.0,98.7415397759091,89.674451389507,-0.6909856,1.4687654,1.2213564,33.3333333333333,5.91780105591262,5.2,2
Uganda,UGA,1077.91278452817,3.3233806708656,2.74,68.487,92.65956406180274,51.5,63.0058015721971,23.896386630237,-0.3501362,-1.0222248,-0.738524299999999,11.0419703770197,33.8077192571642,90.9,0
Ukraine,UKR,5389.47314453125,6.50198464669254,9.834,74.692,86.1695022583008,100.0,93.4790922597539,97.7258264478011,-0.5988431,-0.432315,-0.720198999999999,16.7552640662755,14.90010098879,8.9,2
United Arab Emirates,ARE,50273.5060469837,1.66336510224894,2.16,83.069,102.129724902444,100.0,100.0,99.0868783474854,1.2599659,0.7886704,0.4968448,4.46775556181357,36.3055030826594,1.0,1
United Kingdom,GBR,53246.3676145108,3.2715729463592,4.361,81.3868536585366,112.120048522949,100.0,99.9999991412127,99.1026610062551,1.1849099,0.2577085,1.269914,13.2907130161617,9.91288560282114,12.2,1
United States,USA,84534.0407841548,2.94952520485207,4.022,78.890243902439,97.4734878540039,100.0,99.9804443465812,99.6182734760609,1.3599787,-0.0951125,0.9617896,33.8669264120375,7.81485752365112,10.9,1
Uruguay,URY,23906.5133029408,4.84914366613156,8.209,78.287,119.105005958635,100.0,99.6326913879836,99.1507922342621,0.6904799,1.2779376,0.9505638,11.9643469317792,10.5717923259135,57.8,1
Uzbekistan,UZB,3161.70010632875,9.62825465956682,4.439,72.528,96.8399222342106,100.0,97.2904869756033,96.547826032469,-0.1435922,-0.0267335,-0.6562072,8.54914331101781,31.9604294559849,1.0,2
Vanuatu,VUT,3410.77023167097,11.1825017088175,4.988,71.654,134.670675170038,61.6,87.1200605921327,47.8141509828146,-0.8168523,0.960216,0.4215614,36.2838392124692,14.0824115364695,25.0,2
"Venezuela, RB",VEN,4217.59102643391,3.117463837096035,5.321,72.673,97.7908172607422,100.0,93.3316109894304,98.3955859787771,-1.46624969999999,-1.74042419999999,-2.20427409999999,52.2338793719177,15.2565796212874,33.7,2
Viet Nam,VNM,4717.29028732449,3.62109273885843,1.602,74.736,93.4123434096522,99.8,98.761246653694,95.447026934425,-0.0922968,0.0056736,-0.3139343,47.4454820708996,20.8010641731194,24.2,2
Virgin Islands (U.S.),VIR,44320.909185774,3.117463837096035,11.423,80.7707317073171,92.65956406180274,100.0,99.4656802967685,99.2588820364163,0.3747914,0.9711697,0.5793123,58.1714285714286,8.63342756669479,5.9,1
West Bank and Gaza,PSE,2592.30591217647,53.6691458303782,24.42,69.213,89.1210984011759,100.0,98.7717073984261,99.3950169288026,-1.0985907,-1.8763518,-0.989397099999999,1.68298755186722,26.3636264444046,15.4,3
"Yemen, Rep.",YEM,8074.625991382481,3.117463837096035,16.97,69.439,92.65956406180274,83.6,75.0357620960457,63.0827307655577,-1.87279819999999,-2.7505641,-1.90158959999999,1.03983180862549,34.8323598356099,3.7,3
Zambia,ZMB,1187.10943350064,14.9856262747939,5.898,66.528,56.7889289855957,51.1,73.4120376414689,37.4763362189112,-0.5330555,-0.1007849,-0.5611771,59.523784150984,24.3085919008655,83.0,0
Zimbabwe,ZWE,2497.20332208763,104.705170628667,9.435,63.064,92.65956406180274,62.0,67.2110209689938,34.6414985324477,-0.9876299,-1.0172382,-1.2109412,44.7366421093447,19.4941796611344,82.4,0
